/*
 Navicat Premium Data Transfer

 Source Server         : 本地-MYSQL
 Source Server Type    : MySQL
 Source Server Version : 50730
 Source Host           : localhost:3306
 Source Schema         : online_education

 Target Server Type    : MySQL
 Target Server Version : 50730
 File Encoding         : 65001

 Date: 23/11/2020 17:56:49
*/

SET NAMES utf8mb4;
SET FOREIGN_KEY_CHECKS = 0;

-- ----------------------------
-- Table structure for acl_permission
-- ----------------------------
DROP TABLE IF EXISTS `acl_permission`;
CREATE TABLE `acl_permission`  (
  `id` char(19) CHARACTER SET utf8mb4 COLLATE utf8mb4_general_ci NOT NULL DEFAULT '' COMMENT '编号',
  `pid` char(19) CHARACTER SET utf8mb4 COLLATE utf8mb4_general_ci NOT NULL DEFAULT '' COMMENT '所属上级',
  `name` varchar(20) CHARACTER SET utf8mb4 COLLATE utf8mb4_general_ci NOT NULL DEFAULT '' COMMENT '名称',
  `type` tinyint(3) NOT NULL DEFAULT 0 COMMENT '类型(1:菜单,2:按钮)',
  `permission_value` varchar(50) CHARACTER SET utf8mb4 COLLATE utf8mb4_general_ci NULL DEFAULT NULL COMMENT '权限值',
  `path` varchar(100) CHARACTER SET utf8mb4 COLLATE utf8mb4_general_ci NULL DEFAULT NULL COMMENT '访问路径',
  `component` varchar(100) CHARACTER SET utf8mb4 COLLATE utf8mb4_general_ci NULL DEFAULT NULL COMMENT '组件路径',
  `icon` varchar(50) CHARACTER SET utf8mb4 COLLATE utf8mb4_general_ci NULL DEFAULT NULL COMMENT '图标',
  `status` tinyint(4) NULL DEFAULT NULL COMMENT '状态(0:禁止,1:正常)',
  `is_deleted` tinyint(1) UNSIGNED NOT NULL DEFAULT 0 COMMENT '逻辑删除 1（true）已删除， 0（false）未删除',
  `gmt_create` datetime(0) NULL DEFAULT NULL COMMENT '创建时间',
  `gmt_modified` datetime(0) NULL DEFAULT NULL COMMENT '更新时间',
  PRIMARY KEY (`id`) USING BTREE,
  INDEX `idx_pid`(`pid`) USING BTREE
) ENGINE = InnoDB CHARACTER SET = utf8mb4 COLLATE = utf8mb4_general_ci COMMENT = '权限' ROW_FORMAT = Dynamic;

-- ----------------------------
-- Records of acl_permission
-- ----------------------------
INSERT INTO `acl_permission` VALUES ('1', '0', '全部数据', 0, NULL, NULL, NULL, NULL, NULL, 0, '2019-11-15 17:13:06', '2019-11-15 17:13:06');
INSERT INTO `acl_permission` VALUES ('1195268474480156673', '1', '权限管理', 1, NULL, '/acl', 'Layout', 'example', NULL, 0, '2019-11-15 17:13:06', '2019-11-18 13:54:25');
INSERT INTO `acl_permission` VALUES ('1195268616021139457', '1195268474480156673', '用户管理', 1, NULL, 'user/list', '/acl/user/list', '', NULL, 0, '2019-11-15 17:13:40', '2019-11-18 13:53:12');
INSERT INTO `acl_permission` VALUES ('1195268788138598401', '1195268474480156673', '角色管理', 1, NULL, 'role/list', '/acl/role/list', NULL, NULL, 0, '2019-11-15 17:14:21', '2019-11-15 17:14:21');
INSERT INTO `acl_permission` VALUES ('1195268893830864898', '1195268474480156673', '菜单管理', 1, NULL, 'menu/list', '/acl/menu/list', NULL, NULL, 0, '2019-11-15 17:14:46', '2019-11-15 17:14:46');
INSERT INTO `acl_permission` VALUES ('1195269143060602882', '1195268616021139457', '查看', 2, 'user.list', '', '', NULL, NULL, 0, '2019-11-15 17:15:45', '2019-11-17 21:57:16');
INSERT INTO `acl_permission` VALUES ('1195269295926206466', '1195268616021139457', '添加', 2, 'user.add', 'user/add', '/acl/user/form', NULL, NULL, 0, '2019-11-15 17:16:22', '2019-11-15 17:16:22');
INSERT INTO `acl_permission` VALUES ('1195269473479483394', '1195268616021139457', '修改', 2, 'user.update', 'user/update/:id', '/acl/user/form', NULL, NULL, 0, '2019-11-15 17:17:04', '2019-11-15 17:17:04');
INSERT INTO `acl_permission` VALUES ('1195269547269873666', '1195268616021139457', '删除', 2, 'user.remove', '', '', NULL, NULL, 0, '2019-11-15 17:17:22', '2019-11-15 17:17:22');
INSERT INTO `acl_permission` VALUES ('1195269821262782465', '1195268788138598401', '修改', 2, 'role.update', 'role/update/:id', '/acl/role/form', NULL, NULL, 0, '2019-11-15 17:18:27', '2019-11-15 17:19:53');
INSERT INTO `acl_permission` VALUES ('1195269903542444034', '1195268788138598401', '查看', 2, 'role.list', '', '', NULL, NULL, 0, '2019-11-15 17:18:47', '2019-11-15 17:18:47');
INSERT INTO `acl_permission` VALUES ('1195270037005197313', '1195268788138598401', '添加', 2, 'role.add', 'role/add', '/acl/role/form', NULL, NULL, 0, '2019-11-15 17:19:19', '2019-11-18 11:05:42');
INSERT INTO `acl_permission` VALUES ('1195270442602782721', '1195268788138598401', '删除', 2, 'role.remove', '', '', NULL, NULL, 0, '2019-11-15 17:20:55', '2019-11-15 17:20:55');
INSERT INTO `acl_permission` VALUES ('1195270621548568578', '1195268788138598401', '角色权限', 2, 'role.acl', 'role/distribution/:id', '/acl/role/roleForm', NULL, NULL, 0, '2019-11-15 17:21:38', '2019-11-15 17:21:38');
INSERT INTO `acl_permission` VALUES ('1195270744097742849', '1195268893830864898', '查看', 2, 'permission.list', '', '', NULL, NULL, 0, '2019-11-15 17:22:07', '2019-11-15 17:22:07');
INSERT INTO `acl_permission` VALUES ('1195270810560684034', '1195268893830864898', '添加', 2, 'permission.add', '', '', NULL, NULL, 0, '2019-11-15 17:22:23', '2019-11-15 17:22:23');
INSERT INTO `acl_permission` VALUES ('1195270862100291586', '1195268893830864898', '修改', 2, 'permission.update', '', '', NULL, NULL, 0, '2019-11-15 17:22:35', '2019-11-15 17:22:35');
INSERT INTO `acl_permission` VALUES ('1195270887933009922', '1195268893830864898', '删除', 2, 'permission.remove', '', '', NULL, NULL, 0, '2019-11-15 17:22:41', '2019-11-15 17:22:41');
INSERT INTO `acl_permission` VALUES ('1195349439240048642', '1', '讲师管理', 1, NULL, '/teacher', 'Layout', 'link', NULL, 0, '2019-11-15 22:34:49', '2019-11-15 22:34:49');
INSERT INTO `acl_permission` VALUES ('1195349810561781760', '1195349439240048642', '讲师列表', 1, NULL, 'list', '/edu/teacher/list', NULL, NULL, 0, '2019-11-15 22:35:52', '2019-11-15 22:35:52');
INSERT INTO `acl_permission` VALUES ('1195349810561781761', '1195349439240048642', '添加讲师', 1, NULL, 'save', '/edu/teacher/save', NULL, NULL, 0, '2019-11-15 22:36:18', '2019-11-15 22:36:18');
INSERT INTO `acl_permission` VALUES ('1195349876252971010', '1195349810561781761', '添加', 2, 'teacher.add', '', '', NULL, NULL, 0, '2019-11-15 22:36:34', '2019-11-15 22:36:34');
INSERT INTO `acl_permission` VALUES ('1195349979797753857', '1195349810561781760', '查看', 2, 'teacher.list', '', '', NULL, NULL, 0, '2019-11-15 22:36:58', '2019-11-15 22:36:58');
INSERT INTO `acl_permission` VALUES ('1195350117270261762', '1195349810561781760', '修改', 2, 'teacher.update', 'edit/:id', '/edu/teacher/save', NULL, NULL, 0, '2019-11-15 22:37:31', '2019-11-15 22:37:31');
INSERT INTO `acl_permission` VALUES ('1195350188359520258', '1195349699995734017', '删除', 2, 'teacher.remove', '', '', NULL, NULL, 0, '2019-11-15 22:37:48', '2019-11-15 22:37:48');
INSERT INTO `acl_permission` VALUES ('1195350299365969922', '1', '课程分类', 1, NULL, '/subject', 'Layout', 'form', NULL, 0, '2019-11-15 22:38:15', '2019-11-15 22:38:15');
INSERT INTO `acl_permission` VALUES ('1195350397751758850', '1195350299365969922', '课程分类列表', 1, NULL, 'list', '/edu/subject/list', NULL, NULL, 0, '2019-11-15 22:38:38', '2019-11-15 22:38:38');
INSERT INTO `acl_permission` VALUES ('1195350500512206850', '1195350299365969922', '导入课程分类', 1, NULL, 'save', '/edu/subject/save', NULL, NULL, 0, '2019-11-15 22:39:03', '2019-11-15 22:39:03');
INSERT INTO `acl_permission` VALUES ('1195350612172967938', '1195350397751758850', '查看', 2, 'subject.list', '', '', NULL, NULL, 0, '2019-11-15 22:39:29', '2019-11-15 22:39:29');
INSERT INTO `acl_permission` VALUES ('1195350687590748161', '1195350500512206850', '导入', 2, 'subject.import', '', '', NULL, NULL, 0, '2019-11-15 22:39:47', '2019-11-15 22:39:47');
INSERT INTO `acl_permission` VALUES ('1195350831744782337', '1', '课程管理', 1, NULL, '/course', 'Layout', 'nested', NULL, 0, '2019-11-15 22:40:21', '2019-11-15 22:40:21');
INSERT INTO `acl_permission` VALUES ('1195350919074385921', '1195350831744782337', '课程列表', 1, NULL, 'list', '/edu/course/list', NULL, NULL, 0, '2019-11-15 22:40:42', '2019-11-15 22:40:42');
INSERT INTO `acl_permission` VALUES ('1195351020463296513', '1195350831744782337', '发布课程', 1, NULL, 'info', '/edu/course/info', NULL, NULL, 0, '2019-11-15 22:41:06', '2019-11-15 22:41:06');
INSERT INTO `acl_permission` VALUES ('1195351159672246274', '1195350919074385921', '完成发布', 2, 'course.publish', 'publish/:id', '/edu/course/publish', NULL, NULL, 0, '2019-11-15 22:41:40', '2019-11-15 22:44:01');
INSERT INTO `acl_permission` VALUES ('1195351326706208770', '1195350919074385921', '编辑课程', 2, 'course.update', 'info/:id', '/edu/course/info', NULL, NULL, 0, '2019-11-15 22:42:19', '2019-11-15 22:42:19');
INSERT INTO `acl_permission` VALUES ('1195351566221938690', '1195350919074385921', '编辑课程大纲', 2, 'chapter.update', 'chapter/:id', '/edu/course/chapter', NULL, NULL, 0, '2019-11-15 22:43:17', '2019-11-15 22:43:17');
INSERT INTO `acl_permission` VALUES ('1195351862889254913', '1', '统计分析', 1, NULL, '/statistics/daily', 'Layout', 'password', NULL, 0, '2019-11-15 22:44:27', '2019-11-15 22:44:27');
INSERT INTO `acl_permission` VALUES ('1195351968841568257', '1195351862889254913', '生成统计', 1, NULL, 'create', '/statistics/daily/create', NULL, NULL, 0, '2019-11-15 22:44:53', '2019-11-15 22:44:53');
INSERT INTO `acl_permission` VALUES ('1195352054917074946', '1195351862889254913', '统计图表', 1, NULL, 'show', '/statistics/daily/show', NULL, NULL, 0, '2019-11-15 22:45:13', '2019-11-15 22:45:13');
INSERT INTO `acl_permission` VALUES ('1195352127734386690', '1195352054917074946', '查看', 2, 'daily.list', '', '', NULL, NULL, 0, '2019-11-15 22:45:30', '2019-11-15 22:45:30');
INSERT INTO `acl_permission` VALUES ('1195352215768633346', '1195351968841568257', '生成', 2, 'daily.add', '', '', NULL, NULL, 0, '2019-11-15 22:45:51', '2019-11-15 22:45:51');
INSERT INTO `acl_permission` VALUES ('1195352547621965825', '1', 'CMS管理', 1, NULL, '/cms', 'Layout', 'tree', NULL, 0, '2019-11-15 22:47:11', '2019-11-18 10:51:46');
INSERT INTO `acl_permission` VALUES ('1195352856645701633', '1195353513549205505', '查看', 2, 'banner.list', '', NULL, NULL, NULL, 0, '2019-11-15 22:48:24', '2019-11-15 22:48:24');
INSERT INTO `acl_permission` VALUES ('1195352909401657346', '1195353513549205505', '添加', 2, 'banner.add', '', '', NULL, NULL, 0, '2019-11-15 22:48:37', '2019-11-18 10:52:10');
INSERT INTO `acl_permission` VALUES ('1195353051395624961', '1195353513549205505', '修改', 2, 'banner.update', 'banner/update/:id', '/cms/banner/save', NULL, NULL, 0, '2019-11-15 22:49:11', '2019-11-18 10:52:05');
INSERT INTO `acl_permission` VALUES ('1195353513549205505', '1195352547621965825', '轮播图列表', 1, NULL, 'banner/list', '/cms/banner/list', NULL, NULL, 0, '2019-11-15 22:51:01', '2019-11-18 10:51:29');
INSERT INTO `acl_permission` VALUES ('1195353513549205506', '1195352547621965825', '轮播图添加', 1, NULL, 'banner/save', '/cms/banner/save', NULL, NULL, 0, NULL, NULL);
INSERT INTO `acl_permission` VALUES ('1195353672110673921', '1195353513549205505', '删除', 2, 'banner.remove', '', '', NULL, NULL, 0, '2019-11-15 22:51:39', '2019-11-15 22:51:39');
INSERT INTO `acl_permission` VALUES ('1195354076890370050', '1', '订单管理', 1, NULL, '/order', 'Layout', 'user', NULL, 0, '2019-11-15 22:53:15', '2019-11-15 22:53:15');
INSERT INTO `acl_permission` VALUES ('1195354153482555393', '1195354076890370050', '订单列表', 1, NULL, 'list', '/order/list', NULL, NULL, 0, '2019-11-15 22:53:33', '2019-11-15 22:53:58');
INSERT INTO `acl_permission` VALUES ('1195354315093282817', '1195354153482555393', '查看', 2, 'order.list', '', '', NULL, NULL, 0, '2019-11-15 22:54:12', '2019-11-15 22:54:12');
INSERT INTO `acl_permission` VALUES ('1196301740985311234', '1195268616021139457', '分配角色', 2, 'user.assgin', 'user/role/:id', '/acl/user/roleForm', NULL, NULL, 0, '2019-11-18 13:38:56', '2019-11-18 13:38:56');
INSERT INTO `acl_permission` VALUES ('1298467594067537922', '1', '评论管理', 1, NULL, '/comment', 'Layout', 'table', NULL, 0, '2020-08-26 11:49:33', '2020-08-26 11:49:33');
INSERT INTO `acl_permission` VALUES ('1299542983064612651', '1298467594067537922', '评论列表', 1, '', 'list', '/comment/list', NULL, NULL, 0, '2020-08-26 11:50:43', '2020-08-26 11:50:43');
INSERT INTO `acl_permission` VALUES ('1319881586069544962', '1298467594067537922', '评论编辑', 1, NULL, 'edit/:id', '/comment/edit', NULL, NULL, 0, '2020-10-24 14:01:07', '2020-10-24 14:01:07');
INSERT INTO `acl_permission` VALUES ('1319882374279929857', '1', '文章管理', 1, NULL, '/article', 'Layout', 'eye', NULL, 0, '2020-10-24 14:04:15', '2020-10-24 14:04:15');
INSERT INTO `acl_permission` VALUES ('1319884265906839553', '1319882374279929857', '类别列表', 1, NULL, 'list', '/article/list', NULL, NULL, 0, '2020-10-24 14:11:46', '2020-10-24 15:07:49');
INSERT INTO `acl_permission` VALUES ('1319899325731512321', '1319882374279929857', '新增类别', 1, 'article.add', 'save/:id', '/article/save', NULL, NULL, 0, '2020-10-24 15:11:36', '2020-10-24 15:11:36');

-- ----------------------------
-- Table structure for acl_role
-- ----------------------------
DROP TABLE IF EXISTS `acl_role`;
CREATE TABLE `acl_role`  (
  `id` char(19) CHARACTER SET utf8 COLLATE utf8_general_ci NOT NULL DEFAULT '' COMMENT '角色id',
  `role_name` varchar(20) CHARACTER SET utf8 COLLATE utf8_general_ci NOT NULL DEFAULT '' COMMENT '角色名称',
  `role_code` varchar(20) CHARACTER SET utf8 COLLATE utf8_general_ci NULL DEFAULT NULL COMMENT '角色编码',
  `remark` varchar(255) CHARACTER SET utf8 COLLATE utf8_general_ci NULL DEFAULT NULL COMMENT '备注',
  `is_deleted` tinyint(1) UNSIGNED NOT NULL DEFAULT 0 COMMENT '逻辑删除 1（true）已删除， 0（false）未删除',
  `gmt_create` datetime(0) NOT NULL COMMENT '创建时间',
  `gmt_modified` datetime(0) NOT NULL COMMENT '更新时间',
  PRIMARY KEY (`id`) USING BTREE
) ENGINE = InnoDB CHARACTER SET = utf8 COLLATE = utf8_general_ci ROW_FORMAT = Dynamic;

-- ----------------------------
-- Records of acl_role
-- ----------------------------
INSERT INTO `acl_role` VALUES ('1', '普通管理员', NULL, NULL, 0, '2019-11-11 13:09:32', '2019-11-18 10:27:18');
INSERT INTO `acl_role` VALUES ('1193757683205607426', '课程管理员', NULL, NULL, 0, '2019-11-11 13:09:45', '2019-11-18 10:25:44');
INSERT INTO `acl_role` VALUES ('1196300996034977794', 'test', NULL, NULL, 0, '2019-11-18 13:35:58', '2019-11-18 13:35:58');

-- ----------------------------
-- Table structure for acl_role_permission
-- ----------------------------
DROP TABLE IF EXISTS `acl_role_permission`;
CREATE TABLE `acl_role_permission`  (
  `id` char(19) CHARACTER SET utf8 COLLATE utf8_general_ci NOT NULL DEFAULT '',
  `role_id` char(19) CHARACTER SET utf8 COLLATE utf8_general_ci NOT NULL DEFAULT '',
  `permission_id` char(19) CHARACTER SET utf8 COLLATE utf8_general_ci NOT NULL DEFAULT '',
  `is_deleted` tinyint(1) UNSIGNED NOT NULL DEFAULT 0 COMMENT '逻辑删除 1（true）已删除， 0（false）未删除',
  `gmt_create` datetime(0) NOT NULL COMMENT '创建时间',
  `gmt_modified` datetime(0) NOT NULL COMMENT '更新时间',
  PRIMARY KEY (`id`) USING BTREE,
  INDEX `idx_role_id`(`role_id`) USING BTREE,
  INDEX `idx_permission_id`(`permission_id`) USING BTREE
) ENGINE = InnoDB CHARACTER SET = utf8 COLLATE = utf8_general_ci COMMENT = '角色权限' ROW_FORMAT = Dynamic;

-- ----------------------------
-- Records of acl_role_permission
-- ----------------------------
INSERT INTO `acl_role_permission` VALUES ('1196301979754455041', '1', '1', 1, '2019-11-18 13:39:53', '2019-11-18 13:39:53');
INSERT INTO `acl_role_permission` VALUES ('1196301979792203778', '1', '1195268474480156673', 1, '2019-11-18 13:39:53', '2019-11-18 13:39:53');
INSERT INTO `acl_role_permission` VALUES ('1196301979821563906', '1', '1195268616021139457', 1, '2019-11-18 13:39:53', '2019-11-18 13:39:53');
INSERT INTO `acl_role_permission` VALUES ('1196301979842535426', '1', '1195269143060602882', 1, '2019-11-18 13:39:53', '2019-11-18 13:39:53');
INSERT INTO `acl_role_permission` VALUES ('1196301979855118338', '1', '1195269295926206466', 1, '2019-11-18 13:39:53', '2019-11-18 13:39:53');
INSERT INTO `acl_role_permission` VALUES ('1196301979880284161', '1', '1195269473479483394', 1, '2019-11-18 13:39:53', '2019-11-18 13:39:53');
INSERT INTO `acl_role_permission` VALUES ('1196301979913838593', '1', '1195269547269873666', 1, '2019-11-18 13:39:53', '2019-11-18 13:39:53');
INSERT INTO `acl_role_permission` VALUES ('1196301979926421506', '1', '1196301740985311234', 1, '2019-11-18 13:39:53', '2019-11-18 13:39:53');
INSERT INTO `acl_role_permission` VALUES ('1196301979951587330', '1', '1195268788138598401', 1, '2019-11-18 13:39:53', '2019-11-18 13:39:53');
INSERT INTO `acl_role_permission` VALUES ('1196301980014501889', '1', '1195269821262782465', 1, '2019-11-18 13:39:53', '2019-11-18 13:39:53');
INSERT INTO `acl_role_permission` VALUES ('1196301980035473410', '1', '1195269903542444034', 1, '2019-11-18 13:39:53', '2019-11-18 13:39:53');
INSERT INTO `acl_role_permission` VALUES ('1196301980052250626', '1', '1195270037005197313', 1, '2019-11-18 13:39:53', '2019-11-18 13:39:53');
INSERT INTO `acl_role_permission` VALUES ('1196301980077416450', '1', '1195270442602782721', 1, '2019-11-18 13:39:53', '2019-11-18 13:39:53');
INSERT INTO `acl_role_permission` VALUES ('1196301980094193665', '1', '1195270621548568578', 1, '2019-11-18 13:39:53', '2019-11-18 13:39:53');
INSERT INTO `acl_role_permission` VALUES ('1196301980119359489', '1', '1195268893830864898', 1, '2019-11-18 13:39:53', '2019-11-18 13:39:53');
INSERT INTO `acl_role_permission` VALUES ('1196301980136136706', '1', '1195270744097742849', 1, '2019-11-18 13:39:53', '2019-11-18 13:39:53');
INSERT INTO `acl_role_permission` VALUES ('1196301980249382913', '1', '1195270810560684034', 1, '2019-11-18 13:39:53', '2019-11-18 13:39:53');
INSERT INTO `acl_role_permission` VALUES ('1196301980270354434', '1', '1195270862100291586', 1, '2019-11-18 13:39:53', '2019-11-18 13:39:53');
INSERT INTO `acl_role_permission` VALUES ('1196301980287131649', '1', '1195270887933009922', 1, '2019-11-18 13:39:53', '2019-11-18 13:39:53');
INSERT INTO `acl_role_permission` VALUES ('1196301980303908866', '1', '1195349439240048642', 1, '2019-11-18 13:39:53', '2019-11-18 13:39:53');
INSERT INTO `acl_role_permission` VALUES ('1196301980320686082', '1', '1195349699995734017', 1, '2019-11-18 13:39:53', '2019-11-18 13:39:53');
INSERT INTO `acl_role_permission` VALUES ('1196301980345851905', '1', '1195349979797753857', 1, '2019-11-18 13:39:53', '2019-11-18 13:39:53');
INSERT INTO `acl_role_permission` VALUES ('1196301980362629121', '1', '1195350117270261762', 1, '2019-11-18 13:39:53', '2019-11-18 13:39:53');
INSERT INTO `acl_role_permission` VALUES ('1196301980383600641', '1', '1195350188359520258', 1, '2019-11-18 13:39:53', '2019-11-18 13:39:53');
INSERT INTO `acl_role_permission` VALUES ('1196301980408766465', '1', '1195349810561781761', 1, '2019-11-18 13:39:53', '2019-11-18 13:39:53');
INSERT INTO `acl_role_permission` VALUES ('1196301980421349378', '1', '1195349876252971010', 1, '2019-11-18 13:39:53', '2019-11-18 13:39:53');
INSERT INTO `acl_role_permission` VALUES ('1196301980438126593', '1', '1195350299365969922', 1, '2019-11-18 13:39:53', '2019-11-18 13:39:53');
INSERT INTO `acl_role_permission` VALUES ('1196301980450709506', '1', '1195350397751758850', 1, '2019-11-18 13:39:53', '2019-11-18 13:39:53');
INSERT INTO `acl_role_permission` VALUES ('1196301980501041153', '1', '1195350612172967938', 1, '2019-11-18 13:39:53', '2019-11-18 13:39:53');
INSERT INTO `acl_role_permission` VALUES ('1196301980517818370', '1', '1195350500512206850', 1, '2019-11-18 13:39:53', '2019-11-18 13:39:53');
INSERT INTO `acl_role_permission` VALUES ('1196301980538789889', '1', '1195350687590748161', 1, '2019-11-18 13:39:53', '2019-11-18 13:39:53');
INSERT INTO `acl_role_permission` VALUES ('1196301980622675970', '1', '1195350831744782337', 1, '2019-11-18 13:39:53', '2019-11-18 13:39:53');
INSERT INTO `acl_role_permission` VALUES ('1196301980639453186', '1', '1195350919074385921', 1, '2019-11-18 13:39:53', '2019-11-18 13:39:53');
INSERT INTO `acl_role_permission` VALUES ('1196301980660424705', '1', '1195351159672246274', 1, '2019-11-18 13:39:53', '2019-11-18 13:39:53');
INSERT INTO `acl_role_permission` VALUES ('1196301980677201922', '1', '1195351326706208770', 1, '2019-11-18 13:39:53', '2019-11-18 13:39:53');
INSERT INTO `acl_role_permission` VALUES ('1196301980698173441', '1', '1195351566221938690', 1, '2019-11-18 13:39:53', '2019-11-18 13:39:53');
INSERT INTO `acl_role_permission` VALUES ('1196301980714950658', '1', '1195351020463296513', 1, '2019-11-18 13:39:53', '2019-11-18 13:39:53');
INSERT INTO `acl_role_permission` VALUES ('1196301980723339266', '1', '1195351862889254913', 1, '2019-11-18 13:39:53', '2019-11-18 13:39:53');
INSERT INTO `acl_role_permission` VALUES ('1196301980744310786', '1', '1195351968841568257', 1, '2019-11-18 13:39:53', '2019-11-18 13:39:53');
INSERT INTO `acl_role_permission` VALUES ('1196301980761088001', '1', '1195352215768633346', 1, '2019-11-18 13:39:53', '2019-11-18 13:39:53');
INSERT INTO `acl_role_permission` VALUES ('1196301980777865217', '1', '1195352054917074946', 1, '2019-11-18 13:39:53', '2019-11-18 13:39:53');
INSERT INTO `acl_role_permission` VALUES ('1196301980794642434', '1', '1195352127734386690', 1, '2019-11-18 13:39:53', '2019-11-18 13:39:53');
INSERT INTO `acl_role_permission` VALUES ('1196301980811419650', '1', '1195352547621965825', 1, '2019-11-18 13:39:53', '2019-11-18 13:39:53');
INSERT INTO `acl_role_permission` VALUES ('1196301980828196865', '1', '1195353513549205505', 1, '2019-11-18 13:39:53', '2019-11-18 13:39:53');
INSERT INTO `acl_role_permission` VALUES ('1196301980844974082', '1', '1195352856645701633', 1, '2019-11-18 13:39:53', '2019-11-18 13:39:53');
INSERT INTO `acl_role_permission` VALUES ('1196301980861751298', '1', '1195352909401657346', 1, '2019-11-18 13:39:53', '2019-11-18 13:39:53');
INSERT INTO `acl_role_permission` VALUES ('1196301980886917122', '1', '1195353051395624961', 1, '2019-11-18 13:39:53', '2019-11-18 13:39:53');
INSERT INTO `acl_role_permission` VALUES ('1196301980928860162', '1', '1195353672110673921', 1, '2019-11-18 13:39:53', '2019-11-18 13:39:53');
INSERT INTO `acl_role_permission` VALUES ('1196301980954025986', '1', '1195354076890370050', 1, '2019-11-18 13:39:53', '2019-11-18 13:39:53');
INSERT INTO `acl_role_permission` VALUES ('1196301980970803201', '1', '1195354153482555393', 1, '2019-11-18 13:39:53', '2019-11-18 13:39:53');
INSERT INTO `acl_role_permission` VALUES ('1196301980987580418', '1', '1195354315093282817', 1, '2019-11-18 13:39:53', '2019-11-18 13:39:53');
INSERT INTO `acl_role_permission` VALUES ('1196305293070077953', '1', '1', 1, '2019-11-18 13:53:03', '2019-11-18 13:53:03');
INSERT INTO `acl_role_permission` VALUES ('1196305293099438081', '1', '1195268474480156673', 1, '2019-11-18 13:53:03', '2019-11-18 13:53:03');
INSERT INTO `acl_role_permission` VALUES ('1196305293120409602', '1', '1195268616021139457', 1, '2019-11-18 13:53:03', '2019-11-18 13:53:03');
INSERT INTO `acl_role_permission` VALUES ('1196305293153964034', '1', '1195269143060602882', 1, '2019-11-18 13:53:03', '2019-11-18 13:53:03');
INSERT INTO `acl_role_permission` VALUES ('1196305293183324162', '1', '1195269295926206466', 1, '2019-11-18 13:53:03', '2019-11-18 13:53:03');
INSERT INTO `acl_role_permission` VALUES ('1196305293212684290', '1', '1195269473479483394', 1, '2019-11-18 13:53:03', '2019-11-18 13:53:03');
INSERT INTO `acl_role_permission` VALUES ('1196305293237850114', '1', '1195269547269873666', 1, '2019-11-18 13:53:03', '2019-11-18 13:53:03');
INSERT INTO `acl_role_permission` VALUES ('1196305293271404545', '1', '1196301740985311234', 1, '2019-11-18 13:53:03', '2019-11-18 13:53:03');
INSERT INTO `acl_role_permission` VALUES ('1196305293485314049', '1', '1195268788138598401', 1, '2019-11-18 13:53:03', '2019-11-18 13:53:03');
INSERT INTO `acl_role_permission` VALUES ('1196305293506285569', '1', '1195269821262782465', 1, '2019-11-18 13:53:03', '2019-11-18 13:53:03');
INSERT INTO `acl_role_permission` VALUES ('1196305293527257089', '1', '1195269903542444034', 1, '2019-11-18 13:53:03', '2019-11-18 13:53:03');
INSERT INTO `acl_role_permission` VALUES ('1196305293552422914', '1', '1195270037005197313', 1, '2019-11-18 13:53:03', '2019-11-18 13:53:03');
INSERT INTO `acl_role_permission` VALUES ('1196305293565005825', '1', '1195270442602782721', 1, '2019-11-18 13:53:03', '2019-11-18 13:53:03');
INSERT INTO `acl_role_permission` VALUES ('1196305293594365954', '1', '1195270621548568578', 1, '2019-11-18 13:53:03', '2019-11-18 13:53:03');
INSERT INTO `acl_role_permission` VALUES ('1196305293611143169', '1', '1195268893830864898', 1, '2019-11-18 13:53:03', '2019-11-18 13:53:03');
INSERT INTO `acl_role_permission` VALUES ('1196305293627920385', '1', '1195270744097742849', 1, '2019-11-18 13:53:03', '2019-11-18 13:53:03');
INSERT INTO `acl_role_permission` VALUES ('1196305293657280513', '1', '1195349439240048642', 1, '2019-11-18 13:53:03', '2019-11-18 13:53:03');
INSERT INTO `acl_role_permission` VALUES ('1196305293674057729', '1', '1195349699995734017', 1, '2019-11-18 13:53:03', '2019-11-18 13:53:03');
INSERT INTO `acl_role_permission` VALUES ('1196305293690834946', '1', '1195349979797753857', 1, '2019-11-18 13:53:03', '2019-11-18 13:53:03');
INSERT INTO `acl_role_permission` VALUES ('1196305293716000770', '1', '1195350117270261762', 1, '2019-11-18 13:53:03', '2019-11-18 13:53:03');
INSERT INTO `acl_role_permission` VALUES ('1196305293736972290', '1', '1195350188359520258', 1, '2019-11-18 13:53:03', '2019-11-18 13:53:03');
INSERT INTO `acl_role_permission` VALUES ('1196305293749555202', '1', '1195349810561781761', 1, '2019-11-18 13:53:03', '2019-11-18 13:53:03');
INSERT INTO `acl_role_permission` VALUES ('1196305293766332417', '1', '1195349876252971010', 1, '2019-11-18 13:53:03', '2019-11-18 13:53:03');
INSERT INTO `acl_role_permission` VALUES ('1196305293795692546', '1', '1195350299365969922', 1, '2019-11-18 13:53:03', '2019-11-18 13:53:03');
INSERT INTO `acl_role_permission` VALUES ('1196305293812469762', '1', '1195350397751758850', 1, '2019-11-18 13:53:03', '2019-11-18 13:53:03');
INSERT INTO `acl_role_permission` VALUES ('1196305293837635586', '1', '1195350612172967938', 1, '2019-11-18 13:53:03', '2019-11-18 13:53:03');
INSERT INTO `acl_role_permission` VALUES ('1196305293858607106', '1', '1195350500512206850', 1, '2019-11-18 13:53:03', '2019-11-18 13:53:03');
INSERT INTO `acl_role_permission` VALUES ('1196305293875384322', '1', '1195350687590748161', 1, '2019-11-18 13:53:03', '2019-11-18 13:53:03');
INSERT INTO `acl_role_permission` VALUES ('1196305293892161538', '1', '1195350831744782337', 1, '2019-11-18 13:53:03', '2019-11-18 13:53:03');
INSERT INTO `acl_role_permission` VALUES ('1196305293950881794', '1', '1195350919074385921', 1, '2019-11-18 13:53:03', '2019-11-18 13:53:03');
INSERT INTO `acl_role_permission` VALUES ('1196305293976047617', '1', '1195351159672246274', 1, '2019-11-18 13:53:03', '2019-11-18 13:53:03');
INSERT INTO `acl_role_permission` VALUES ('1196305294127042561', '1', '1195351326706208770', 1, '2019-11-18 13:53:03', '2019-11-18 13:53:03');
INSERT INTO `acl_role_permission` VALUES ('1196305294156402690', '1', '1195351566221938690', 1, '2019-11-18 13:53:03', '2019-11-18 13:53:03');
INSERT INTO `acl_role_permission` VALUES ('1196305294177374209', '1', '1195351862889254913', 1, '2019-11-18 13:53:03', '2019-11-18 13:53:03');
INSERT INTO `acl_role_permission` VALUES ('1196305294194151425', '1', '1195351968841568257', 1, '2019-11-18 13:53:03', '2019-11-18 13:53:03');
INSERT INTO `acl_role_permission` VALUES ('1196305294223511554', '1', '1195352215768633346', 1, '2019-11-18 13:53:03', '2019-11-18 13:53:03');
INSERT INTO `acl_role_permission` VALUES ('1196305294240288770', '1', '1195352054917074946', 1, '2019-11-18 13:53:03', '2019-11-18 13:53:03');
INSERT INTO `acl_role_permission` VALUES ('1196305294248677377', '1', '1195352127734386690', 1, '2019-11-18 13:53:03', '2019-11-18 13:53:03');
INSERT INTO `acl_role_permission` VALUES ('1196305294248677378', '1', '1195352547621965825', 1, '2019-11-18 13:53:03', '2019-11-18 13:53:03');
INSERT INTO `acl_role_permission` VALUES ('1196305294319980546', '1', '1195353513549205505', 1, '2019-11-18 13:53:03', '2019-11-18 13:53:03');
INSERT INTO `acl_role_permission` VALUES ('1196305294319980547', '1', '1195352856645701633', 1, '2019-11-18 13:53:03', '2019-11-18 13:53:03');
INSERT INTO `acl_role_permission` VALUES ('1196305294319980548', '1', '1195352909401657346', 1, '2019-11-18 13:53:03', '2019-11-18 13:53:03');
INSERT INTO `acl_role_permission` VALUES ('1196305294378700802', '1', '1195353051395624961', 1, '2019-11-18 13:53:03', '2019-11-18 13:53:03');
INSERT INTO `acl_role_permission` VALUES ('1196305294378700803', '1', '1195353672110673921', 1, '2019-11-18 13:53:03', '2019-11-18 13:53:03');
INSERT INTO `acl_role_permission` VALUES ('1196305294458392577', '1', '1195354076890370050', 1, '2019-11-18 13:53:03', '2019-11-18 13:53:03');
INSERT INTO `acl_role_permission` VALUES ('1196305294483558402', '1', '1195354153482555393', 1, '2019-11-18 13:53:03', '2019-11-18 13:53:03');
INSERT INTO `acl_role_permission` VALUES ('1196305294500335618', '1', '1195354315093282817', 1, '2019-11-18 13:53:03', '2019-11-18 13:53:03');
INSERT INTO `acl_role_permission` VALUES ('1196305566656139266', '1', '1', 1, '2019-11-18 13:54:08', '2019-11-18 13:54:08');
INSERT INTO `acl_role_permission` VALUES ('1196305566689693698', '1', '1195268474480156673', 1, '2019-11-18 13:54:08', '2019-11-18 13:54:08');
INSERT INTO `acl_role_permission` VALUES ('1196305566706470913', '1', '1195268616021139457', 1, '2019-11-18 13:54:08', '2019-11-18 13:54:08');
INSERT INTO `acl_role_permission` VALUES ('1196305566740025346', '1', '1195269143060602882', 1, '2019-11-18 13:54:08', '2019-11-18 13:54:08');
INSERT INTO `acl_role_permission` VALUES ('1196305566756802561', '1', '1195269295926206466', 1, '2019-11-18 13:54:08', '2019-11-18 13:54:08');
INSERT INTO `acl_role_permission` VALUES ('1196305566781968385', '1', '1195269473479483394', 1, '2019-11-18 13:54:08', '2019-11-18 13:54:08');
INSERT INTO `acl_role_permission` VALUES ('1196305566811328514', '1', '1195269547269873666', 1, '2019-11-18 13:54:08', '2019-11-18 13:54:08');
INSERT INTO `acl_role_permission` VALUES ('1196305566828105730', '1', '1196301740985311234', 1, '2019-11-18 13:54:08', '2019-11-18 13:54:08');
INSERT INTO `acl_role_permission` VALUES ('1196305566853271554', '1', '1195268788138598401', 1, '2019-11-18 13:54:08', '2019-11-18 13:54:08');
INSERT INTO `acl_role_permission` VALUES ('1196305566878437378', '1', '1195269821262782465', 1, '2019-11-18 13:54:08', '2019-11-18 13:54:08');
INSERT INTO `acl_role_permission` VALUES ('1196305566895214593', '1', '1195269903542444034', 1, '2019-11-18 13:54:08', '2019-11-18 13:54:08');
INSERT INTO `acl_role_permission` VALUES ('1196305566916186113', '1', '1195270037005197313', 1, '2019-11-18 13:54:08', '2019-11-18 13:54:08');
INSERT INTO `acl_role_permission` VALUES ('1196305566949740546', '1', '1195270442602782721', 1, '2019-11-18 13:54:08', '2019-11-18 13:54:08');
INSERT INTO `acl_role_permission` VALUES ('1196305566966517761', '1', '1195270621548568578', 1, '2019-11-18 13:54:08', '2019-11-18 13:54:08');
INSERT INTO `acl_role_permission` VALUES ('1196305566991683585', '1', '1195268893830864898', 1, '2019-11-18 13:54:08', '2019-11-18 13:54:08');
INSERT INTO `acl_role_permission` VALUES ('1196305567012655106', '1', '1195270744097742849', 1, '2019-11-18 13:54:08', '2019-11-18 13:54:08');
INSERT INTO `acl_role_permission` VALUES ('1196305567029432322', '1', '1195270810560684034', 1, '2019-11-18 13:54:08', '2019-11-18 13:54:08');
INSERT INTO `acl_role_permission` VALUES ('1196305567042015233', '1', '1195270862100291586', 1, '2019-11-18 13:54:08', '2019-11-18 13:54:08');
INSERT INTO `acl_role_permission` VALUES ('1196305567100735490', '1', '1195270887933009922', 1, '2019-11-18 13:54:08', '2019-11-18 13:54:08');
INSERT INTO `acl_role_permission` VALUES ('1196305567117512705', '1', '1195349439240048642', 1, '2019-11-18 13:54:08', '2019-11-18 13:54:08');
INSERT INTO `acl_role_permission` VALUES ('1196305567142678530', '1', '1195349699995734017', 1, '2019-11-18 13:54:08', '2019-11-18 13:54:08');
INSERT INTO `acl_role_permission` VALUES ('1196305567155261442', '1', '1195349979797753857', 1, '2019-11-18 13:54:08', '2019-11-18 13:54:08');
INSERT INTO `acl_role_permission` VALUES ('1196305567172038658', '1', '1195350117270261762', 1, '2019-11-18 13:54:08', '2019-11-18 13:54:08');
INSERT INTO `acl_role_permission` VALUES ('1196305567188815873', '1', '1195350188359520258', 1, '2019-11-18 13:54:08', '2019-11-18 13:54:08');
INSERT INTO `acl_role_permission` VALUES ('1196305567218176001', '1', '1195349810561781761', 1, '2019-11-18 13:54:08', '2019-11-18 13:54:08');
INSERT INTO `acl_role_permission` VALUES ('1196305567234953217', '1', '1195349876252971010', 1, '2019-11-18 13:54:08', '2019-11-18 13:54:08');
INSERT INTO `acl_role_permission` VALUES ('1196305567251730434', '1', '1195350299365969922', 1, '2019-11-18 13:54:08', '2019-11-18 13:54:08');
INSERT INTO `acl_role_permission` VALUES ('1196305567272701954', '1', '1195350397751758850', 1, '2019-11-18 13:54:08', '2019-11-18 13:54:08');
INSERT INTO `acl_role_permission` VALUES ('1196305567289479170', '1', '1195350612172967938', 1, '2019-11-18 13:54:08', '2019-11-18 13:54:08');
INSERT INTO `acl_role_permission` VALUES ('1196305567310450690', '1', '1195350500512206850', 1, '2019-11-18 13:54:08', '2019-11-18 13:54:08');
INSERT INTO `acl_role_permission` VALUES ('1196305567327227905', '1', '1195350687590748161', 1, '2019-11-18 13:54:08', '2019-11-18 13:54:08');
INSERT INTO `acl_role_permission` VALUES ('1196305567448862722', '1', '1195350831744782337', 1, '2019-11-18 13:54:08', '2019-11-18 13:54:08');
INSERT INTO `acl_role_permission` VALUES ('1196305567478222850', '1', '1195350919074385921', 1, '2019-11-18 13:54:08', '2019-11-18 13:54:08');
INSERT INTO `acl_role_permission` VALUES ('1196305567495000065', '1', '1195351159672246274', 1, '2019-11-18 13:54:08', '2019-11-18 13:54:08');
INSERT INTO `acl_role_permission` VALUES ('1196305567520165889', '1', '1195351326706208770', 1, '2019-11-18 13:54:08', '2019-11-18 13:54:08');
INSERT INTO `acl_role_permission` VALUES ('1196305567541137409', '1', '1195351566221938690', 1, '2019-11-18 13:54:08', '2019-11-18 13:54:08');
INSERT INTO `acl_role_permission` VALUES ('1196305567570497538', '1', '1195351862889254913', 1, '2019-11-18 13:54:08', '2019-11-18 13:54:08');
INSERT INTO `acl_role_permission` VALUES ('1196305567587274754', '1', '1195351968841568257', 1, '2019-11-18 13:54:08', '2019-11-18 13:54:08');
INSERT INTO `acl_role_permission` VALUES ('1196305567604051970', '1', '1195352215768633346', 1, '2019-11-18 13:54:08', '2019-11-18 13:54:08');
INSERT INTO `acl_role_permission` VALUES ('1196305567633412098', '1', '1195352054917074946', 1, '2019-11-18 13:54:08', '2019-11-18 13:54:08');
INSERT INTO `acl_role_permission` VALUES ('1196305567683743745', '1', '1195352127734386690', 1, '2019-11-18 13:54:08', '2019-11-18 13:54:08');
INSERT INTO `acl_role_permission` VALUES ('1196305567721492481', '1', '1195352547621965825', 1, '2019-11-18 13:54:08', '2019-11-18 13:54:08');
INSERT INTO `acl_role_permission` VALUES ('1196305567742464002', '1', '1195353513549205505', 1, '2019-11-18 13:54:08', '2019-11-18 13:54:08');
INSERT INTO `acl_role_permission` VALUES ('1196305567771824129', '1', '1195352856645701633', 1, '2019-11-18 13:54:08', '2019-11-18 13:54:08');
INSERT INTO `acl_role_permission` VALUES ('1196305567792795650', '1', '1195352909401657346', 1, '2019-11-18 13:54:08', '2019-11-18 13:54:08');
INSERT INTO `acl_role_permission` VALUES ('1196305567809572866', '1', '1195353051395624961', 1, '2019-11-18 13:54:08', '2019-11-18 13:54:08');
INSERT INTO `acl_role_permission` VALUES ('1196305567843127298', '1', '1195353672110673921', 1, '2019-11-18 13:54:08', '2019-11-18 13:54:08');
INSERT INTO `acl_role_permission` VALUES ('1196305567868293122', '1', '1195354076890370050', 1, '2019-11-18 13:54:08', '2019-11-18 13:54:08');
INSERT INTO `acl_role_permission` VALUES ('1196305567885070338', '1', '1195354153482555393', 1, '2019-11-18 13:54:08', '2019-11-18 13:54:08');
INSERT INTO `acl_role_permission` VALUES ('1196305567910236162', '1', '1195354315093282817', 1, '2019-11-18 13:54:08', '2019-11-18 13:54:08');
INSERT INTO `acl_role_permission` VALUES ('1196312702601695234', '1', '1', 0, '2019-11-18 14:22:29', '2019-11-18 14:22:29');
INSERT INTO `acl_role_permission` VALUES ('1196312702652026881', '1', '1195268474480156673', 0, '2019-11-18 14:22:29', '2019-11-18 14:22:29');
INSERT INTO `acl_role_permission` VALUES ('1196312702668804098', '1', '1195268616021139457', 0, '2019-11-18 14:22:29', '2019-11-18 14:22:29');
INSERT INTO `acl_role_permission` VALUES ('1196312702698164226', '1', '1195269143060602882', 0, '2019-11-18 14:22:29', '2019-11-18 14:22:29');
INSERT INTO `acl_role_permission` VALUES ('1196312702723330049', '1', '1195269295926206466', 0, '2019-11-18 14:22:29', '2019-11-18 14:22:29');
INSERT INTO `acl_role_permission` VALUES ('1196312702744301569', '1', '1195269473479483394', 0, '2019-11-18 14:22:29', '2019-11-18 14:22:29');
INSERT INTO `acl_role_permission` VALUES ('1196312702765273089', '1', '1195269547269873666', 0, '2019-11-18 14:22:29', '2019-11-18 14:22:29');
INSERT INTO `acl_role_permission` VALUES ('1196312702790438913', '1', '1196301740985311234', 0, '2019-11-18 14:22:29', '2019-11-18 14:22:29');
INSERT INTO `acl_role_permission` VALUES ('1196312702945628161', '1', '1195268788138598401', 0, '2019-11-18 14:22:29', '2019-11-18 14:22:29');
INSERT INTO `acl_role_permission` VALUES ('1196312702970793985', '1', '1195269821262782465', 0, '2019-11-18 14:22:29', '2019-11-18 14:22:29');
INSERT INTO `acl_role_permission` VALUES ('1196312703000154114', '1', '1195269903542444034', 0, '2019-11-18 14:22:29', '2019-11-18 14:22:29');
INSERT INTO `acl_role_permission` VALUES ('1196312703025319938', '1', '1195270037005197313', 0, '2019-11-18 14:22:29', '2019-11-18 14:22:29');
INSERT INTO `acl_role_permission` VALUES ('1196312703046291458', '1', '1195270442602782721', 0, '2019-11-18 14:22:29', '2019-11-18 14:22:29');
INSERT INTO `acl_role_permission` VALUES ('1196312703063068673', '1', '1195270621548568578', 0, '2019-11-18 14:22:29', '2019-11-18 14:22:29');
INSERT INTO `acl_role_permission` VALUES ('1196312703084040193', '1', '1195268893830864898', 0, '2019-11-18 14:22:29', '2019-11-18 14:22:29');
INSERT INTO `acl_role_permission` VALUES ('1196312703113400321', '1', '1195270744097742849', 0, '2019-11-18 14:22:29', '2019-11-18 14:22:29');
INSERT INTO `acl_role_permission` VALUES ('1196312703134371842', '1', '1195270810560684034', 0, '2019-11-18 14:22:30', '2019-11-18 14:22:30');
INSERT INTO `acl_role_permission` VALUES ('1196312703159537665', '1', '1195270862100291586', 0, '2019-11-18 14:22:30', '2019-11-18 14:22:30');
INSERT INTO `acl_role_permission` VALUES ('1196312703184703490', '1', '1195270887933009922', 0, '2019-11-18 14:22:30', '2019-11-18 14:22:30');
INSERT INTO `acl_role_permission` VALUES ('1196312703209869313', '1', '1195349439240048642', 0, '2019-11-18 14:22:30', '2019-11-18 14:22:30');
INSERT INTO `acl_role_permission` VALUES ('1196312703230840834', '1', '1195349699995734017', 0, '2019-11-18 14:22:30', '2019-11-18 14:22:30');
INSERT INTO `acl_role_permission` VALUES ('1196312703251812354', '1', '1195349979797753857', 0, '2019-11-18 14:22:30', '2019-11-18 14:22:30');
INSERT INTO `acl_role_permission` VALUES ('1196312703272783873', '1', '1195350117270261762', 0, '2019-11-18 14:22:30', '2019-11-18 14:22:30');
INSERT INTO `acl_role_permission` VALUES ('1196312703293755394', '1', '1195350188359520258', 0, '2019-11-18 14:22:30', '2019-11-18 14:22:30');
INSERT INTO `acl_role_permission` VALUES ('1196312703327309826', '1', '1195349810561781761', 0, '2019-11-18 14:22:30', '2019-11-18 14:22:30');
INSERT INTO `acl_role_permission` VALUES ('1196312703348281345', '1', '1195349876252971010', 0, '2019-11-18 14:22:30', '2019-11-18 14:22:30');
INSERT INTO `acl_role_permission` VALUES ('1196312703365058561', '1', '1195350299365969922', 0, '2019-11-18 14:22:30', '2019-11-18 14:22:30');
INSERT INTO `acl_role_permission` VALUES ('1196312703386030082', '1', '1195350397751758850', 0, '2019-11-18 14:22:30', '2019-11-18 14:22:30');
INSERT INTO `acl_role_permission` VALUES ('1196312703440556034', '1', '1195350612172967938', 0, '2019-11-18 14:22:30', '2019-11-18 14:22:30');
INSERT INTO `acl_role_permission` VALUES ('1196312703486693378', '1', '1195350500512206850', 0, '2019-11-18 14:22:30', '2019-11-18 14:22:30');
INSERT INTO `acl_role_permission` VALUES ('1196312703511859202', '1', '1195350687590748161', 0, '2019-11-18 14:22:30', '2019-11-18 14:22:30');
INSERT INTO `acl_role_permission` VALUES ('1196312703654465537', '1', '1195350831744782337', 0, '2019-11-18 14:22:30', '2019-11-18 14:22:30');
INSERT INTO `acl_role_permission` VALUES ('1196312703683825665', '1', '1195350919074385921', 0, '2019-11-18 14:22:30', '2019-11-18 14:22:30');
INSERT INTO `acl_role_permission` VALUES ('1196312703700602882', '1', '1195351159672246274', 0, '2019-11-18 14:22:30', '2019-11-18 14:22:30');
INSERT INTO `acl_role_permission` VALUES ('1196312703717380098', '1', '1195351326706208770', 0, '2019-11-18 14:22:30', '2019-11-18 14:22:30');
INSERT INTO `acl_role_permission` VALUES ('1196312703738351618', '1', '1195351566221938690', 0, '2019-11-18 14:22:30', '2019-11-18 14:22:30');
INSERT INTO `acl_role_permission` VALUES ('1196312703759323137', '1', '1195351020463296513', 0, '2019-11-18 14:22:30', '2019-11-18 14:22:30');
INSERT INTO `acl_role_permission` VALUES ('1196312703776100353', '1', '1195351862889254913', 0, '2019-11-18 14:22:30', '2019-11-18 14:22:30');
INSERT INTO `acl_role_permission` VALUES ('1196312703792877570', '1', '1195351968841568257', 0, '2019-11-18 14:22:30', '2019-11-18 14:22:30');
INSERT INTO `acl_role_permission` VALUES ('1196312703830626305', '1', '1195352215768633346', 0, '2019-11-18 14:22:30', '2019-11-18 14:22:30');
INSERT INTO `acl_role_permission` VALUES ('1196312703843209217', '1', '1195352054917074946', 0, '2019-11-18 14:22:30', '2019-11-18 14:22:30');
INSERT INTO `acl_role_permission` VALUES ('1196312703868375041', '1', '1195352127734386690', 0, '2019-11-18 14:22:30', '2019-11-18 14:22:30');
INSERT INTO `acl_role_permission` VALUES ('1196312703889346561', '1', '1195352547621965825', 0, '2019-11-18 14:22:30', '2019-11-18 14:22:30');
INSERT INTO `acl_role_permission` VALUES ('1196312703901929473', '1', '1195353513549205505', 0, '2019-11-18 14:22:30', '2019-11-18 14:22:30');
INSERT INTO `acl_role_permission` VALUES ('1196312703918706689', '1', '1195352856645701633', 0, '2019-11-18 14:22:30', '2019-11-18 14:22:30');
INSERT INTO `acl_role_permission` VALUES ('1196312703952261121', '1', '1195352909401657346', 0, '2019-11-18 14:22:30', '2019-11-18 14:22:30');
INSERT INTO `acl_role_permission` VALUES ('1196312703973232642', '1', '1195353051395624961', 0, '2019-11-18 14:22:30', '2019-11-18 14:22:30');
INSERT INTO `acl_role_permission` VALUES ('1196312703990009857', '1', '1195353672110673921', 0, '2019-11-18 14:22:30', '2019-11-18 14:22:30');
INSERT INTO `acl_role_permission` VALUES ('1196312704048730114', '1', '1195354076890370050', 0, '2019-11-18 14:22:30', '2019-11-18 14:22:30');
INSERT INTO `acl_role_permission` VALUES ('1196312704069701633', '1', '1195354153482555393', 0, '2019-11-18 14:22:30', '2019-11-18 14:22:30');
INSERT INTO `acl_role_permission` VALUES ('1196312704094867457', '1', '1195354315093282817', 0, '2019-11-18 14:22:30', '2019-11-18 14:22:30');
INSERT INTO `acl_role_permission` VALUES ('1319873641332154370', '1', '1195268474480156673', 0, '2020-10-24 13:29:33', '2020-10-24 13:29:33');
INSERT INTO `acl_role_permission` VALUES ('1319873641365708802', '1', '1195268616021139457', 0, '2020-10-24 13:29:33', '2020-10-24 13:29:33');
INSERT INTO `acl_role_permission` VALUES ('1319873641365708803', '1', '1195269143060602882', 0, '2020-10-24 13:29:33', '2020-10-24 13:29:33');
INSERT INTO `acl_role_permission` VALUES ('1319873641374097410', '1', '1195269295926206466', 0, '2020-10-24 13:29:33', '2020-10-24 13:29:33');
INSERT INTO `acl_role_permission` VALUES ('1319873641374097411', '1', '1195269473479483394', 0, '2020-10-24 13:29:33', '2020-10-24 13:29:33');
INSERT INTO `acl_role_permission` VALUES ('1319873641382486018', '1', '1195269547269873666', 0, '2020-10-24 13:29:33', '2020-10-24 13:29:33');
INSERT INTO `acl_role_permission` VALUES ('1319873641386680321', '1', '1196301740985311234', 0, '2020-10-24 13:29:33', '2020-10-24 13:29:33');
INSERT INTO `acl_role_permission` VALUES ('1319873641386680322', '1', '1195268788138598401', 0, '2020-10-24 13:29:33', '2020-10-24 13:29:33');
INSERT INTO `acl_role_permission` VALUES ('1319873641395068930', '1', '1195269821262782465', 0, '2020-10-24 13:29:33', '2020-10-24 13:29:33');
INSERT INTO `acl_role_permission` VALUES ('1319873641403457537', '1', '1195269903542444034', 0, '2020-10-24 13:29:33', '2020-10-24 13:29:33');
INSERT INTO `acl_role_permission` VALUES ('1319873641403457538', '1', '1195270037005197313', 0, '2020-10-24 13:29:33', '2020-10-24 13:29:33');
INSERT INTO `acl_role_permission` VALUES ('1319873641403457539', '1', '1195270442602782721', 0, '2020-10-24 13:29:33', '2020-10-24 13:29:33');
INSERT INTO `acl_role_permission` VALUES ('1319873641411846145', '1', '1195270621548568578', 0, '2020-10-24 13:29:33', '2020-10-24 13:29:33');
INSERT INTO `acl_role_permission` VALUES ('1319873641416040450', '1', '1195268893830864898', 0, '2020-10-24 13:29:33', '2020-10-24 13:29:33');
INSERT INTO `acl_role_permission` VALUES ('1319873641416040451', '1', '1195270744097742849', 0, '2020-10-24 13:29:33', '2020-10-24 13:29:33');
INSERT INTO `acl_role_permission` VALUES ('1319873641420234754', '1', '1195270810560684034', 0, '2020-10-24 13:29:33', '2020-10-24 13:29:33');
INSERT INTO `acl_role_permission` VALUES ('1319873641432817666', '1', '1195270862100291586', 0, '2020-10-24 13:29:33', '2020-10-24 13:29:33');
INSERT INTO `acl_role_permission` VALUES ('1319873641437011969', '1', '1195270887933009922', 0, '2020-10-24 13:29:33', '2020-10-24 13:29:33');
INSERT INTO `acl_role_permission` VALUES ('1319873641437011970', '1', '1195349439240048642', 0, '2020-10-24 13:29:33', '2020-10-24 13:29:33');
INSERT INTO `acl_role_permission` VALUES ('1319873641437011971', '1', '1195349810561781760', 0, '2020-10-24 13:29:33', '2020-10-24 13:29:33');
INSERT INTO `acl_role_permission` VALUES ('1319873641445400578', '1', '1195349979797753857', 0, '2020-10-24 13:29:33', '2020-10-24 13:29:33');
INSERT INTO `acl_role_permission` VALUES ('1319873641445400579', '1', '1195350117270261762', 0, '2020-10-24 13:29:33', '2020-10-24 13:29:33');
INSERT INTO `acl_role_permission` VALUES ('1319873641453789186', '1', '1195349810561781761', 0, '2020-10-24 13:29:33', '2020-10-24 13:29:33');
INSERT INTO `acl_role_permission` VALUES ('1319873641457983489', '1', '1195349876252971010', 0, '2020-10-24 13:29:33', '2020-10-24 13:29:33');
INSERT INTO `acl_role_permission` VALUES ('1319873641457983490', '1', '1195350299365969922', 0, '2020-10-24 13:29:33', '2020-10-24 13:29:33');
INSERT INTO `acl_role_permission` VALUES ('1319873641466372097', '1', '1195350397751758850', 0, '2020-10-24 13:29:33', '2020-10-24 13:29:33');
INSERT INTO `acl_role_permission` VALUES ('1319873641466372098', '1', '1195350612172967938', 0, '2020-10-24 13:29:33', '2020-10-24 13:29:33');
INSERT INTO `acl_role_permission` VALUES ('1319873641470566402', '1', '1195350500512206850', 0, '2020-10-24 13:29:33', '2020-10-24 13:29:33');
INSERT INTO `acl_role_permission` VALUES ('1319873641470566403', '1', '1195350687590748161', 0, '2020-10-24 13:29:33', '2020-10-24 13:29:33');
INSERT INTO `acl_role_permission` VALUES ('1319873641474760706', '1', '1195350919074385921', 0, '2020-10-24 13:29:33', '2020-10-24 13:29:33');
INSERT INTO `acl_role_permission` VALUES ('1319873641474760707', '1', '1195351159672246274', 0, '2020-10-24 13:29:33', '2020-10-24 13:29:33');
INSERT INTO `acl_role_permission` VALUES ('1319873641835470850', '1', '1195351326706208770', 0, '2020-10-24 13:29:33', '2020-10-24 13:29:33');
INSERT INTO `acl_role_permission` VALUES ('1319873641843859457', '1', '1195351566221938690', 0, '2020-10-24 13:29:33', '2020-10-24 13:29:33');
INSERT INTO `acl_role_permission` VALUES ('1319873641848053761', '1', '1195351862889254913', 0, '2020-10-24 13:29:33', '2020-10-24 13:29:33');
INSERT INTO `acl_role_permission` VALUES ('1319873641852248065', '1', '1195351968841568257', 0, '2020-10-24 13:29:33', '2020-10-24 13:29:33');
INSERT INTO `acl_role_permission` VALUES ('1319873641852248066', '1', '1195352215768633346', 0, '2020-10-24 13:29:33', '2020-10-24 13:29:33');
INSERT INTO `acl_role_permission` VALUES ('1319873641856442370', '1', '1195352054917074946', 0, '2020-10-24 13:29:33', '2020-10-24 13:29:33');
INSERT INTO `acl_role_permission` VALUES ('1319873641856442371', '1', '1195352127734386690', 0, '2020-10-24 13:29:33', '2020-10-24 13:29:33');
INSERT INTO `acl_role_permission` VALUES ('1319873641860636673', '1', '1195353513549205505', 0, '2020-10-24 13:29:33', '2020-10-24 13:29:33');
INSERT INTO `acl_role_permission` VALUES ('1319873641860636674', '1', '1195352856645701633', 0, '2020-10-24 13:29:33', '2020-10-24 13:29:33');
INSERT INTO `acl_role_permission` VALUES ('1319873641860636675', '1', '1195352909401657346', 0, '2020-10-24 13:29:33', '2020-10-24 13:29:33');
INSERT INTO `acl_role_permission` VALUES ('1319873641860636676', '1', '1195353051395624961', 0, '2020-10-24 13:29:33', '2020-10-24 13:29:33');
INSERT INTO `acl_role_permission` VALUES ('1319873641869025281', '1', '1195353672110673921', 0, '2020-10-24 13:29:33', '2020-10-24 13:29:33');
INSERT INTO `acl_role_permission` VALUES ('1319873641869025282', '1', '1195354076890370050', 0, '2020-10-24 13:29:33', '2020-10-24 13:29:33');
INSERT INTO `acl_role_permission` VALUES ('1319873641873219585', '1', '1195354153482555393', 0, '2020-10-24 13:29:33', '2020-10-24 13:29:33');
INSERT INTO `acl_role_permission` VALUES ('1319873641873219586', '1', '1195354315093282817', 0, '2020-10-24 13:29:33', '2020-10-24 13:29:33');
INSERT INTO `acl_role_permission` VALUES ('1319873641881608193', '1', '1298467594067537922', 0, '2020-10-24 13:29:33', '2020-10-24 13:29:33');
INSERT INTO `acl_role_permission` VALUES ('1319873641885802498', '1', '1299542983064612651', 0, '2020-10-24 13:29:33', '2020-10-24 13:29:33');
INSERT INTO `acl_role_permission` VALUES ('1319873641885802499', '1', '1299542983064612652', 0, '2020-10-24 13:29:33', '2020-10-24 13:29:33');
INSERT INTO `acl_role_permission` VALUES ('1319878231721058305', '1193757683205607426', '1195350299365969922', 0, '2020-10-24 13:47:47', '2020-10-24 13:47:47');
INSERT INTO `acl_role_permission` VALUES ('1319878231733641218', '1193757683205607426', '1195350397751758850', 0, '2020-10-24 13:47:47', '2020-10-24 13:47:47');
INSERT INTO `acl_role_permission` VALUES ('1319878231733641219', '1193757683205607426', '1195350612172967938', 0, '2020-10-24 13:47:47', '2020-10-24 13:47:47');
INSERT INTO `acl_role_permission` VALUES ('1319878231733641220', '1193757683205607426', '1195350500512206850', 0, '2020-10-24 13:47:47', '2020-10-24 13:47:47');
INSERT INTO `acl_role_permission` VALUES ('1319878231742029826', '1193757683205607426', '1195350687590748161', 0, '2020-10-24 13:47:47', '2020-10-24 13:47:47');
INSERT INTO `acl_role_permission` VALUES ('1319878231742029827', '1193757683205607426', '1195350831744782337', 0, '2020-10-24 13:47:47', '2020-10-24 13:47:47');
INSERT INTO `acl_role_permission` VALUES ('1319878231750418433', '1193757683205607426', '1195350919074385921', 0, '2020-10-24 13:47:47', '2020-10-24 13:47:47');
INSERT INTO `acl_role_permission` VALUES ('1319878231750418434', '1193757683205607426', '1195351159672246274', 0, '2020-10-24 13:47:47', '2020-10-24 13:47:47');
INSERT INTO `acl_role_permission` VALUES ('1319878231750418435', '1193757683205607426', '1195351326706208770', 0, '2020-10-24 13:47:47', '2020-10-24 13:47:47');
INSERT INTO `acl_role_permission` VALUES ('1319878231750418436', '1193757683205607426', '1195351566221938690', 0, '2020-10-24 13:47:47', '2020-10-24 13:47:47');
INSERT INTO `acl_role_permission` VALUES ('1319878231758807042', '1193757683205607426', '1195351020463296513', 0, '2020-10-24 13:47:47', '2020-10-24 13:47:47');
INSERT INTO `acl_role_permission` VALUES ('1319878231758807043', '1193757683205607426', '1298467594067537922', 0, '2020-10-24 13:47:47', '2020-10-24 13:47:47');
INSERT INTO `acl_role_permission` VALUES ('1319878231758807044', '1193757683205607426', '1299542983064612651', 0, '2020-10-24 13:47:47', '2020-10-24 13:47:47');
INSERT INTO `acl_role_permission` VALUES ('1319878231758807045', '1193757683205607426', '1299542983064612652', 0, '2020-10-24 13:47:47', '2020-10-24 13:47:47');
INSERT INTO `acl_role_permission` VALUES ('1319879784162992129', '1', '1195268474480156673', 0, '2020-10-24 13:53:57', '2020-10-24 13:53:57');
INSERT INTO `acl_role_permission` VALUES ('1319879784171380737', '1', '1195268616021139457', 0, '2020-10-24 13:53:57', '2020-10-24 13:53:57');
INSERT INTO `acl_role_permission` VALUES ('1319879784175575042', '1', '1195269143060602882', 0, '2020-10-24 13:53:57', '2020-10-24 13:53:57');
INSERT INTO `acl_role_permission` VALUES ('1319879784175575043', '1', '1195269295926206466', 0, '2020-10-24 13:53:57', '2020-10-24 13:53:57');
INSERT INTO `acl_role_permission` VALUES ('1319879784175575044', '1', '1195269473479483394', 0, '2020-10-24 13:53:57', '2020-10-24 13:53:57');
INSERT INTO `acl_role_permission` VALUES ('1319879784175575045', '1', '1195269547269873666', 0, '2020-10-24 13:53:57', '2020-10-24 13:53:57');
INSERT INTO `acl_role_permission` VALUES ('1319879784175575046', '1', '1196301740985311234', 0, '2020-10-24 13:53:57', '2020-10-24 13:53:57');
INSERT INTO `acl_role_permission` VALUES ('1319879784175575047', '1', '1195268788138598401', 0, '2020-10-24 13:53:57', '2020-10-24 13:53:57');
INSERT INTO `acl_role_permission` VALUES ('1319879784183963649', '1', '1195269821262782465', 0, '2020-10-24 13:53:57', '2020-10-24 13:53:57');
INSERT INTO `acl_role_permission` VALUES ('1319879784183963650', '1', '1195269903542444034', 0, '2020-10-24 13:53:57', '2020-10-24 13:53:57');
INSERT INTO `acl_role_permission` VALUES ('1319879784183963651', '1', '1195270037005197313', 0, '2020-10-24 13:53:57', '2020-10-24 13:53:57');
INSERT INTO `acl_role_permission` VALUES ('1319879784183963652', '1', '1195270442602782721', 0, '2020-10-24 13:53:57', '2020-10-24 13:53:57');
INSERT INTO `acl_role_permission` VALUES ('1319879784183963653', '1', '1195270621548568578', 0, '2020-10-24 13:53:57', '2020-10-24 13:53:57');
INSERT INTO `acl_role_permission` VALUES ('1319879784192352257', '1', '1195268893830864898', 0, '2020-10-24 13:53:57', '2020-10-24 13:53:57');
INSERT INTO `acl_role_permission` VALUES ('1319879784192352258', '1', '1195270744097742849', 0, '2020-10-24 13:53:57', '2020-10-24 13:53:57');
INSERT INTO `acl_role_permission` VALUES ('1319879784192352259', '1', '1195270810560684034', 0, '2020-10-24 13:53:57', '2020-10-24 13:53:57');
INSERT INTO `acl_role_permission` VALUES ('1319879784192352260', '1', '1195270862100291586', 0, '2020-10-24 13:53:57', '2020-10-24 13:53:57');
INSERT INTO `acl_role_permission` VALUES ('1319879784192352261', '1', '1195270887933009922', 0, '2020-10-24 13:53:57', '2020-10-24 13:53:57');
INSERT INTO `acl_role_permission` VALUES ('1319879784192352262', '1', '1195349439240048642', 0, '2020-10-24 13:53:57', '2020-10-24 13:53:57');
INSERT INTO `acl_role_permission` VALUES ('1319879784192352263', '1', '1195349810561781760', 0, '2020-10-24 13:53:57', '2020-10-24 13:53:57');
INSERT INTO `acl_role_permission` VALUES ('1319879784192352264', '1', '1195349979797753857', 0, '2020-10-24 13:53:57', '2020-10-24 13:53:57');
INSERT INTO `acl_role_permission` VALUES ('1319879784200740866', '1', '1195350117270261762', 0, '2020-10-24 13:53:57', '2020-10-24 13:53:57');
INSERT INTO `acl_role_permission` VALUES ('1319879784200740867', '1', '1195349810561781761', 0, '2020-10-24 13:53:57', '2020-10-24 13:53:57');
INSERT INTO `acl_role_permission` VALUES ('1319879784200740868', '1', '1195349876252971010', 0, '2020-10-24 13:53:57', '2020-10-24 13:53:57');
INSERT INTO `acl_role_permission` VALUES ('1319879784209129473', '1', '1195350299365969922', 0, '2020-10-24 13:53:57', '2020-10-24 13:53:57');
INSERT INTO `acl_role_permission` VALUES ('1319879784209129474', '1', '1195350397751758850', 0, '2020-10-24 13:53:57', '2020-10-24 13:53:57');
INSERT INTO `acl_role_permission` VALUES ('1319879784209129475', '1', '1195350612172967938', 0, '2020-10-24 13:53:57', '2020-10-24 13:53:57');
INSERT INTO `acl_role_permission` VALUES ('1319879784209129476', '1', '1195350500512206850', 0, '2020-10-24 13:53:57', '2020-10-24 13:53:57');
INSERT INTO `acl_role_permission` VALUES ('1319879784217518081', '1', '1195350687590748161', 0, '2020-10-24 13:53:57', '2020-10-24 13:53:57');
INSERT INTO `acl_role_permission` VALUES ('1319879784217518082', '1', '1195350919074385921', 0, '2020-10-24 13:53:57', '2020-10-24 13:53:57');
INSERT INTO `acl_role_permission` VALUES ('1319879784217518083', '1', '1195351159672246274', 0, '2020-10-24 13:53:57', '2020-10-24 13:53:57');
INSERT INTO `acl_role_permission` VALUES ('1319879784527896578', '1', '1195351326706208770', 0, '2020-10-24 13:53:57', '2020-10-24 13:53:57');
INSERT INTO `acl_role_permission` VALUES ('1319879784536285185', '1', '1195351566221938690', 0, '2020-10-24 13:53:57', '2020-10-24 13:53:57');
INSERT INTO `acl_role_permission` VALUES ('1319879784536285186', '1', '1195351862889254913', 0, '2020-10-24 13:53:57', '2020-10-24 13:53:57');
INSERT INTO `acl_role_permission` VALUES ('1319879784536285187', '1', '1195351968841568257', 0, '2020-10-24 13:53:57', '2020-10-24 13:53:57');
INSERT INTO `acl_role_permission` VALUES ('1319879784536285188', '1', '1195352215768633346', 0, '2020-10-24 13:53:57', '2020-10-24 13:53:57');
INSERT INTO `acl_role_permission` VALUES ('1319879784536285189', '1', '1195352054917074946', 0, '2020-10-24 13:53:57', '2020-10-24 13:53:57');
INSERT INTO `acl_role_permission` VALUES ('1319879784536285190', '1', '1195352127734386690', 0, '2020-10-24 13:53:57', '2020-10-24 13:53:57');
INSERT INTO `acl_role_permission` VALUES ('1319879784536285191', '1', '1195352547621965825', 0, '2020-10-24 13:53:57', '2020-10-24 13:53:57');
INSERT INTO `acl_role_permission` VALUES ('1319879784544673793', '1', '1195353513549205505', 0, '2020-10-24 13:53:57', '2020-10-24 13:53:57');
INSERT INTO `acl_role_permission` VALUES ('1319879784544673794', '1', '1195352856645701633', 0, '2020-10-24 13:53:57', '2020-10-24 13:53:57');
INSERT INTO `acl_role_permission` VALUES ('1319879784544673795', '1', '1195352909401657346', 0, '2020-10-24 13:53:57', '2020-10-24 13:53:57');
INSERT INTO `acl_role_permission` VALUES ('1319879784544673796', '1', '1195353051395624961', 0, '2020-10-24 13:53:57', '2020-10-24 13:53:57');
INSERT INTO `acl_role_permission` VALUES ('1319879784544673797', '1', '1195353672110673921', 0, '2020-10-24 13:53:57', '2020-10-24 13:53:57');
INSERT INTO `acl_role_permission` VALUES ('1319879784553062401', '1', '1195353513549205506', 0, '2020-10-24 13:53:57', '2020-10-24 13:53:57');
INSERT INTO `acl_role_permission` VALUES ('1319879784553062402', '1', '1195354076890370050', 0, '2020-10-24 13:53:57', '2020-10-24 13:53:57');
INSERT INTO `acl_role_permission` VALUES ('1319879784553062403', '1', '1195354153482555393', 0, '2020-10-24 13:53:57', '2020-10-24 13:53:57');
INSERT INTO `acl_role_permission` VALUES ('1319879784553062404', '1', '1195354315093282817', 0, '2020-10-24 13:53:57', '2020-10-24 13:53:57');
INSERT INTO `acl_role_permission` VALUES ('1319879784561451010', '1', '1298467594067537922', 0, '2020-10-24 13:53:57', '2020-10-24 13:53:57');
INSERT INTO `acl_role_permission` VALUES ('1319879784561451011', '1', '1299542983064612651', 0, '2020-10-24 13:53:57', '2020-10-24 13:53:57');
INSERT INTO `acl_role_permission` VALUES ('1319879784565645313', '1', '1299542983064612652', 0, '2020-10-24 13:53:57', '2020-10-24 13:53:57');

-- ----------------------------
-- Table structure for acl_user
-- ----------------------------
DROP TABLE IF EXISTS `acl_user`;
CREATE TABLE `acl_user`  (
  `id` char(19) CHARACTER SET utf8mb4 COLLATE utf8mb4_general_ci NOT NULL COMMENT '会员id',
  `username` varchar(20) CHARACTER SET utf8mb4 COLLATE utf8mb4_general_ci NOT NULL DEFAULT '' COMMENT '微信openid',
  `password` varchar(255) CHARACTER SET utf8mb4 COLLATE utf8mb4_general_ci NOT NULL DEFAULT '' COMMENT '密码',
  `nick_name` varchar(50) CHARACTER SET utf8mb4 COLLATE utf8mb4_general_ci NULL DEFAULT NULL COMMENT '昵称',
  `salt` varchar(255) CHARACTER SET utf8mb4 COLLATE utf8mb4_general_ci NULL DEFAULT NULL COMMENT '用户头像',
  `token` varchar(100) CHARACTER SET utf8mb4 COLLATE utf8mb4_general_ci NULL DEFAULT NULL COMMENT '用户签名',
  `is_deleted` tinyint(1) UNSIGNED NOT NULL DEFAULT 0 COMMENT '逻辑删除 1（true）已删除， 0（false）未删除',
  `gmt_create` datetime(0) NOT NULL COMMENT '创建时间',
  `gmt_modified` datetime(0) NOT NULL COMMENT '更新时间',
  PRIMARY KEY (`id`) USING BTREE,
  UNIQUE INDEX `uk_username`(`username`) USING BTREE
) ENGINE = InnoDB CHARACTER SET = utf8mb4 COLLATE = utf8mb4_general_ci COMMENT = '用户表' ROW_FORMAT = Dynamic;

-- ----------------------------
-- Records of acl_user
-- ----------------------------
INSERT INTO `acl_user` VALUES ('1', 'admin', '$2a$10$BQP.SXngO2oSvGR9kbdVAOFsYch6RHDjx/AjY3yboNOGYdOczQCJi', 'admin', '', NULL, 0, '2019-11-01 10:39:47', '2019-11-01 10:39:47');
INSERT INTO `acl_user` VALUES ('1317373502935822338', 'chaochao', '$2a$10$BQP.SXngO2oSvGR9kbdVAOFsYch6RHDjx/AjY3yboNOGYdOczQCJi', 'luck韩', NULL, NULL, 0, '2020-10-17 15:54:53', '2020-10-17 16:09:52');
INSERT INTO `acl_user` VALUES ('1317380980423634946', 'Lucyhan', '$2a$10$BQP.SXngO2oSvGR9kbdVAOFsYch6RHDjx/AjY3yboNOGYdOczQCJi', '哦', NULL, NULL, 0, '2020-10-17 16:24:36', '2020-10-17 16:24:36');
INSERT INTO `acl_user` VALUES ('2', 'test', '$2a$10$BQP.SXngO2oSvGR9kbdVAOFsYch6RHDjx/AjY3yboNOGYdOczQCJi', 'test', NULL, NULL, 0, '2019-11-01 16:36:07', '2019-11-01 16:40:08');

-- ----------------------------
-- Table structure for acl_user_role
-- ----------------------------
DROP TABLE IF EXISTS `acl_user_role`;
CREATE TABLE `acl_user_role`  (
  `id` char(19) CHARACTER SET utf8 COLLATE utf8_general_ci NOT NULL DEFAULT '' COMMENT '主键id',
  `role_id` char(19) CHARACTER SET utf8 COLLATE utf8_general_ci NOT NULL DEFAULT '0' COMMENT '角色id',
  `user_id` char(19) CHARACTER SET utf8 COLLATE utf8_general_ci NOT NULL DEFAULT '0' COMMENT '用户id',
  `is_deleted` tinyint(1) UNSIGNED NOT NULL DEFAULT 0 COMMENT '逻辑删除 1（true）已删除， 0（false）未删除',
  `gmt_create` datetime(0) NOT NULL COMMENT '创建时间',
  `gmt_modified` datetime(0) NOT NULL COMMENT '更新时间',
  PRIMARY KEY (`id`) USING BTREE,
  INDEX `idx_role_id`(`role_id`) USING BTREE,
  INDEX `idx_user_id`(`user_id`) USING BTREE
) ENGINE = InnoDB CHARACTER SET = utf8 COLLATE = utf8_general_ci ROW_FORMAT = Dynamic;

-- ----------------------------
-- Records of acl_user_role
-- ----------------------------
INSERT INTO `acl_user_role` VALUES ('1', '1', '2', 0, '2019-11-11 13:09:53', '2019-11-11 13:09:53');
INSERT INTO `acl_user_role` VALUES ('1319878128314687490', '1193757683205607426', '1317380980423634946', 0, '2020-10-24 13:47:23', '2020-10-24 13:47:23');
INSERT INTO `acl_user_role` VALUES ('1319880241488928769', '1193757683205607426', '1317373502935822338', 0, '2020-10-24 13:55:46', '2020-10-24 13:55:46');

-- ----------------------------
-- Table structure for crm_banner
-- ----------------------------
DROP TABLE IF EXISTS `crm_banner`;
CREATE TABLE `crm_banner`  (
  `id` char(19) CHARACTER SET utf8mb4 COLLATE utf8mb4_general_ci NOT NULL DEFAULT '' COMMENT 'ID',
  `title` varchar(20) CHARACTER SET utf8mb4 COLLATE utf8mb4_general_ci NULL DEFAULT '' COMMENT '标题',
  `image_url` varchar(500) CHARACTER SET utf8mb4 COLLATE utf8mb4_general_ci NOT NULL DEFAULT '' COMMENT '图片地址',
  `link_url` varchar(500) CHARACTER SET utf8mb4 COLLATE utf8mb4_general_ci NULL DEFAULT '' COMMENT '链接地址',
  `sort` int(10) UNSIGNED NOT NULL DEFAULT 0 COMMENT '排序',
  `is_deleted` tinyint(1) UNSIGNED NOT NULL DEFAULT 0 COMMENT '逻辑删除 1（true）已删除， 0（false）未删除',
  `status` tinyint(1) UNSIGNED NOT NULL DEFAULT 0 COMMENT '显示状态 0（显示），1（不显示）',
  `gmt_create` datetime(0) NOT NULL COMMENT '创建时间',
  `gmt_modified` datetime(0) NOT NULL COMMENT '更新时间',
  `description` varchar(255) CHARACTER SET utf8mb4 COLLATE utf8mb4_general_ci NULL DEFAULT NULL COMMENT '轮播图描述',
  PRIMARY KEY (`id`) USING BTREE,
  UNIQUE INDEX `uk_name`(`title`) USING BTREE
) ENGINE = InnoDB CHARACTER SET = utf8mb4 COLLATE = utf8mb4_general_ci COMMENT = '首页banner表' ROW_FORMAT = Dynamic;

-- ----------------------------
-- Records of crm_banner
-- ----------------------------
INSERT INTO `crm_banner` VALUES ('1194556896025845762', 'test1', 'https://online-teach-file.oss-cn-beijing.aliyuncs.com/cms/2019/11/14/297acd3b-b592-4cfb-a446-a28310369675.jpg', '/course', 1, 0, 0, '2019-11-13 18:05:32', '2019-11-18 10:28:22', NULL);
INSERT INTO `crm_banner` VALUES ('1194607458461216769', 'test2', 'https://online-teach-file.oss-cn-beijing.aliyuncs.com/cms/2019/11/13/8f80790d-d736-4842-a6a4-4dcb0d684d4e.jpg', '/teacher', 2, 0, 0, '2019-11-13 21:26:27', '2019-11-14 09:12:15', NULL);
INSERT INTO `crm_banner` VALUES ('1299236244106027009', '测试一下', 'https://edu-online-chao.oss-cn-shenzhen.aliyuncs.com/2020/08/28/39c48e5c-299d-40d9-873b-dc84e42a0032_yun3.jpeg', '/course', 1, 0, 0, '2020-08-28 14:43:54', '2020-08-28 14:43:54', NULL);
INSERT INTO `crm_banner` VALUES ('1299237070954340354', 'mysql高级篇', 'https://edu-online-chao.oss-cn-shenzhen.aliyuncs.com/2020/08/28/145d88a3-9a2c-4262-84e1-c79f9dc7621f_yun1.jpeg', '/course', 8, 0, 0, '2020-08-28 14:47:11', '2020-08-28 14:47:11', '关于mysql高级篇的知识');
INSERT INTO `crm_banner` VALUES ('1299239299539050497', 'SpringCould入门到精通', 'https://edu-online-chao.oss-cn-shenzhen.aliyuncs.com/2020/08/28/d48ffc45-3925-4bb7-8603-214e3a7e198c_yun5.jpeg', '/courese', 0, 0, 0, '2020-08-28 14:56:02', '2020-08-28 14:56:02', '关于springcould的知识');
INSERT INTO `crm_banner` VALUES ('1299274342537969666', 'JVM', 'https://edu-online-chao.oss-cn-shenzhen.aliyuncs.com/2020/08/28/a4e19bcf-df26-4d69-80f7-afc7c0dcee91_yun3.jpeg', '/course', 1, 0, 1, '2020-08-28 17:15:17', '2020-08-28 17:15:17', '关于JVM知识');

-- ----------------------------
-- Table structure for edu_article
-- ----------------------------
DROP TABLE IF EXISTS `edu_article`;
CREATE TABLE `edu_article`  (
  `id` char(19) CHARACTER SET utf8mb4 COLLATE utf8mb4_general_ci NOT NULL COMMENT '文章ID',
  `member_id` varchar(19) CHARACTER SET utf8mb4 COLLATE utf8mb4_general_ci NOT NULL DEFAULT '' COMMENT '会员id',
  `category_id` varchar(19) CHARACTER SET utf8mb4 COLLATE utf8mb4_general_ci NOT NULL COMMENT '类别id',
  `title` varchar(255) CHARACTER SET utf8mb4 COLLATE utf8mb4_general_ci NOT NULL COMMENT '文章标题',
  `picture` varchar(255) CHARACTER SET utf8mb4 COLLATE utf8mb4_general_ci NULL DEFAULT NULL COMMENT '文章图片',
  `is_deleted` tinyint(1) UNSIGNED NOT NULL DEFAULT 0 COMMENT '逻辑删除 1（true）已删除， 0（false）未删除',
  `scan_number` bigint(20) NULL DEFAULT 0 COMMENT '浏览数',
  `status` varchar(255) CHARACTER SET utf8mb4 COLLATE utf8mb4_general_ci NULL DEFAULT 'Draft' COMMENT '文章状态 Draft未发布  Normal已发布',
  `thumbs_up` bigint(255) NULL DEFAULT 0 COMMENT '点赞数',
  `gmt_create` datetime(0) NOT NULL COMMENT '创建时间',
  `gmt_modified` datetime(0) NOT NULL COMMENT '更新时间',
  PRIMARY KEY (`id`) USING BTREE,
  INDEX `idx_member_id`(`member_id`) USING BTREE
) ENGINE = InnoDB CHARACTER SET = utf8mb4 COLLATE = utf8mb4_general_ci COMMENT = '文章' ROW_FORMAT = Dynamic;

-- ----------------------------
-- Records of edu_article
-- ----------------------------
INSERT INTO `edu_article` VALUES ('1303956214840934402', '1303581050760429570', '1317041581865316354', '测试', 'https://ss1.bdstatic.com/70cFuXSh_Q1YnxGkpoWK1HF6hhy/it/u=1657400335,471730042&fm=26&gp=0.jpg', 0, 69522, 'Normal', 9624, '2020-09-10 15:19:23', '2020-09-10 15:19:23');
INSERT INTO `edu_article` VALUES ('1303956214840934503', '1303581050760429570', '1317041581865316354', '这也是用来测试的文章', 'https://ss2.bdstatic.com/70cFvnSh_Q1YnxGkpoWK1HF6hhy/it/u=1401228862,23618446&fm=26&gp=0.jpg', 0, 10000, 'Normal', 800, '2020-10-12 09:22:49', '2020-10-12 14:09:05');
INSERT INTO `edu_article` VALUES ('1315547511133392898', '1303581050760429570', '1317041681933021186', '直接发布文章', 'https://ss1.bdstatic.com/70cFuXSh_Q1YnxGkpoWK1HF6hhy/it/u=3680566258,11581303&fm=26&gp=0.jpg', 0, 76135, 'Normal', 16583, '2020-10-12 14:59:03', '2020-10-12 14:59:03');
INSERT INTO `edu_article` VALUES ('1315550051237433345', '1303581050760429570', '1317041681933021186', '存为草稿标题', 'https://ss0.bdstatic.com/70cFuHSh_Q1YnxGkpoWK1HF6hhy/it/u=2818392441,2531380511&fm=26&gp=0.jpg', 0, 6238, 'Normal', 626, '2020-10-12 15:09:09', '2020-10-12 16:35:26');

-- ----------------------------
-- Table structure for edu_article_category
-- ----------------------------
DROP TABLE IF EXISTS `edu_article_category`;
CREATE TABLE `edu_article_category`  (
  `id` char(19) CHARACTER SET utf8mb4 COLLATE utf8mb4_general_ci NOT NULL COMMENT '文章类别ID',
  `name` varchar(255) CHARACTER SET utf8mb4 COLLATE utf8mb4_general_ci NOT NULL COMMENT '文章类别名',
  `is_deleted` tinyint(1) UNSIGNED NOT NULL DEFAULT 0 COMMENT '逻辑删除 1（true）已删除， 0（false）未删除',
  `gmt_create` datetime(0) NOT NULL COMMENT '创建时间',
  `gmt_modified` datetime(0) NOT NULL COMMENT '更新时间',
  PRIMARY KEY (`id`) USING BTREE,
  INDEX `idx_name`(`name`) USING BTREE
) ENGINE = InnoDB CHARACTER SET = utf8mb4 COLLATE = utf8mb4_general_ci COMMENT = '文章类别' ROW_FORMAT = Dynamic;

-- ----------------------------
-- Records of edu_article_category
-- ----------------------------
INSERT INTO `edu_article_category` VALUES ('1317041581865316354', '前端开发', 0, '2020-10-16 17:55:57', '2020-10-16 18:05:21');
INSERT INTO `edu_article_category` VALUES ('1317041681933021186', 'JAVA', 0, '2020-10-16 17:56:21', '2020-10-16 17:56:21');
INSERT INTO `edu_article_category` VALUES ('1319905639090130946', '后端', 0, '2020-10-24 15:36:42', '2020-10-24 15:36:42');
INSERT INTO `edu_article_category` VALUES ('1319945662233632770', '文学', 0, '2020-10-24 18:15:44', '2020-10-24 18:15:44');
INSERT INTO `edu_article_category` VALUES ('1319945789576896513', '人工智能', 0, '2020-10-24 18:16:14', '2020-10-24 18:16:14');
INSERT INTO `edu_article_category` VALUES ('1319945824435757058', '大数据', 0, '2020-10-24 18:16:23', '2020-10-24 18:16:23');

-- ----------------------------
-- Table structure for edu_article_comment
-- ----------------------------
DROP TABLE IF EXISTS `edu_article_comment`;
CREATE TABLE `edu_article_comment`  (
  `id` char(19) CHARACTER SET utf8mb4 COLLATE utf8mb4_general_ci NOT NULL COMMENT '评论ID',
  `article_id` varchar(19) CHARACTER SET utf8mb4 COLLATE utf8mb4_general_ci NOT NULL DEFAULT '' COMMENT '文章id',
  `member_id` varchar(19) CHARACTER SET utf8mb4 COLLATE utf8mb4_general_ci NOT NULL DEFAULT '' COMMENT '会员id',
  `nickname` varchar(50) CHARACTER SET utf8mb4 COLLATE utf8mb4_general_ci NULL DEFAULT NULL COMMENT '会员昵称',
  `avatar` varchar(255) CHARACTER SET utf8mb4 COLLATE utf8mb4_general_ci NULL DEFAULT NULL COMMENT '会员头像',
  `content` varchar(500) CHARACTER SET utf8mb4 COLLATE utf8mb4_general_ci NOT NULL COMMENT '评论内容',
  `is_deleted` tinyint(1) UNSIGNED NOT NULL DEFAULT 0 COMMENT '逻辑删除 1（true）已删除， 0（false）未删除',
  `gmt_create` datetime(0) NOT NULL COMMENT '创建时间',
  `gmt_modified` datetime(0) NOT NULL COMMENT '更新时间',
  PRIMARY KEY (`id`) USING BTREE,
  INDEX `idx_course_id`(`article_id`) USING BTREE,
  INDEX `idx_member_id`(`member_id`) USING BTREE
) ENGINE = InnoDB CHARACTER SET = utf8mb4 COLLATE = utf8mb4_general_ci COMMENT = '评论' ROW_FORMAT = Dynamic;

-- ----------------------------
-- Records of edu_article_comment
-- ----------------------------

-- ----------------------------
-- Table structure for edu_article_description
-- ----------------------------
DROP TABLE IF EXISTS `edu_article_description`;
CREATE TABLE `edu_article_description`  (
  `id` char(19) CHARACTER SET utf8mb4 COLLATE utf8mb4_general_ci NOT NULL COMMENT '文章描述ID',
  `article_id` varchar(19) CHARACTER SET utf8mb4 COLLATE utf8mb4_general_ci NOT NULL COMMENT '文章id',
  `description` text CHARACTER SET utf8mb4 COLLATE utf8mb4_general_ci NOT NULL COMMENT '文章内容',
  `is_delete` tinyint(1) UNSIGNED NOT NULL DEFAULT 0 COMMENT '逻辑删除 1（true）已删除， 0（false）未删除',
  `gmt_create` datetime(0) NOT NULL COMMENT '创建时间',
  `gmt_modified` datetime(0) NOT NULL COMMENT '更新时间',
  PRIMARY KEY (`id`) USING BTREE,
  INDEX `idx_article_id`(`article_id`) USING BTREE COMMENT '文章id'
) ENGINE = InnoDB CHARACTER SET = utf8mb4 COLLATE = utf8mb4_general_ci COMMENT = '文章内容' ROW_FORMAT = Dynamic;

-- ----------------------------
-- Records of edu_article_description
-- ----------------------------
INSERT INTO `edu_article_description` VALUES ('1303956215201644545', '1303956214840934402', '这是一篇测试文章的内容', 0, '2020-09-10 15:19:23', '2020-09-10 15:19:23');
INSERT INTO `edu_article_description` VALUES ('1303956215201644646', '1303956214840934503', '第二篇测试的文章的内容', 0, '2020-10-12 09:24:34', '2020-10-12 09:24:37');
INSERT INTO `edu_article_description` VALUES ('1315547511519268865', '1315547511133392898', '测试直接发布文章的内容啊', 0, '2020-10-12 14:59:03', '2020-10-12 14:59:03');
INSERT INTO `edu_article_description` VALUES ('1315550051279376385', '1315550051237433345', '这是测试存为草稿的内容啊', 0, '2020-10-12 15:09:09', '2020-10-12 15:09:09');

-- ----------------------------
-- Table structure for edu_chapter
-- ----------------------------
DROP TABLE IF EXISTS `edu_chapter`;
CREATE TABLE `edu_chapter`  (
  `id` char(19) CHARACTER SET utf8mb4 COLLATE utf8mb4_general_ci NOT NULL COMMENT '章节ID',
  `course_id` char(19) CHARACTER SET utf8mb4 COLLATE utf8mb4_general_ci NOT NULL COMMENT '课程ID',
  `title` varchar(50) CHARACTER SET utf8mb4 COLLATE utf8mb4_general_ci NOT NULL COMMENT '章节名称',
  `sort` int(10) UNSIGNED NOT NULL DEFAULT 0 COMMENT '显示排序',
  `gmt_create` datetime(0) NOT NULL COMMENT '创建时间',
  `gmt_modified` datetime(0) NOT NULL COMMENT '更新时间',
  PRIMARY KEY (`id`) USING BTREE,
  INDEX `idx_course_id`(`course_id`) USING BTREE
) ENGINE = InnoDB CHARACTER SET = utf8mb4 COLLATE = utf8mb4_general_ci COMMENT = '课程' ROW_FORMAT = Compact;

-- ----------------------------
-- Records of edu_chapter
-- ----------------------------
INSERT INTO `edu_chapter` VALUES ('1', '14', '第一章：HTML', 0, '2019-01-01 12:27:40', '2019-01-01 12:55:30');
INSERT INTO `edu_chapter` VALUES ('1181729226915577857', '18', '第七章：I/O流', 70, '2019-10-09 08:32:58', '2019-10-09 08:33:20');
INSERT INTO `edu_chapter` VALUES ('1192252428399751169', '1192252213659774977', '第一章节', 0, '2019-11-07 09:28:25', '2019-11-07 09:28:25');
INSERT INTO `edu_chapter` VALUES ('1298537237146824705', '1192252213659774977', '第二章节', 0, '2020-08-26 16:26:18', '2020-08-26 16:26:18');
INSERT INTO `edu_chapter` VALUES ('1330384994509582337', '1330384731350560769', '第一章：中国近代史', 0, '2020-11-22 13:37:55', '2020-11-22 13:37:55');
INSERT INTO `edu_chapter` VALUES ('1330385122544906241', '1330384731350560769', '第二章：抗日战争', 0, '2020-11-22 13:38:25', '2020-11-22 13:38:25');
INSERT INTO `edu_chapter` VALUES ('15', '18', '第一章：Java入门', 0, '2019-01-01 12:27:40', '2019-10-09 09:13:19');
INSERT INTO `edu_chapter` VALUES ('3', '14', '第二章：CSS', 0, '2019-01-01 12:55:35', '2019-01-01 12:27:40');
INSERT INTO `edu_chapter` VALUES ('32', '18', '第二章：控制台输入和输出', 0, '2019-01-01 12:27:40', '2019-01-01 12:27:40');
INSERT INTO `edu_chapter` VALUES ('44', '18', '第三章：控制流', 0, '2019-01-01 12:27:40', '2019-01-01 12:27:40');
INSERT INTO `edu_chapter` VALUES ('48', '18', '第四章：类的定义', 0, '2019-01-01 12:27:40', '2019-01-01 12:27:40');
INSERT INTO `edu_chapter` VALUES ('63', '18', '第五章：数组', 0, '2019-01-01 12:27:40', '2019-01-01 12:27:40');
INSERT INTO `edu_chapter` VALUES ('64', '18', '第六章：继承', 61, '2019-01-01 12:27:40', '2019-10-09 08:32:47');

-- ----------------------------
-- Table structure for edu_comment
-- ----------------------------
DROP TABLE IF EXISTS `edu_comment`;
CREATE TABLE `edu_comment`  (
  `id` char(19) CHARACTER SET utf8mb4 COLLATE utf8mb4_general_ci NOT NULL COMMENT '评论ID',
  `parent_id` varchar(19) CHARACTER SET utf8mb4 COLLATE utf8mb4_general_ci NOT NULL DEFAULT '0' COMMENT '评论父id',
  `course_id` varchar(19) CHARACTER SET utf8mb4 COLLATE utf8mb4_general_ci NOT NULL COMMENT '课程id',
  `course_title` varchar(50) CHARACTER SET utf8mb4 COLLATE utf8mb4_general_ci NOT NULL COMMENT '课程标题',
  `teacher_id` char(19) CHARACTER SET utf8mb4 COLLATE utf8mb4_general_ci NOT NULL COMMENT '讲师id',
  `member_id` varchar(19) CHARACTER SET utf8mb4 COLLATE utf8mb4_general_ci NOT NULL COMMENT '会员id',
  `nickname` varchar(50) CHARACTER SET utf8mb4 COLLATE utf8mb4_general_ci NULL DEFAULT NULL COMMENT '会员昵称',
  `avatar` varchar(255) CHARACTER SET utf8mb4 COLLATE utf8mb4_general_ci NULL DEFAULT NULL COMMENT '会员头像',
  `content` varchar(500) CHARACTER SET utf8mb4 COLLATE utf8mb4_general_ci NOT NULL COMMENT '评论内容',
  `is_deleted` tinyint(1) UNSIGNED NOT NULL DEFAULT 0 COMMENT '逻辑删除 1（true）已删除， 0（false）未删除',
  `gmt_create` datetime(0) NOT NULL COMMENT '创建时间',
  `gmt_modified` datetime(0) NOT NULL COMMENT '更新时间',
  PRIMARY KEY (`id`) USING BTREE,
  INDEX `idx_course_teacher_member_id`(`course_id`, `teacher_id`, `member_id`) USING BTREE
) ENGINE = InnoDB CHARACTER SET = utf8mb4 COLLATE = utf8mb4_general_ci COMMENT = '评论' ROW_FORMAT = Dynamic;

-- ----------------------------
-- Records of edu_comment
-- ----------------------------
INSERT INTO `edu_comment` VALUES ('1194499162790211585', '0', '1192252213659774977', 'java基础课程：test', '1189389726308478977', '1', '小三123', 'http://thirdwx.qlogo.cn/mmopen/vi_32/DYAIOgq83eoj0hHXhgJNOTSOFsS4uZs8x1ConecaVOB8eIl115xmJZcT4oCicvia7wMEufibKtTLqiaJeanU2Lpg3w/132', '课程很好', 0, '2019-11-13 14:16:08', '2019-11-13 14:16:08');
INSERT INTO `edu_comment` VALUES ('1194898406466420738', '0', '1192252213659774977', 'java基础课程：test', '1189389726308478977', '1', '小三123', 'http://thirdwx.qlogo.cn/mmopen/vi_32/DYAIOgq83eoj0hHXhgJNOTSOFsS4uZs8x1ConecaVOB8eIl115xmJZcT4oCicvia7wMEufibKtTLqiaJeanU2Lpg3w/132', '11', 0, '2019-11-14 16:42:35', '2019-11-14 16:42:35');
INSERT INTO `edu_comment` VALUES ('1194898484388200450', '0', '1192252213659774977', 'java基础课程：test', '1189389726308478977', '1', '小三123', 'http://thirdwx.qlogo.cn/mmopen/vi_32/DYAIOgq83eoj0hHXhgJNOTSOFsS4uZs8x1ConecaVOB8eIl115xmJZcT4oCicvia7wMEufibKtTLqiaJeanU2Lpg3w/132', '111', 0, '2019-11-14 16:42:53', '2019-11-14 16:42:53');
INSERT INTO `edu_comment` VALUES ('1195251020861317122', '0', '1192252213659774977', 'java基础课程：test', '1189389726308478977', '1', '唐古拉山', NULL, '2233', 0, '2019-11-15 16:03:45', '2019-11-15 16:03:45');
INSERT INTO `edu_comment` VALUES ('1195251382720700418', '0', '1192252213659774977', 'java基础课程：test', '1189389726308478977', '1', '尼古拉斯', NULL, '前面，我们解释了BigDecimal的equals方法，其实不只是会比较数字的值，还会对其精度进行比较。\r\n\r\n所以，当我们使用equals方法判断判断两个数是否相等的时候，是极其严格的。\r\n\r\n那么，如果我们只想判断两个BigDecimal的值是否相等，那么该如何判断呢？\r\n\r\nBigDecimal中提供了compareTo方法，这个方法就可以只比较两个数字的值，如果两个数相等，则返回0。', 0, '2019-11-15 16:05:11', '2019-11-15 16:05:11');
INSERT INTO `edu_comment` VALUES ('1195252819177570306', '0', '1192252213659774977', 'java基础课程：test', '1189389726308478977', '1', '小三1231', 'http://thirdwx.qlogo.cn/mmopen/vi_32/DYAIOgq83eoj0hHXhgJNOTSOFsS4uZs8x1ConecaVOB8eIl115xmJZcT4oCicvia7wMEufibKtTLqiaJeanU2Lpg3w/132', '55', 0, '2019-11-15 16:10:53', '2019-11-15 16:10:53');
INSERT INTO `edu_comment` VALUES ('1195252899448160258', '0', '1192252213659774977', 'java基础课程：test', '1189389726308478977', '1', '小三1231', 'http://thirdwx.qlogo.cn/mmopen/vi_32/DYAIOgq83eoj0hHXhgJNOTSOFsS4uZs8x1ConecaVOB8eIl115xmJZcT4oCicvia7wMEufibKtTLqiaJeanU2Lpg3w/132', '55', 0, '2019-11-15 16:11:13', '2019-11-15 16:11:13');
INSERT INTO `edu_comment` VALUES ('1195252920587452417', '0', '1192252213659774977', 'java基础课程：test', '1189389726308478977', '1', '小三1231', 'http://thirdwx.qlogo.cn/mmopen/vi_32/DYAIOgq83eoj0hHXhgJNOTSOFsS4uZs8x1ConecaVOB8eIl115xmJZcT4oCicvia7wMEufibKtTLqiaJeanU2Lpg3w/132', '223344', 0, '2019-11-15 16:11:18', '2019-11-15 16:11:18');
INSERT INTO `edu_comment` VALUES ('1195262128095559681', '0', '14', 'XHTML CSS2 JS整站制作教程课程学习', '1189389726308478977', '1', '小三1231', 'http://thirdwx.qlogo.cn/mmopen/vi_32/DYAIOgq83eoj0hHXhgJNOTSOFsS4uZs8x1ConecaVOB8eIl115xmJZcT4oCicvia7wMEufibKtTLqiaJeanU2Lpg3w/132', '11', 0, '2019-11-15 16:47:53', '2019-11-15 16:47:53');
INSERT INTO `edu_comment` VALUES ('1196264505170767874', '0', '1192252213659774977', 'java基础课程：test', '1189389726308478977', '1', '小三1231', 'http://thirdwx.qlogo.cn/mmopen/vi_32/DYAIOgq83eoj0hHXhgJNOTSOFsS4uZs8x1ConecaVOB8eIl115xmJZcT4oCicvia7wMEufibKtTLqiaJeanU2Lpg3w/132', '666666', 0, '2019-11-18 11:10:58', '2019-11-18 11:10:58');
INSERT INTO `edu_comment` VALUES ('1309414231136821250', '0', '1192252213659774977', 'java基础课程：test', '1189389726308478977', '1303581050760429570', '文田哥', 'https://ss1.bdstatic.com/70cFuXSh_Q1YnxGkpoWK1HF6hhy/it/u=1657400335,471730042&fm=26&gp=0.jpg', '内容没有进来啊，这，，，，', 0, '2020-09-25 16:47:35', '2020-09-25 16:47:35');
INSERT INTO `edu_comment` VALUES ('1309418665078185986', '0', '1192252213659774977', 'java基础课程：test', '1189389726308478977', '1303581050760429570', '文田哥', 'https://ss1.bdstatic.com/70cFuXSh_Q1YnxGkpoWK1HF6hhy/it/u=1657400335,471730042&fm=26&gp=0.jpg', '求你了，内容给我进来吧', 1, '2020-09-25 17:05:12', '2020-09-25 17:05:12');
INSERT INTO `edu_comment` VALUES ('1309424507659771905', '0', '1192252213659774977', 'java基础课程：test', '1189389726308478977', '1303581050760429570', '文田哥', 'https://ss1.bdstatic.com/70cFuXSh_Q1YnxGkpoWK1HF6hhy/it/u=1657400335,471730042&fm=26&gp=0.jpg', '为什么就是进不来呢？', 0, '2020-09-25 17:28:25', '2020-09-25 17:28:25');
INSERT INTO `edu_comment` VALUES ('1309425051153489922', '0', '1192252213659774977', 'java基础课程：test', '1189389726308478977', '1303581050760429570', '文田哥', 'https://ss1.bdstatic.com/70cFuXSh_Q1YnxGkpoWK1HF6hhy/it/u=1657400335,471730042&fm=26&gp=0.jpg', 'vue 难道真的只能绑定一个数据？', 0, '2020-09-25 17:30:35', '2020-09-25 17:30:35');
INSERT INTO `edu_comment` VALUES ('1309427453147504641', '0', '1192252213659774977', 'java基础课程：test', '1189389726308478977', '1303581050760429570', '文田哥', 'https://ss1.bdstatic.com/70cFuXSh_Q1YnxGkpoWK1HF6hhy/it/u=1657400335,471730042&fm=26&gp=0.jpg', '这次，数字字数统计，添加功能一起，测试', 0, '2020-09-25 17:40:07', '2020-09-25 17:40:07');
INSERT INTO `edu_comment` VALUES ('1309427831469531138', '0', '1192252213659774977', 'java基础课程：test', '1189389726308478977', '1303581050760429570', '文田哥', 'https://ss1.bdstatic.com/70cFuXSh_Q1YnxGkpoWK1HF6hhy/it/u=1657400335,471730042&fm=26&gp=0.jpg', '这次测试是否会跳转页面', 0, '2020-09-25 17:41:38', '2020-09-25 17:41:38');
INSERT INTO `edu_comment` VALUES ('1309428011967209473', '0', '1192252213659774977', 'java基础课程：test', '1189389726308478977', '1303581050760429570', '文田哥', 'https://ss1.bdstatic.com/70cFuXSh_Q1YnxGkpoWK1HF6hhy/it/u=1657400335,471730042&fm=26&gp=0.jpg', '清空输入的值，测试是否会跳转页面', 0, '2020-09-25 17:42:21', '2020-09-25 17:42:21');
INSERT INTO `edu_comment` VALUES ('1309428271905005570', '0', '1192252213659774977', 'java基础课程：test', '1189389726308478977', '1303581050760429570', '文田哥', 'https://ss1.bdstatic.com/70cFuXSh_Q1YnxGkpoWK1HF6hhy/it/u=1657400335,471730042&fm=26&gp=0.jpg', '重新家在数据，美滋滋？', 0, '2020-09-25 17:43:23', '2020-09-25 17:43:23');
INSERT INTO `edu_comment` VALUES ('1310510477750591489', '0', '1192252213659774977', 'java基础课程：test', '1189389726308478977', '1303581050760429570', '文田哥', 'https://ss1.bdstatic.com/70cFuXSh_Q1YnxGkpoWK1HF6hhy/it/u=1657400335,471730042&fm=26&gp=0.jpg', '评论新增加了一个字段parentid,', 0, '2020-09-28 17:23:41', '2020-09-28 17:23:41');
INSERT INTO `edu_comment` VALUES ('1311120498062602242', '', '1192252213659774977', 'java基础课程：test', '1189389726308478977', '1303581050760429570', '文田哥', 'https://ss1.bdstatic.com/70cFuXSh_Q1YnxGkpoWK1HF6hhy/it/u=1657400335,471730042&fm=26&gp=0.jpg', '这次增加了一个课程标题的冗余字段', 0, '2020-09-30 09:47:41', '2020-09-30 09:47:41');

-- ----------------------------
-- Table structure for edu_course
-- ----------------------------
DROP TABLE IF EXISTS `edu_course`;
CREATE TABLE `edu_course`  (
  `id` char(19) CHARACTER SET utf8mb4 COLLATE utf8mb4_general_ci NOT NULL COMMENT '课程ID',
  `teacher_id` char(19) CHARACTER SET utf8mb4 COLLATE utf8mb4_general_ci NOT NULL COMMENT '课程讲师ID',
  `subject_id` char(19) CHARACTER SET utf8mb4 COLLATE utf8mb4_general_ci NOT NULL COMMENT '课程专业ID',
  `subject_parent_id` char(19) CHARACTER SET utf8mb4 COLLATE utf8mb4_general_ci NOT NULL COMMENT '课程专业父级ID',
  `title` varchar(50) CHARACTER SET utf8mb4 COLLATE utf8mb4_general_ci NOT NULL COMMENT '课程标题',
  `price` decimal(10, 2) UNSIGNED NOT NULL COMMENT '课程销售价格，设置为0则可免费观看',
  `lesson_num` int(10) UNSIGNED NOT NULL DEFAULT 0 COMMENT '总课时',
  `cover` varchar(255) CHARACTER SET utf8 COLLATE utf8_general_ci NOT NULL COMMENT '课程封面图片路径',
  `buy_count` bigint(10) UNSIGNED NOT NULL DEFAULT 0 COMMENT '销售数量',
  `view_count` bigint(10) UNSIGNED NOT NULL DEFAULT 0 COMMENT '浏览数量',
  `version` bigint(20) UNSIGNED NOT NULL DEFAULT 1 COMMENT '乐观锁',
  `status` varchar(10) CHARACTER SET utf8mb4 COLLATE utf8mb4_general_ci NOT NULL DEFAULT 'Draft' COMMENT '课程状态 Draft未发布  Normal已发布',
  `is_deleted` tinyint(1) UNSIGNED NOT NULL DEFAULT 0 COMMENT '逻辑删除 1（true）已删除， 0（false）未删除',
  `gmt_create` datetime(0) NOT NULL COMMENT '创建时间',
  `gmt_modified` datetime(0) NOT NULL COMMENT '更新时间',
  PRIMARY KEY (`id`) USING BTREE,
  INDEX `idx_title`(`title`) USING BTREE,
  INDEX `idx_subject_id`(`subject_id`) USING BTREE,
  INDEX `idx_teacher_id`(`teacher_id`) USING BTREE
) ENGINE = InnoDB CHARACTER SET = utf8mb4 COLLATE = utf8mb4_general_ci COMMENT = '课程' ROW_FORMAT = Compact;

-- ----------------------------
-- Records of edu_course
-- ----------------------------
INSERT INTO `edu_course` VALUES ('1192252213659774977', '1189389726308478977', '1178214681139539969', '1178214681118568449', 'java基础课程：test', 0.01, 2, 'https://ss0.bdstatic.com/70cFvHSh_Q1YnxGkpoWK1HF6hhy/it/u=3258994880,2497513034&fm=26&gp=0.jpg', 4, 387, 1, 'Normal', 0, '2019-11-07 09:27:33', '2019-11-18 13:35:03');
INSERT INTO `edu_course` VALUES ('1294525154059165698', '1189426464967995393', '1178585108454121473', '1178214681181483010', '历史测试课程', 0.01, 2, 'https://ss0.bdstatic.com/70cFvHSh_Q1YnxGkpoWK1HF6hhy/it/u=3258994880,2497513034&fm=26&gp=0.jpg', 0, 0, 1, 'Draft', 0, '2020-08-15 14:43:43', '2020-09-22 18:00:37');
INSERT INTO `edu_course` VALUES ('1308333606111846402', '1298821476777984001', '1299225743426924546', '1299225682349469698', '测试发布课程', 0.00, 100, 'https://timgsa.baidu.com/timg?image&quality=80&size=b9999_10000&sec=1606032663717&di=ef95d89a1258754acdd95ddf40370202&imgtype=0&src=http%3A%2F%2Ft9.baidu.com%2Fit%2Fu%3D2525651566%2C3831955688%26fm%3D193', 0, 0, 1, 'Draft', 0, '2020-09-22 17:13:34', '2020-09-22 18:05:53');
INSERT INTO `edu_course` VALUES ('1310496349166264322', '1298821476777984001', '1178214681584136193', '1178214681554776066', 'Python爬虫', 0.00, 200, 'https://ss0.bdstatic.com/70cFuHSh_Q1YnxGkpoWK1HF6hhy/it/u=2826844886,1095187502&fm=26&gp=0.jpg', 0, 0, 1, 'Draft', 0, '2020-09-28 16:27:32', '2020-09-28 16:27:32');
INSERT INTO `edu_course` VALUES ('1330384731350560769', '1298821476777984001', '1299225743426924546', '1299225682349469698', '高二历史', 0.00, 112, 'https://ss0.bdstatic.com/70cFvHSh_Q1YnxGkpoWK1HF6hhy/it/u=3258994880,2497513034&fm=26&gp=0.jpg', 0, 0, 1, 'Normal', 0, '2020-11-22 13:36:52', '2020-11-22 13:39:28');
INSERT INTO `edu_course` VALUES ('14', '1189389726308478977', '1101348944971091969', '1101348944920760321', 'XHTML CSS2 JS整站制作教程课程学习', 0.00, 3, 'https://ss1.bdstatic.com/70cFvXSh_Q1YnxGkpoWK1HF6hhy/it/u=2615661883,2995426456&fm=26&gp=0.jpg', 3, 44, 15, 'Normal', 0, '2018-04-02 18:33:34', '2019-11-16 21:21:45');
INSERT INTO `edu_course` VALUES ('15', '1189389726308478977', '1101348944971091969', '1101348944920760321', 'HTML5入门课程学习', 0.00, 23, 'https://ss0.baidu.com/6ONWsjip0QIZ8tyhnq/it/u=633326130,366258416&fm=173&app=49&f=JPEG?w=500&h=300&s=70F3487E061149CC170A3AD80300C09D', 0, 51, 17, 'Normal', 0, '2018-04-02 18:34:32', '2019-11-12 10:19:20');
INSERT INTO `edu_course` VALUES ('18', '1189389726308478977', '1178214681139539969', '1178214681118568449', 'Java精品课程', 0.01, 20, 'https://ss0.bdstatic.com/70cFvHSh_Q1YnxGkpoWK1HF6hhy/it/u=3258994880,2497513034&fm=26&gp=0.jpg', 151, 737, 6, 'Normal', 0, '2018-04-02 21:28:46', '2019-11-18 11:14:52');

-- ----------------------------
-- Table structure for edu_course_collect
-- ----------------------------
DROP TABLE IF EXISTS `edu_course_collect`;
CREATE TABLE `edu_course_collect`  (
  `id` char(19) CHARACTER SET utf8mb4 COLLATE utf8mb4_general_ci NOT NULL COMMENT '收藏ID',
  `course_id` char(19) CHARACTER SET utf8mb4 COLLATE utf8mb4_general_ci NOT NULL COMMENT '课程讲师ID',
  `member_id` char(19) CHARACTER SET utf8mb4 COLLATE utf8mb4_general_ci NOT NULL DEFAULT '' COMMENT '会员ID',
  `is_deleted` tinyint(3) NOT NULL DEFAULT 0 COMMENT '逻辑删除 1（true）已删除， 0（false）未删除',
  `gmt_create` datetime(0) NOT NULL COMMENT '创建时间',
  `gmt_modified` datetime(0) NOT NULL COMMENT '更新时间',
  PRIMARY KEY (`id`) USING BTREE
) ENGINE = InnoDB CHARACTER SET = utf8mb4 COLLATE = utf8mb4_general_ci COMMENT = '课程收藏' ROW_FORMAT = Compact;

-- ----------------------------
-- Records of edu_course_collect
-- ----------------------------
INSERT INTO `edu_course_collect` VALUES ('1196269345666019330', '1192252213659774977', '1', 1, '2019-11-18 11:30:12', '2019-11-18 11:30:12');

-- ----------------------------
-- Table structure for edu_course_description
-- ----------------------------
DROP TABLE IF EXISTS `edu_course_description`;
CREATE TABLE `edu_course_description`  (
  `id` char(19) CHARACTER SET utf8mb4 COLLATE utf8mb4_general_ci NOT NULL COMMENT '课程ID',
  `description` longtext CHARACTER SET utf8mb4 COLLATE utf8mb4_general_ci NULL COMMENT '课程简介',
  `gmt_create` datetime(0) NOT NULL COMMENT '创建时间',
  `gmt_modified` datetime(0) NOT NULL COMMENT '更新时间',
  `is_deleted` tinyint(1) UNSIGNED NOT NULL DEFAULT 0 COMMENT '逻辑删除 1（true）已删除， 0（false）未删除',
  PRIMARY KEY (`id`) USING BTREE
) ENGINE = InnoDB CHARACTER SET = utf8mb4 COLLATE = utf8mb4_general_ci COMMENT = '课程简介' ROW_FORMAT = Dynamic;

-- ----------------------------
-- Records of edu_course_description
-- ----------------------------
INSERT INTO `edu_course_description` VALUES ('1104870479077879809', '<p>11</p>', '2019-03-11 06:23:44', '2019-03-11 06:23:44', 0);
INSERT INTO `edu_course_description` VALUES ('1192252213659774977', '<p>测试</p>', '2019-11-07 09:27:33', '2019-11-13 16:21:28', 0);
INSERT INTO `edu_course_description` VALUES ('1294525154059165698', '<p>历史测试课程</p>', '2020-08-15 14:43:43', '2020-09-22 18:00:37', 0);
INSERT INTO `edu_course_description` VALUES ('1294526264912191490', '', '2020-08-15 14:48:07', '2020-08-15 14:48:07', 0);
INSERT INTO `edu_course_description` VALUES ('1308333606111846402', '<p><img class=\"wscnph\" src=\"data:image/jpeg;base64,/9j/4AAQSkZJRgABAQAAAQABAAD/2wBDAAUDBAQEAwUEBAQFBQUGBwwIBwcHBw8LCwkMEQ8SEhEPERETFhwXExQaFRERGCEYGh0dHx8fExciJCIeJBweHx7/2wBDAQUFBQcGBw4ICA4eFBEUHh4eHh4eHh4eHh4eHh4eHh4eHh4eHh4eHh4eHh4eHh4eHh4eHh4eHh4eHh4eHh4eHh7/wAARCAN4A3gDASIAAhEBAxEB/8QAHQAAAQUBAQEBAAAAAAAAAAAAAwABAgQFBgcICf/EAEUQAAICAQMCBAQEBQEIAgEACwECAAMRBBIhBTETIkFRBjJhcRQjQoEHUpGhscEVJDNictHw8YLhQxY0JVNzkpOiY4PC/8QAGwEAAwEBAQEBAAAAAAAAAAAAAAECAwQFBgf/xAAoEQEBAAICAgIDAAMBAAMBAAAAAQIRAyESMQRBBRNRIjJhFBUzQnH/2gAMAwEAAhEDEQA/APpQrj5+ZE1oRuQYPtHY88ySHPYiYbVaGLLFUhlj12K/lzzCspzwRmQFQOSeDDZbMw5I9JGwEL2yO8hYtiJuXkEwPUNSmnoFtp24GTM8qUcB8b638d1hemqcKDlvvJV0jSdGa5CN7eVR7kTP6ZWNZ1LWay1ssXOz+v8A2hviXUV06MVI/Zt0xtbYxR12t/DaJkqHyDL4PrPPeta8u9mqCkseF57zoeuXZ0FhFnLzjRZ4Wt/N5qqG5o8J5e2sxjM63q301AoOXts7/SE6WlfT9EdZcQ2wZwZQZn13V7NbauKh8oi69c1+gXR053WuO3tL8JGdquNS+oGr1hOwntn2MDpXCdG1Dry7HGYLqWy96tHRlQCA5H0lrUmtUCDiutcfcwt0jJkWWWW3AtyAo4lTq1p2rWD9xLTNszYeAZn3jexY/tHtGkG8lQMfpKLf1A2WH8tO/wB4PqVgREQdzNHpGnSrSrZnLOcsIa3Da3TmOt+IAhXy6esg/TOMf4hf4hkV9OprqIZtw3CWfg+geBrte/DM+0Z9hmcz8X6stqPMxYA9pnrtpj6Yx2sgPp6wNh22h0OV9ZYpAWsvjKnmCIZAbFGVbg/SVrplb2Dql3L46DgRaawOvm4h6NrZQsMN6Skq2ae/aw8sJ0ayUHJXkesYMRwOJAsam4OVbmFGx0JB5Aj2ezmwbMOOYMK68q+3PrHfGwe8j4gHkIORFbTlWKLMeW5c5/VIa7RrYRbVgkSABdM54kqmNZ5bI9pN7NXrsIt2uMMuJds3VWqrDa+N2PcR76E1On8WsYsHp9pLqtxsXT37cEJtb9o8aiwHWadNTUbUAWwSjSB4bVOcP9pfpsFpAU4DSFlbWVtWy7WTkH3mmyZtW6qwo3Yyy9asMLycSJVbqHYjbYICq11AP1wYbVMgANj5PpLOrTdp1fEjrKwtufQw2jPi0PUwzjtC9HYq6bC2Bj2k9v5hLce0jXUUJZzxniE1AK2r7GLG7paRUljs7D3lmrUMw8OwfLwpla0bSpX94VxhRYsMpoaiyVPDKucd5BmWx8jkQlNmNMNoy3qIJyFPiKOD3kiTaOpqxVvQZgW/4a2ZwZcBFlJK+vePbRupVQsNn4n0di2aZ7Dy54Ih+n2PpQ7qduBzKWhBrsIPo3ImlqtLYNPqdQg8jIMf2l45XY8Rj+btKjORyJZa1LaVCgK9fExui3t4QWxsPxiW94NrK2Qc948qLfo+qFialLyTtbjMuBRZpCC2W9sQ9VS63pzq481Y8pErdOfLICvKNg5il30mWn6Xrm0tjUMN4B5HtOx+HtWr2klc1YyUnFdS0j06nUJS27xfMplv4a6rcLN6EAo22xT6zHOWNZdus1NX4Xq9DlMaTWZQnuBzzK3xJ05NO2m1mMquCSO2M8H9zOg6Z4d1RXC2KuH2t6A8nH9ZZ1ldNNA6dras0XVPXS49Cq5X+5jxrSYyuM+G2pPXNYoQKLlBU+54zG+Lun2V9VNdbYS0ZX6yn02ojqVIJK2U37G+owf/AKnT/F+hsfoun1q58RGVTFpnk86apqjZkEms5b6cyx4q2VkAct2l/WqmGrC+Z68t/WRs0VA6V4lLZdCHP2Er2hgW0F13+0Gwcpz+ntNLqKmnUPX+lgGX+kzA7bmBHEkztWCRnjIhtFWDpNS3cpz+0C9hIDAcCaGh2LodWD3sTCytBS2qGD+uOZeVrD08U48rWAzMJZ69i/MFBP8AWbmny2lqrGDmxcn9oaORPVAPUwLedG2j7GBLYwz917/eXTXWNVqa7DwpbH7doK+pfxRrRTttr3A/Yw0uXQmvpN1NesX5uFYD0htAi26Z7mcFlJwP2gtGbH0r0qNx+bEl0Mf749TqRkdvvxLxK9t+ilup/C/+0UrzfogCQO4/8xM74vYnqhtQBUtrS5SPUk4P+Jp/BeubpnWtX0+1Q+m1NZQ59D6f6wPVun/mUPWxuGSjbvQDmXqF6Ueuabx9Lodawxldh/0/xOb1VPg21oB3YZ/rOs17HU9G8JB/w22rOZ1SPlXIywIyJBW9I7RY70j0bj+kq6vKWLzxnmFax/DssXyvvGILXlXtQM/pzC47R5LGoHh2aYk43rlfrFavlJx83IgLxbb0lWrbLUvhffEtVW+XzLnAEzvStn01gu21hcOnOfeXabVDduc4xKpQ1a6uxBkMs0GopuJxZhiuMD6zTXSsasJURp7bq18xWV3UAVageYbcN95c6dch0lVLA+Ij5YH1B4i6tVs1BqqrHg2DIPsYaV5MvWKBjUIvleF0Lna1bcjuplhkNelbTthvE7H2lLSZpfwLAfLxn3k5YnZGtTXW1CuyYIML1HT0nQVWMciwEN9IXpgR6DWy/YwrUKumt0V2SLeUPsYY1nZtX6RpbPwdWn3bfFJCqT3K8D/MXRyK9UNATjxK3x/1YPEz9fddpdXRo1JU6ZQVPuTLGpS1Oo6e+o8s6kH295pGf2za6bmtdCPMCQB9jIkqGrtTgg7WI9zxNnXlGW/VqMOtzLgfczP/AA9dNp4Jru5U+xl4yNG5bRbd0QN4eXrXcftmRqsBro12m8garZcP+b3/AHgOidQ1FipTbhVW3wnz/Lg/9oY1npnWdRpX82n1XNf0zHlE2pGqwaW0Ag+JwQJQ6Vb4OoPlIuqQsa2/UJY0+ru0+uWm1MspJz6Y7CN15Fp8PVVJ+eHy59No9JnS8mqaFt0g12gB3DD8e+eR/Sa/T9XXba2osTNbgH7Y7j95k/Dmv0+noakt8p8Qn0weMf3mzp00vhs9Slgyttx2ho/OsT4h0b3/AIjUkK6acLYB6tlsTp/4Y6ga/pYR/KrO4Izwp3cTI6hqqNHqGVq/HutpZPD9ACCM/tB/w6tfTdN1qFstVqF2D2BBzMuSNMMtvbfh2p9Ot+iJDWaaxdoz9eZ2NDWNeC1eUCZPM85r1bnqGj1KPgaqjLf9RzO/6ZYyCl924eHhx+8WBZztd6Ra1jNWyEg5H2mlpmUWABSCFmPpb10/WlZM7LHYTXYKuryH7pn+86Maxqw7FGUPXjjvJbdzk5IGPeOS7Lk8iD2lT4i5+0elaFWpAN2C/wC8ltG7gbREjhxuzg+0bdkxyHrSZBzx2khxEvaOe0fim0/B5jcRD5TEBmVbpnoooiMcxSdnFQlCeTE/hjt3kcDd2hggyMgSFUAFhyCc+kTvaFyJYYDsABGsAwIbJUstuCjyd/Wcj/Ejqr1aE0p87YXj6zs9Wy1aZrGbhBmeWfFd76rrHgN5h4oHH0MzyaYwToGmP4JmOFbb4n+k5Lr+qssvQOxAYlAB6/WdN1PULoOl2WhyCzbFx7ev95wPUdVt1JtclhWSFmGXuNZAPiHVhdNXSvOz5m9TOX1mpa4HSqCrXDBf6TS6rbSbAquSXXJB98zOasisscBl7TaTUTlbCYolRRV4rTn6mUtW501K6tkwduVz6Q++2rG8KTqCAolX4r1HjPXolXAVVU498SmW2Vo/EYHVWA+d+MQnUX32ChDwg3kS7cBodGmmVQ5K5yfSVenV1tTbbafzX4H2kZBm3HxKVLLgMcync6o2Bg47S31O0+KKVGFQASjqqwKixOC3aMKZVtVqhWTyvOZsL+TQm04z5v27TO6YjLd44GcnbNDVqxNVfGThQB9TLnonSdMuFXRK8DixixH0nD9aYuS+ckscfadv8UInSvh5HQjcFCAD3xzOBtYslbMeSpkyKlQ0N6jK2t5GGMGGqwhsoc5UjjMoIQW2vgbe0tJZ4jBm4x6yr6AGqoalt6iHZzqaVBA3N6y0QHq3MNy9uJUXT/h7WKvlf0kzMtAKvz1MfMplfxDU5UjE0r6hZR4yY8ReD9ZSdQyZsHm9cS56Gki+9VIhHIZDtGDiVlO3t2hVdQp+sNbOB+L4YGfWTRwxiZUsAHrBspU+WLSlzSXNVbuBOB6e80b6l1emBqwvusw1sK4B7zQ0bORkNg+0iCaUwG0tuzJJ+s1dTX43T11FIwy/NiNbUNTWd4Ckeohejh67Tp7AfCsGAfSWMsWXaa7KzZWBuHzCVnrXAZQBn9Mt63TtotY+0EpnzCAdQwLA8mOdp1UWr8ara/zDsYHpr7NS1Xc+uYesMGrsU5U8GA1i+HqUvTjcfSaZQ9h6nfkg/paEuy9CsO49YLUZ8Q98nmWNEVahkPeZydpv/A7eVAA594TTdtj9pPYTXkd4EbmODxiGd2XYtTeFadvrFqD4bhs+Ru4g7CRtZQSI7Ddw/wAvcj1kKxo9OK22LyG5zLtbAXKp+X1MqaFq2Koc4Jxk+kPqlatjSPXsYlJavT+HeLEGPE74m9pwh+H3V2y2cEe8yelMdQ2y8jgYE3DpvA0VRsXyWkgH0zKx9hyWp071O20YJHBhNPabNN8xDJ3+stXI9t1tLEC1Mke2JmV2NVqgGXCMcESqWTq/hu6kW1I+PDc8/WWOq6Fum666u0Lg4K49czL6Rs01qah9rIr/AC+uJvdT1lGuuqZ85I85Pp7f6Q4/ZaZe3FbFlO6rzg/8vtMrUhemdTS9f+Fe2ftN+yrIpdmPhM2yw+wmN1HTFzdpHO7wWwPeXnjBjvbq9VqXXQ0a/SuVYptcA/MJ2+kso6t8N/lOu+lMhvUuBnE8v+GtS6111ahSwqyrKf5T6zsvh7VafpWtbp9hC0nFuSfU+n9phY2lctqrjVrzqnXGbAGYepno9wo6j8K65j5TSC6D7jj/ABOS+L+nDQGw1KH0+obxkPsTz/rNv4H1B1PSGW8ZDac+Jjt5QZU0WTiOuVjT63RsowHHh2fU4JgNFbVTfbTapat0asg9h/6m38RV03rq8Dz0KtiD65A/xIafS0a7TBhWFZ6XdzjtkDMqRm53ruksq0+mvXzFl259+TMvU1FRuAxkbSPrO1fQJqfgnUalt3i6N8D6jj/vOO1Tk11EKxU43fcyLDVKF3P4LcS7txvrXsiZz9YHVItOmDJ5rSe/tLOgcWO+4cNXt/eAUNOVyHK8FMMfedB0KtW0qvtBG7sZkW1+HipQD5TN/o1TmqqsDAJ3EfQAiByqb7rGttxgkg8S9rPLoun3EkMrlW+qnPH9ZU6YFfUXq5IUKSpPb6TX1oS/Q6cqowHEm1QHSVGn6ndU64O3cD9JedVs6xXZTRtOn4dcf8TPb+mf7RdaBo65WxQKpQVsfePpdS41el1AZS281sD68EiEoB6jS2g+K9OA4NloV+PQnBm91el7beoUVHIqsDqR6ZAyJi/Edb2dR0XUal83iBGPsfX/ABN7phazU6/LKPEAYFj3I5lyp+2d07So+maqwhX2nK/UnM5vq2nFeouXJBU549Z1d2zxbdeCdqqFIHvxMf4tpr/2vcaWzWRkEdptIWTl9SA7qUQr6kf6ypqRm0WAcdsTS1GUsWzPzjBEp3IfxS8HwnOAfrHqIG6Xp1t0WufPnrQME9+QMyWlrY2KH8qBQT/zD1hvhoK3U2r3Kd6OhA7EAE/5i0iPZpkLglkOzA7lT3/xObKdqli/dpLfBC1Ab0TxA/uM9pPplHjlShwznJPt7iaWjQXaMNu2FScZ9VxKOlI6frHszmjIZSPc+k0+jD197W66x6k2Gttu0euO80tMqa3p+5hjPAH8pgNZTW27WI67rPOoHpnvmH6fdXUlZCnwbM5OOx9YDtnW6Y1v4ZblPURmp8YbSQHB3D/mHbE2tdpaQ6LS2VsONzTMq0mzUW1bj4681KfUSaWOW2t0FUu01YsIVuc59D6CWtXSr0+OGCvU3Cj1mfpqbGqfPkDEE/ce019cqDoq6moKWTixM+b7yYuuY+LabLdRTr0+cKCQPpJ9I1Ka2jTVuQtwU4z6kZM0xWdTpbE2gq1e5T+05M2/hWByF23/AL4wJcvTK3VdHXpG/G36dwW31+KMe/r/AHMpCt72GnwwSpg659T7f2m3otSh1dVlbKGavIJ9xjIP0i6jpqk1W6mwjaQ/bucxyjbJqorb8Rc25QXAKj9LY7y45/FdOcWY/Fae0nJ+bbx/2hqqwa9UOfznUsccA4lTXmzp/V/xDKLGvO119MGab3B7XNKiao1HaXfGH+olTXMNVqL+muqJvG0H+XPrDdOtxZqQthqtVdyKOzDiVtURqLUscLXYVySDy30+8nXYT6JX+H0+o0WpKuaWwhX/APIDjj+pnSfD2rXTVpTqVxWWI47qv6v6cTm9KCBW1gVWrGVdTnJz6zZoD3qgK7XY72b/AJT3hohuvaLb1Ki6s7ltYIzD9IJxn+8zui1NpfiHVaJGYpW2OOx9jNK5jatalzsbCkj1wcgzO0jW6HqFtzn8zJ5b1XPEzzlqsL27/wCHdVZqei6O9rSXobaQf2nrXw9uspZgMiysft2nh/Rr10+ts0bkhGIsGO3/AJxPZvgPVgdGtsLbijf2kY9Lu2vSwF77ctxlc/pPqZqnNrs5sKlQBuHrx2md05WbqGq05QADPm+8vVL5SRlq85HvxxN8WdaWluWynHII7n3k2cF9g7Y7yto7FsqYABTniGDEWBXXt6iWqFaprsVl594RcMu8f0j4xk+h7Zgv+FaB+kwxsFWVfjkR9wkTyT7CMMZxK2iiD5TEp4iA4MbELUpE8RSEUkwAApwZLODIjkyWP1H0knSbk4gr7AuFHeSsYsDtgbAtSE5yvqT7yMiUeruzVeGxwMjP2xPP3p8X4gyDwAATO46i7Pp9zcZb+0871+uGmt13hn/hNkn15k5Xppiw/jLqNQ0f4QHPhllH/VuzOU19z+Hp67E8z943VuoDV9RByNobJkes2gXrZ3UV8TCXdaxgNltddc/AqOFgG1TuXS3gv8sd7GxggkO0FR+ZZqdR6VVsoz7n/wBTovpOQpuW/UNrT/wNKML9/wDwyt0+tL9Tbr9W3rnH+IPXN4VVPTqRned1sfUMLa3SsYVQB98RslXX63ezsq7hnAMHUT+TuONxiqqUoWsOAsGjE6itQCMHPMWthX6uv+9so95ldQsaxlU8MnYTV6sWFrXdxmYel3Xa5nbtmHiTT6VWTdotGgy1j7m/tNHounOs+JWB5rrbbj6gZlbpah+rNYnG1GYEek3vg0beo23KoJWshuPWUTJ/iLq2tuGjz5akyR9ZyjOrrWufSaXxZqjqOsagjsDtMxbmCGth6GBxDUIRbzxC0vuoKnsPWTfbqay/Zx2EroWUMjDBMV9HF3S3mrFTco0uNtdPBK8e8y6OcoxljSW7dyNk59TIWJU7U2FdmRI6rTBs2oefUQ9bI6bTwQZFs03Cw8pDYZrVleV7+siyHZlO80tVQHHi0HJPcSnZWUrbvmVjkFeqzacP3k7SxXKiV3XcAwPIkqXZDzK1sH2sSpPeWKbXSwASLDsx7NIEMtmV5BmZemxpNQrsyN3mnpjWv5bEFTzWfrOWDPU+5Mkzb6VeNSPD48THEW9HMttDqtB1NRZkxuGP6TmLqjptQV7gzuukNXqarNBqSFtHyMZidb6YxLuBhk9fQx8eRsTTstmlAAwAxkdbQE01NqncvrFRurO09/UQ2BZU9Oew3TTy2zA6pUfArvUekp6UgH6ma+uGelVE++JiVoFs8NT65zBUXFZ1ds9oynLZK5EnXlnK47SIBVyCOJH2KTbnJROMQb5B59BzJo22zyHzH3jWklzuxn1iySlodrsAeATNOgrerJb86fJ9ZQ0lReolAMrkw/TiXwT/AMQNFFz0sULsvwRs3Hidh0O+nV9Pq6brSMoxdD/X/vOZGNUgasDcsOGt2rbUcW0c49xGdB+INPZpOupd2SzK/tKXUNMoY6kjFZGF+86nrHg9S6Zp9YACzd/oZzurd7KGoK/L2h5EprYzULYD8nBE634U09Guayq8jNiHZn3A4nIaNQa7Km4PedB8OXCo1MrYatx/maYz7T9tCq2z8Pf0+8KBu2ufYwXxRpDSlPU6R/xSFb7ia3X9LRX1GtxkHUEOT6f+cxa3pt13SrtMLNxrtyn2wJeV3NL3pylWp8TVFg2wXDb/AE4M6Wk09T0aIDu1JXDke47TkqEanUOGGUUnP3zN7pVzdP6uBt20sQ3PcyNDybXiPf0NdHrbS1yAgZ9ADLPwbrKaqW0bBgposDfXiVep+FZ1T8TUcKFzj7iC+H1NOvoJPD0tnP1EnWlb2L1ymmu4u6MjW6bcPrhsf4Ep9FV9Q6012bVsD1D7NibXxXZ+L6WL0QFqq9vA+uJlfw5Nb6xaHHfKZPofeOXabND9ObHTdV0vxNyWE7/uP/U47X1jT2vWTkKfL+07Gul9JVrrSoH4fU7T9cgf95zXX6a7NYWU8OrWfb/zMikwkyVavuxMO1TaYPeG8uAMSei0/iK5s428gwVtx1DCtsADIxFLsZLOmPimoheWBOZv/D7btY24+UVNiYGjymnWqsedD3+k2+nL4WotsdSu6kge008ehj6ZfSw79O1Frf8ADDFczoelhNd8OMh/LtR8IfeYnT2evoVmlCdzuJm58IOLOneMVDBdQVx7eQmRcTamqra7Raeu+vfeFrOf25k6+meGl6vTtapluHHoSBH0TGzVpW77Hsp8QA+ntNnV+JrdOik7Ws0xUkcZZSSP8CHiHMatGfovULHUY09zMuT2ySRC9E8S7T0OtII2+Y5754hK1/EfDGuW07WNXP1ZRg/3jfA2pzpDVZjFLhTx6HEuYlj/ALK1BX8XqdDc+0kkbfvKetpf8rT3DBapfMffJzLXVyuj+Jn1qjNQYHJ/pFex1F9TKNx09hV8+qHGP9Y/I81EaFLEXTisM+4FW9h2mZ1zSjSa3UdISxWpVt1F319v8TqKEbTFHTBqJYjPccmYnXdHaL67LANudy/6Q8mbA0edJ1at04I4I+/EumxtNrGOOBYy4+xgwBrHFtQAupYBx+8j1a1zqrGYhWUkge8j7KOnp8EU6NwrGqy81n7Yz/mS+IOmVDT216Td4deWUn+Y84gfhR16jo7NGx8+nIuq+o4B/wBZsLbQvUn0GosyjV70/f8A9zSTbSMDo91KVLXqMOXYce2eJo6+la9MdMq7Rgsp/eYur0x0GpbzeTeCOPQmdFqHOs6dRqfCKBayhI9eeP7CPxMXptRv0iae0r4yt+X9e0q9TTeEyoTqFLcEeq+0q6bUNRqSviYCcpk8zS1ROrRddUAt9K+YH1Ge8nxZ60t6zSeJo6NXU2FOFsX+Ue8paS5tHq3Ng8WvV/ln6D3/ALS9ousqld5tqUpcN+3HAz+n9oDRtU3T7kv8xpO6sAc8n3/eK49HLuo06dtKHr3ZFTcf9BnK9Z0RTUP4gCkEFc9sZzO60fjWObfDUsfKFxnyzG+LNKxFiXLt2Dg47gxYYnngxOma03ZDgFsHZt+86y06a/p1FwXa+za33E8904fSagpzt/SRO96OqPRetilgx3Yz24leKfFnad2XSspbmx+IPrgusxbnPgsMw11RrqtNKEEv5A0t6qta9A19gwzJ4T57c+v945NKk0x+lvXqNzMfzEbCP9+8t6+hLLXqrOXqGa2H6m9ZidODJqfAB8uSQZveAU0VeoVvMrHMdGXplae0nSX0luCcqf8Am9Z1HRNTX/sitrnBvC+GP+mcqu9jcOBk5AxNHpz13U1bA3jl/Db2GOBJ2zbqIy6unSBc1W+VW9vrA3Imp11+iJDtV5Us92HpLep1NaVU30qUFVqo+fuOf7yt1alH6kdZprMKbF3BeOw7wisfbZ0V1upvVDSFYDbunpX8OLb9PRdRa62Fj2nnXwyxW+q9yCtvGD6Tu/gZ9nWNWxPFTAEffEyvtvfT0XR3lOqtYVYeIqkj6czU4WkWpxWwP+Zj378b0BPnO0/SbOlxZ07wz7TfBjkj09kWxVJ4IzL9jb27cDtM3SocIntlQZp1VjcyE85z/aFuy2ety/lbtFeuayPURbdlkKQMxyaG9oUndSD6xx80ZG5ZcYklxnEYEzGJiiglDPMUeweQxQARBB45jWHCYPBMRswucZg1Z73yBwOJIEVdtZOcmUdbegcVdl9RLVjqmdxORMwfma0vjI+smqkZ/VrGZWCZwB2nlvxQDp+p9YrLYVyo/wD5STPU+pWqNU5IGNvYTyP4uvGp6tqTniwnMx5K1wkcLdXUdftU4XPf34lvX7ToC5GQFAA+kz67lfqL0Ec1qWJ/eNr9X4enT1V8iZ4z7G9VT1t9aVsVOBWO8rdCtrv6VqHccO4JP2zmA6uRXoQq43WDJlvRaenSfCK2MfM7Ht9Zpultni1hfZcfnfhftLetUU6QcbGZA37kZlXSJ4uoUEE7AD/eaPXClnUNPTj5toAH0E02zY4RzpFRj5mOcw+noNjWWkeStMZ9zG6q4Ftxr7V8DEt9HJPwtabMbxYSSfbmPapIwdbj8CRnLHnEyNEDvcL6essdU1fhXucHAOcfeE06JRoTaRy3mhtNi50x1p0uqs2+ZazWD7k+s6Domns0PQTq2bDvlmOP2nL9PcnRLU/zWPN34g1mo0/Rbqu1eAF/pDaL7cN1Ni+putByHsz/AJlPUV7FyWyDJKcoMknJzCXbbacY5Ea0NMdzKVGMDvJ3FQxZhyIHTKygYPriG1qlHAxkMOYr6CCqWXfU2T7S4jLYvGFdfT3lELtHkbEIhBLFThopNja2xYqbduCOMQy2JdpUJ5IPIgqGWysIxwe0GS2ksdcZXEnKKhy1qWfk52+ohqlGoWwKATtyZFCL6t1RA95LpybLLXBI8pzInsVjWI9dpwvAjngjM02qq1DHacccyhqK/DY45x7zbGp2Jpyrko54/SZBSa7tj/tBc2IAvlccyyANRQS2PEQSbFezWDcSyHGJDT3Pp7VurJDA9pCtyi8w6pxuwMSBJp0XT9Yt1qX2HDHufaazXC0eBcPyz8p95yOlDsrVjgtgidF03WU6nSiu0YevjMJ0aj1bp6V2NZt8Mjt9ZQv0z06Y3quAeDOq1GkfqWmG4gWVf8P/AJvvMbU76qW0t68lsnjsZeJaUmrOp6WCgyFbBEyNRSKAyE+ces2Bup0lwTitXyZi6/z3u6sT9JZXoVdwAYD5pPswBbkyVQJprf0xHfZ4wbvxM6Nqt9TGwOBjEV3IBHOeDCWs+e4xJUUJYhUnBzui2ei0i3UMFzgMITRWqurwRtIPf3kmYsC6c7RiCfOQ+3k94lRsaRTRqfET/hnuJf1NHgPXqlbKW8HiZA1Bq27+Vs4E3OlN41b6W4gpjKn2gaVQ8KiylWHhHlR7TP6ltRqrgv0Zf9Zq6PTVv0a+h2I1CNkE+omaANTRZuB3KNogNRm1Vf7za23OQWH1EtdAet9eqHhDyT7SHTX2a1MjcVIQiVa2On+ILKWOzD5H9Jrhds8uq7/rjrrdBp3qGGqPhZ/sD/aWOhq9fSnuty7sDjPt7zC0eqZdMVL5Gd39JvdK1dTdMprY+Z81fvj/AO5f20104XWK+l6wNHd8lzbg3tnkGa/XVut0Og1SDzoyFiPUZkvj7pipZTc5KsqgD/4jEfTXg6CusneGVkH7Lx/mBaTouN7ooJXNm12x6kEj+0P02w2Z8pDUIcH3lHoF/j2Glhgs+O36wMD+03ui6ar8J1e0NuNCYP35kUYq1GtsbR6lD8pPaUvh9rNN1OzwhgFlZWHoeZXrsZ2tVeAw/wBI3w5rTRrzTcMoMZY+m2Z70vLttfEduoPxD1HTLxQdjNj1OF5mJ1bRMu2xWyioxJx+nidF8V6c06sanTEumrQKx9jKOvpFNmk09+Qr6dw2f/jK1tOnMFtzbauRtyOe8qNpTs/EBeCefpLPTdG623U7yWrBYH6S3obKLP8AdifKRlvvHjjIzyoVCNWG4y1w/LH2l5777OoaXSswxjDD9otEngs2sYbloO2oH1zxBaauz/azeMcWou7/APmOR/YzS0patbBSi5wqWttVfpLXQV/D9N1tVWRsv3fbIA/1lDUuW6vVpXPkotRF/rNnSqtes1+iA/4moQZ+mFmV2qW7aer8HTda0ZDh2/C1/wCORNvpqu9dNh5CNnHvk4z/AEnM9U07W/EzVIx/IJrH7cTpum3bdH4QHKgD+pjx7ayRnfEulfS9P6otAG1VsYfXcczO/h6y20dQU1hmsrDr9Md/8Ta+J9HqbdFqnVyNtW0j3xOU/hq9iG2y5v8Ago6kD1yDK31pFmslnr2msOi1AtIBrIJH/KRnP+IDQlH6YzKTuatQGH6mUk/3yJp2L/tK/Uadmw1un4+wxMLowss/FaOkHygair6beSP7SJOzutNHRXUhtNdqlYV2ZR1z2YHt/aE+Lad9VDUKwqBGGx39pT0wF1x0l7BA+LEb+VvWbnQNZauo1nTdVWt+mVfmYcr3z/SXplf+OG63orukdUS4HYmoQEgdif8AwQfxPVTf0np/U6KyG3OLlz3xidH1XStr1bSN5thJoY+o/wDMzL1S+H8OroGTNniOcesmQWaZ3QNevTer0tU+T8h/6W4x/edn8Raaqm/T9SpwdgGRjuvr/SeabH3papG7dPQ+lX/j+lUO2Xu0rbLk/mRuf9BNsWks0J1XTjXpZYqggVk9u3HEF8J9RVNG3Trly5Rtu45ycy78POteu1OkuOdO1ZtUn6Z4/tOf1VT6Xqx1lAyqNuA+h5lBLXaZ7tRZdUjHnCD2M1Ok6ui7QsLH2XIuw/U+0nqNSbbj1CisLpbqwEHs/Of9JnBaNP1FlX5bSOfQNiZs7drtNK2K1DqVJXaVzyuJo9HauoDR7ArN+Vcz+h7g/wCJR1mnus0baqmwLqKfJZz3b3iayxtLRrX58cbLcehByD/YCGxjqNBLNT0rqDGxWZFOMe4lz4gFWqprvurLVHKsfpjj+5gdbYms0CixWF1hXODFokOs+H9Rozv8ROVyfWKajbe48/1tT06vDcKLML9vQzq+l2bNe9hfwlubbzzjjj+swviChrLa8ZAWsBv/AI4Df3hV1Ze/TpYCFNoP9MYjTp1/V6Kk1OjsJwnY4/mlPqFb6xWoYjwmBDH2aW9X4euVEqsILruU+xXgx9qvobdZpR4nigeU/pY+8m3sacFWzV3PWTiylsfcTrNIiPorKg/iZUOQP0zmuuYNv44VbOdj49x/6lnpWvbQ30XZOy/KWA+kfuJz9KnVnZNVvoDbT9JodEst1ammlgrnBHGCG95L4g01ifm0EbFIPbvn/wByt0J/C6lXqGbBNoBURaZyN2p7dTo3oUAMVyR35XnP9pqamlNNZRWzArZVWzDHuozKCNX4vjUrs2llP1yv/wBx9dqUZa2cklECHH2/+oor01PhgsOpNRcSKFOa2npfw2aauqXOtZIuQFhnvjAnmXQdQp0um8pyz98faer/AAa1F+sSx1A/LIMxt/ybY9x23Ri1lzUvYGqTcQcds9podLyjMth4YkKZldCU06xVfOy9Ccexmma3WtCeCrE/5nVj6ZZrOlBN20nbts3feaFo8yOvB7GZgY4qtHdgM/eaKvuTd9JM9oG43cyCNh/PxGTLCOwBG1u80nYN/wDnHGBj+sKq8ls/tAofzVU+ghCxAj0EsxAyGZJZOgdx5TFHf5YoBW2lRhO0Ve1FOPU8xHMi/AxJ0ESBZaAexlOtA2T6AyzdlELZxxK+nX/dcZOCc5k3peLB6zijT6m3bknsZ4v13VJ+Lsf9ZzkT1L4m1dp1OoTla61yZ4h1fWrZ1PUHnntObLutcbpWr01i62/Vsvltr2f6/wCkxLdQ7utLfIr8To+sWvptDpRnhjuOfsZzAdarrSeRklczWTpGXbI6vqzd1J0QZVRj7TRvsevpGj0xbcG/MxMEk2a23b3YzV6vcDVQiDBqqCkj6j/6h0jbU6CDWr6nOQTJNm3rqant4Qzj3lvpenA6LUmCC67mP7zIuv2JeckOCQD9BxJE7UlLWabUvcNp8Rv7y5rzbR8J+VfNawUD6D/1M3SagvoLHcZ3tiWuuawk6HS4IVEyRHMpPYssYPWFI1O5k8u2WAPxGhqrVsbV7fvK3V7PxDEIT5M4lnRlAtYPBFZ7TSdrnoTpg3autzzmyW/i/WK+hZD2LSPQaCPwrk5G4sf7TI+I7hZZYiHt5sH7wjKztiuTs3DsCJJXABI9ZAEGogn5sHAkEVlIyeBH6M/mVyV9OZarsS+oZ7ys43FmzjIkxWfwaGv5lbP3hZ0NnNeGIEEcKoBHMIbGrdSVzkcydW24bSMRSaNPTnK/md/SXKANQfCYZJ4WZti215AGV95d6Y++2vacMCO8nKHKpjOl1WR5agCGE2Qq19MXUjkWCZXUaLN6unmO7BX0lm2/5NMCQiKOBM57FoLcYas8+0jdtvG39Qh8APlV5xAsgBD6fJOfNmayp2o21mizzZxC1DNgNeSG4MsWkWKy9z9fSVUrsqIKuTzFauJ31lWZCcAyKPZUNrcrDahsXFSucjOTIKjhCNu4e5kaNY0OoK3DjIl0WtUrMq9+Zk1I+8YOB65mppXW/SLtJNhJUiGg2ui69vy1Y8Z3NL/xBp6tXR46HzFhicpoDbRbZUcnIxn2nT6DWUv0sae1SGThW9Zcuhpl01Bemayq1fMTgGc91CnwrgwHcYzOtWn8R0nXEMQ4PpMbWUC/ShF+Ze5ly7Tky6GNSVVn1zC3VFbPJ6wQrbcqMCCvaWQ5DhG/rM6JFW2sEduZKksilT7Q2qUqm7HEr6cZtGSeRFpWk+mElrQB2GYfTW1NvWxI2hG3UFTwH4zH2iu90I9eItKkXDRVZosK2WrO+WumWFfDGMBztP8AmZ+nHhaixSTixdolivKjaCdykR6EjoupHatVyc5BR/tM+s4ostT5u2ITS3WPo7SwDbiAo+sN+Hro14ryfCavJz/N7Q0emMKSNaliNgMNx+4lDq6lOvU6nO5bPm+/aazJttOSMjJxKfxKi19PqKDcchyfUczTjZ5Ru9Ksre1dPZtVC3E1OnGiltUjKT4QV0Pu2Zy9J/IosThxhuZ2Or0lng6aulcbyHLD1HrK+1S9aWfjjwepdA02tC7Tsyx+onGfDdqWUKpbmu2vP2LYP9p0Wq0esu+H9fUNQLK6SbAvrgkzl/hM10dSs0t4G21HVCO+7B2/3jDYepdF1DV20tkUWixPsf8A3NvoumsJ6vRTZhbtP4h+pYGYl1i0O6W486BHJ9xj/tOv+A66LtTqM2AlkKAfQdv8zO5QY1xVB8OytMZL5X+n/qDrqp0+v1ddzZFlbP8AvN7q+kp0XVk01nleuwkfUHJ/1mD8WaZqOvrYjZpvqwp+8idrrp+oalrumdOXbgOw83tiU/ih0u67p9GtniMK1P2yJTq11jaXTaGxfluwp9c7YeyuvTdXv1eoP5gqVBnsMCXCqhqq7KLGQUrUh4Le8oaeg1O6igbz2YfWbF19f+zLFubeGG5T6g5lGpzp6iXDMjqNrfWXf+MbRfxNN34fQo2GryXH19IenT/iOoaZgfzXY+MfqoOP7CYdN1desXWlSWLjgdsZnbdL0mOnanVBPzbBvq/pM9XZRyHjVavrFWoTuXVm/rOspQW9aehUybirg+2AP+043o6K3Udqg+G1nB9hPQtPQKurBkP/AAdNvLe4PH+svXSp7UVct8QtZUNxbUbiPfJnQpuGju2Ds20v/eYBB/23oBQNoRFLn1LDvmdX0/aadYOCvDbfrkScW2NB6xbqE6MzABkepQ5PqcThvgEV19U1YfcKmDE4+07u2z8b0++vw+RkBfacd8Iadq+ta7TE7FXlSfUSbexks3AVag6yhW8Os5XPvA6ZbaerWanThed39McQja8Pr7+kuV8NVL7h33Z7fbmU7K20Wr0Svad7goR7maRhltZ1Gi026vU5IWwnn0Ddz/eBqtuXUDUWWbTcNuox+of+ExaGxdH43TdazOr27qyR2B5/yYLSUO/VdX08kHJwjfXmAhhfq6MNamPwT5QnuUbj/LRdao8RU1VQG6tgbGHtAaHWF9R4N6my6pjXYD2Zc8f3mp0zT7uo6zQ6g4rassDn0H+sneq1mtOF6rojourtQy40zYZW+v8A7m90XV26TVafUKu2m1xU59//ADEf4o6edK1Z1bO1dycEehGcY/oJndJe27o16sRmvU1gD1HDdppvpnNy9u9s6O9N2nY8BMH/AKgTA9S0Fel19mnZc+IhZFk9J1BhRp9RdYzjaawfQOBnn+olz4gZ7NNXrAFdiq7XT0IHb7RbXvbkqbX0yajpNj5r3C6r7nv/AIEhpqq9b42ic7bq/Mh9zLXU0S2yrW17VJ4w0zrLGr19d4AXY43H+YYhtm2un2VW6Z1L4sdfP9vSTbaoXTI+6q9d37g4/wBJV1unOk1njrgqWDDHYqfT9oqyDqUFZwleSCx98/8AeTbtNWl1HgWLaXPkxWF+g7TQ6fft1aagkohbaZh2NTfv0pdhYAHUr3OIfpmrN3TbtLYTvRgwPrnOBJ3peNXOvaNM6hgvBYvu+h7zErUWWFBXnwcgt74GZ0PUGc6Bbr2XkKtoX0wMcTmAzr1K6lGwXfOP2lzKVppq6bqQ0eo0bPkVEkEe+Zv6emtqLxQxU6gbinuRzOQvWyyvZYnIUhce+e81uia1xV47OS4s28egPtCzsr0zWFGsq1GisTYVbef+sHA/tM/XabGkI3neBlse57zQ6uljaw36essMEuV+8GMX05THnQAg9wYSpuUaXTLKtR8Oaiq4EtQoKf1EwNIXF/i1pvrJ3fvNL4e1Ar6g1N//AAyNpA9RB9S0b6W7UCpttaE2KPTb6R6GLR0N/jraj5BfBA+uZGt3/G+DyzPnZntnMBe9Wi6gHrt3bLBkehBAh3RG8RxYwZSzr78mRvQym66DoatVYXt/Mr5yB6E8T0r4DXdbs3ltx9faeZ9Kv8XT6Val2WFM2/tzPU/4ZApq0sdN4dTn+vpMvdaYzp6IlB/EaW9W5ZCSP2mtYm6oFvSZNTN+N0eRhcMDjtyBNwKDVg9jmdON6Y5+1KsqpZT2TFiy5XhVQj9S7jM+5C+5lOCE2f1lzSOGqXf7cQkTpYQ+eTxhoIZFqr6mWCBLlGgAoZmY9xJZLftJVDbu9cn1jMuW4JEexpNZOD3AceskCY5YEj2ij4iisCruOM+kYkMO0TcIwjLwBFAFqlDVEZ4x2lbVWfhtHWEXGTjmW9SuKmP0lHWsttqp+lTkzHNeLzv471bIdSpITKctPDb3d+psMZXIAPvzPVP4i67xdRciH5WIaeS0XlutMdv5deW/pzMYtf8AjK0BdKiMCFA3D2nL9ZZq3UAEZUEzV+IDY+rS5vltYAL7cZmB1i5ncoe4AX9pZUDS1+FrSWHm9RLWqKnUuD2ZVj6qusuuorbGVBP+JWG9tYjnsfSDPJ2mqd9J0/R4IxYFH7ZnP/FGKGuZcYzgfXPeafxBer6Lp9aN5ht/zMj4rrLJXVu8ztkyVYqWkGKaaVGQXBP9YT4ssVOokrgbaR/XAk9Ia6tcleQQMf1lP4icWamyw858sNbPJlaA79OCx8zAmaehqQX15O4OhAmdpFAr3D9Jxia2mKpRRcRyqtx+5ly/R/S10P8ALtfLeRKTgfX2nN9Xeu/XakKMccToOnE0aRrrBxZnE521qadf5vMWJzHjhUMrRL+cVwWwMS9+C3HLNjPpK+ss8PUsawAuZJbLLCG34js1U1I101bg7RNqK6tOqgYyfWMcFzvHftIaqrFFasOcmV9AZbanr3MokaHUNwOJSqL1WeblYW7Ibch4iUvPdsUhkyphOnvpzchClTmVKNSli+G64MPp69upreohirAhfeRb3oNPpqJdrWqIwDnkzH6hpdTpNfbkEjdkH6S71K1dI4UkpbZzkeks6eyvqOhFbn8xc5b3i0NbZVNxYjJHtDORRYCB5GmdqaGq1WELcH+su02fiFNL8MBAeIlaVuXdR37wD1EEssfTs9NhQ8j3hrVNjBV4HeC0epJurqZcAlYPS+I9JX9Q9Ie3ctdFNg/SeZPQ+S5gQO0Az13LaA/vLFKtp/CetuN2WktbWykvtyM949hUaUN3MAvtkOtygAN6yY1D1bqnwFfkNI1WGzpasQAVkUzbWC2DjmBtrRXJV0a6txhy2Qx/UJna6h00gvrU8nkQmqtA0i4B9oPSa1jR4NoBU9pWLPL2z9YPERbFXaf1fSCRVNqgn07yx1ZLtPYhXBqaCpUNcARjjIk1UPqBuXYwwJnuDVqFGODwPrNDWA4yD2lNHVw6t8yspU/5ix7UPRlmR/UGG1iguLCcH1jaehq9VahOVzuX7YltqlsqYmVnNRUQSoWKLfVIREzalo53cEe0lpMBcN2biWa9I7AlfTtDARGlzpnetslCcr95oavTvYmnt05Z93qff2lTVV40qtjnODN/oAddJWGTcFOeZOffpTEKIb7PxAC2KDu+kxuqA31uiHIVRj+s6v4l0p3+Jauyq4nBHvOW1WdM1TMM1lsS+JnVvQoLdIa85fZ5QJ33SnP+x9DeTv8Ay9gH3JE4XTitWsevPbyidx0BjZ8J0FAN1dp7+wGZf2nEbUCjRahVUoUurKWD/SeYabdR1WnUtz4dmP6nk/tPSPiLR/m1a2qzINYbHp2E8311Ni9Z1FD5C73Kn6Y4jU7PrWn076aq9UJZyO/rnmaPwab6PiS6jFaqdx2+v0jafRrqfhrp7BgXSwM5+gBEB8IOR8a7i25MkZ9/aZ5YlJpe+KNIjdd0/UKzu3llff2GFP8A2nK9TqfXaGh1JL5ArnZfEttWp6ZdagKtTqGx9tpE4/pGqA6awtG5lYlcemJOM0ve0dObbNQiBMtRaHJHrwBCdU1Nets1GwhrCTwPSD6Zq0W02VsMBGFmfU8zFNhTVtcqnOTn7ntLKtRLSNKdKyBrfDHl9e8q6vqy1X06G9R4aLuOPQn/ANy7oVotteux8Wsud3tOc+KNNXTrBusI8vJxGz8Wg+kPC0BiHBCfX6zoF6yy2abplLndp1Az/NleR/ec18LdUqp1anqL50aLgH13en95odX0V+h6jX1IsrUWHKbT6GKlrSHTq0o1leXIU2EWft3nW9M1LX0anUV7ggIqyfUZBnIdQGy5So2gncT757zoPhZbRptVS9h8Oy8FOPTaD/mXJuCNnU2It72gBGUkke019Bq9NTqLSNx8QqQPccc/1nLdXayw0CpSzWWNvx7ZnTaj8NpNRXe2NqUKhH/NnMzy6bYtPTWJp7r7fDIAckqfbPE5R/N8SLYi+GGzvHuBkzbt1bW2vYowrVZYfWYdRS/q3hbsNgeaZynk5/rKhrNXrKG8KzzEA9yAcS90rVabrPSKdc1v+8VWg7R/zYH+kb4iqpt/E1KpWylscDuCOf7zA+EB+D6xbp7X/IIyg9yO395rGNd11xNLXoKNdf5g35ZOOxz/APUpvovAo0/VK7cANttbPb6mXunPRrdFboNSv5Zbse6nGYD8OKdENI2WvsG0r6ZjJma/TaenVjqlTbQ3lsHtnsf8SrS91OvZrbGdsgD6gen7zU6nSBoRpalJe9NzH0BB/wDqYlTsxRdUhLDAyP8AMzy9nqum6pXV1noa+TLaYckfXj/WcTqdK+krerJTVUuLFP6bFH/bid/8F2M2j12nfaqFdy59cen9pynxhp9QNZp9SB5XUnI7Y44mv0Wqt9P1663S36U1bM5GB2DqN3H34EP0jqN2yjTbx+GuLId36Gzz/ecvde1GrdwxVnYEAe83dPUr0WGlwFuXxEOfktHB/rzEvH0a7THUjU1MxXwV3Jj1HP8A2mYxa3p+xv8AiAblPsQfX9psdK1I1GnL1sGZDuYH9Sn0/bEyOvD8LqHanyqy71Huc4I/zIxuxuNnpN46j0gaWxSLG/MqY9wPVf8AEqvQzVsoLhj8n/Njv/gw/StqdMrvqXJ05Fg/5kbt/iK9g+vVkQiq7zIf5fcf2M18eiuqybrF0ut02urfNYXbZn0PHeaGouXp/WFsONlyDI+vpKXUwr6htKqbEZi4+v0gdfa+o09Qt+eryk/bmZ5QpO3XaTUrfdXp7kBUjLD39pi9drFWpXUVoVet8H6yWjuArou3HfuUf2kviGtnSxHHlsG5GH0iwahamy9RpdTt8ofDj7gyOgL9P1mn01rZAY1WZ9zjEN029Nd0cKBsag5OfUjiVfidsrVrUY/m+dsejek1qMmgLxRq79LaGwzYJX0Eym1CaLX+EeaGcqj/AFljXWqw7nxHRWB98ATP1Q/GadkUbWI3rn0IkT2znteI8C825/UM/QTZdBq9LerKecqre4PacvodSMI+py2RtYTp9Elt5T8KuKbKSvPoy4GZbbHFh+A6GsMpclBhz+rDd5euvzozqPLuVtoAhtXpLhbpsjbUqbG+h5lKql/CurrG9FsyR/WZZJvt3Pw/TVfSLgApND9v+k4nd/w31Ltp6ipKkeVfvmcN8C3pWd+oXZXp6nXB/V5Z33wLomp6azeKGIt8QY9m5/1kY+2uL0XUN4d9JVjhWwPtOioYWaatlOQcjiYXTLKtXp6ycHa2G98zR6dYPBaoZG1zib4ubL2ka2eqxV4b5f3hdGi2aRQvzD+0WlPp6myQ6eGFePqf8yzTtdq7FVhj/mlnfnscwdqhmwRmRrAQ8QCyhHvJeXHeDBPrJYyIgYqCc5kljRA4hjkkWKRUxTTeyqq+Sv3iPpj2k2H5f1g14XJ95nb0rormXwzu7Y5mLfYlGmt1LnK7c/vNS9uSDyPWcp8Ya1NH8Nakr3fCr/WYZZa9jH28f67qWv12sOdzXOwQfvOIsH4TUV1vgPqKi3btxNb4g1h0vVdNcr+bfwv1PeZHUULfFD6lvNQlOFB9O8xnvbXPqBfEDltXpCpyvHp67Zyms3HWuc9j2nVW2pqNGGxh6rCx/wCnBnMaoD8VuBzvGTNto9wrbB/s+sk4w20S3pqXGrqfGVC5xMs3I1SowyofImxU7HqNNS8Ka8/tAtLlwNus0o/SuP8AMD8cWKnV6a6+AEH9wMy6Aq3ADlkAz9Jg/FdxfrIyc4Vf8RKA0wZdVYwO7HMr6tvFqZyMefJhtFZt1D88EesEyM1N6d9p3ftGKr6dtqOQc+cHM2HpH4Wh1bGVJA/eZ2kqSwhE/UucTavsofQ6OitTv2EMceu6XIi0DqmqSrodNeBv25JnIam385T+rHebXxHZtqtrXkIuP3mFqE/NX32y9kjrK2dkZTwwyfvA1WeHcK3JAhAzWaYrkhkMCuWILrk+kVDTrCu6IfNzwYbqw22hX544x6Sj05ilypnu3r6S/wBSX/eMMc8cSbkvXTLsBHB5HtHIJXcp4h/D2nnmR2lqjt9I5SBRlsYcbWEu9JV019VvJRHBb7TPB3NnG1hwPrL+hteutwRyRFZNgTqmup1F7+OgIB8vpiDrtNDo1PCnuJVupNx2nG5jxIFblchT8oxFQ1tQfFYOige8peIg1Hfa54kktIrU7+3eS1T0XgYr22KO4krxWF8Mbd65GP7ySZ37TwByJnaDVA3+HfkDsDj1mpVV41m0nawPl9jJNPVjx9MqhcMowJTuBSuqyskueGMvMHTfn507gSVNNetq2p5HUZIgFbTXh/y7FyjdxKlqFS1ZfAz5RDadTTa1dgOc8Swa0fzuuCO0C3Bel1nUdIvr/Wp4/vAaBx4llNmVKj3mhTpTpdF+JrY7C3mmTqRjqNqk4bPf0MopWtXZ4+hOnOMngGZulJD+C4Oc95MXvT4ZIwAeCJZwlltNg4D+seO9nYqalmurXTO+Rnyn2kNNYTqFoI5Ty595DqKmjUNXyOe/tC6Qj8VVjBx3PvHnBBNTUVUqxySZRWrZ42f2m71XSmtixyGIDATHKku+/ILDiRjVtfpXgWBjbyfBwpz7ZMlRp7n6bfeg3+Hyf3lDS7qaVc4xwO/ucTovg5zYNfpDgh62wPqDxHlujbIoG/SjAya2wxmvo7gh2MNx4BP7SvTpM2arTk7D8xA94TpZF1wobAYcZ95Nl0JVjVU79ECiZBJzOq+EtKmtpppHC2eUD9v/AKnNdF8Vrn05BI82AZ1/8OWI1A07qFtqYkc/X/7jxlVtkdbFddf4HV4Num1BU/8ATn/6nBdRXCt617yV+k7r4yTwvinXVajk2XqQfuTOM6qUW9q1/wCHg9/eaxnTVXsBWyEHanHE7Ppdllfw+U9GDAAfUTga7B4HlOMDE7X4b1dIoq8VS9fOf6RxPpr6yqwfDGkZ3BDEV49QP/BOF+KFerqyPwRsUnjvknE7ksb/AIfdSVDVWuUG7gAk4/tOU+Mqs2aS2jD+NtXv6KcmMbbvwHc2s6VZpyfPliF9u8yfg22yr4m0OnVsubaw7H183Msfw9e2r4hBICoSVYE+8rqp6b8YXNVhhVqSVI+hkG7P4irTT9E1teBuyzf/AN08z6G7AWVE8WFsZ9jPR7mbqXSNde/HkPf75nmeiJXX7l+TAC/eBxLQBw2ooxzg8/bmDdmag3Iu4Om4/wDUv/ubmkWunUvawUrYcd/pzKr0D8X+GUbawzcDngmBqOjXbbVZvx4rgH7TX+JOnaY3V06gq3k+b79pktpn01NbWEna2R/XiaXxIllugo1BB+Ueb6gQyJzfWOnpo9NVQzY3Hzt9PSW+la+zWVP0u5iSi5rJOcgRqdXTqlejWqGI4+31lPWaLUdK1VeqpzYjco47YkyjSxqdQ1tDLYreLuCjnsDxPRvg9Wf8PQa1210F3yPXsP8AM4HpwXVXC5gMOw/fM7L4f6uP9ra8Kn5YqVRnggAqP8wuXQkjRSoDqio5z4aFnwPaQ60rWprHLHatykD9hLyuia651GAyAMSPfvM3qDm7V9Q04IAVwx+2BM7bVCdM1bavV11k4DeSw/SVOo1fhtSG0r5Ucn34gvh61V6stY5UsG/YxvjSl9F09NVQx3LYC6jnjMcFH6m3iB7EQEtWvOO+QCf7zir1t0XW2bHmosDf3nY6bWVa7odDhgrrZtGPUNk/2mT8V6CvS69bQ28X0Wec8DcFJ/1mkZVq6myzx311Y2q5ryB6+UTU1uStV9ObBY3i5/lmDptT+I+HUFYYWqgzx+ocf0xNXpOsXUdMp07ZD1F1fj9OBt/1h5aLSwisENFzKVZ8VuO4BHP98zE6t4em6odA9ZFTjarn39JrmorqhplRqnVN248j34gPi3SHW9G/GK/iXUqr+XvgDn949yrmwvh+19PelviZVgfJ/KTx/iXNdXTr+lavRVj8ykm2vnk+6/3nPaLUpTq9Nq95aq+wCwD9J7Cb+parpvxSisStePE7cNnnEqDOuL1lamxAo2lKzwefeXPh8+N06+lXIdXGOfTEs/FOkRNa+s05VqCeNpzx6TH6Nlb7VrbB2Nn7kyaMWn0+1PFPHhMchMds/q/tLFumOr0N9Y89pUmg/XPI/pkzDTWPS20oHasbvtn5v6gTSfXW6elfwjAbxuRv5T/5kScSuqh0nVMy6es7gqg1Edtw7f2mp4lTaG2tj4a124q557TLo1C/iW1Oz5WNhrA4Ge4ljqyVl1s05O2xwwHoOJrsYxU6u/j0pfUGS2k5z/NiCqZNRQNSuSGBBX6iG1DvXYKLWzgZHHfPeVOnAC5xvIrfO0Y9ZnlVaXdJeoqRmPG4Y+ks6rWEm2i0FmVt1bfSZS+HUBWCWXJMXUNV/vAdecYH7CTips9M8NqjZX5VD4ce+QTCgi7pb6axASykoSOxHaUNFeNrCkflMQzH1+s2tcngtXSq8bA4I9Qf/U130jJhXM7aGq04D6XjOPQ/+5VvvUsMHaSM8fWW9exK2148j98TFyW2tnAXymTrssI0NMK2uA5OZ0Wn1Pg9LaypmVaPnA9ZyumtdWHPczf0bk6TUIWGwjJ+sWVaNvRg9X04tRiBYC4HswH/ANTM0R/D2M1iHabCHP2h/hTWtp7/AMM+NjDyn2mtrdHV4diV+Yu3iMB2z7f3mVonsTTWNYlVdXYs2E9TkT1j+FK22aPXW2MM1hQEI9sCeQ6e4U9U0dnC2K4ynpjPM9b/AIb2vRoLNRj/AI1zM31GSBJwvasuo7/RUnS60Mq4qdufv7zY0uBZbgAEDIPvKm0inzHOFXGPb3hFsI1CUngEcH3nXg5fsfStld4GGzn94bS7c7AO0HVyx2g8n/MlR8wYdyYKFyVv83aPjLcx9u+3J7CQG7xcRyhNAcnJ7QoPGJH0Mgmcw2BIvWPGPvJxJNcDmKDOcZimsKwPdkSGeD/WM3EHexWonODMSiLOAd5Ix9Z5J/ELrDmiygFWQWL/AJnYfGvXqtHoDTW+LnGCAe08j67Y+oqy/wCo5JnDycm7peE7eefFGr8bXG5SPK2QPbBxDfEOoI0q2VY/4AZiJm/EGnRNRa6nIHk/c8wFtxbpNCE5L0+G31I/9zbGdNM++kumu56dqEY+axNy/ac/Zay31luxzNxHanTUueAG2k/SZXUUqGu8PGAjMf2lSaLGaVtMofV11HswJm90os3W9OCMjbt/xMHpRHiPYfMa+x9e86PRuml6npLUy+5GbH9JRrOqtGn1V5HJYYI9phdUqDdRNm7ICKR/SbGsAbT3avsWxnP3mFrbGawMOBjHEUJVZiylxx6Sz068NctZGQ3laVtSwr0w9MmN06wpajKMjd3leKbdLORp9dYo9GCrNjpXhWaWsN8yMwP95h9Q8txt/wCfM2OngV6Cy4gZYZH3lSovbmfiCwjqL1dwp80zLmJu3GWuoPu6rYzMSW759ZR1DE6g/eWBKLFrtKn9ca9Vqt3A5xzA2nawbGSJPUfmbGPGe8LOgvaKuq1wScN3h7Sm8Cx/oJn9OBOofnsOJZ1qK6891GROXLe1/Q9dNbPzYMSNmmCFvDcETMpvsrOHHEuVllfhiRLxpJGit6t7EBhwIFLDUduM54hbitnkTg/SVSGDbH9PWaBdS2tlrdVXcDKmttZrmBUKD7QePDbKf2kw3iISwyYqJEaFw+xm8rAxKLKz4ZHJPeS2ZCnPPtLLjNYLjDD1Elc6CsVCE3Ds3BENV41bb1syucAe0FdgouzkSNNhqfzLgNwDJNsVahmIG3J/VBXm3SMt9OSM+YSnTqnpu9Sp/VNL56t6tuR+DArNjNWmrVdXSRnHmEAltbKyOMNnj7wWmu/A2mvJ2NC6+gPQNRTjvniVMdosavTlb/YV+muYYsbIPt3mJ1bT2UtTbYrFXUYcevM2bVavpFZLfPzLdSf7U+Hm0dgCWUHch+kq46VJpyN9uG8NiQqjIzNDR4s0m3OLKjkShr93iBHTzY2nMno3YOeTn1x6x49Htb6hte0vYOHTzfQyhpzsOnUAh0Pf3Evaz/eKPFQHkcj7SrURZXSxzvQ4IMrK7OR1PxYjnTae9eD4Y4mFWhZkyOSDOm6qo1PS6LiflrxiYunTxDSyISQdp+8JJD2DoaGuayhhxsBH9Z0Pwzp/w/XKhWpIdQG/eUNSG6X17TUsoXxRg7vrOk6cjaTrwIUNivPA7EYhZtGVB6jSlHWfHrVSWQixfbvMAM2nusdBgq25cevPadIdj9dFli+W5CHU9s8zEGmI6jfQhDbGO3dJuPRTLd06LptFr6+jXLXtq1aA/Zv/AAzf6FR+D6lZqXUht4P79pR0zmr4a0Tq25kJ8vscCaVOsN1z1kYZkDAfXjmKLYX8SqBf1S/U1tmxWqPHtkzgviHT2VWOpB3DHH3noHxftXVBh81lSnHuROO+J2Y6uttp3bACfcytkwmQHThVBU45nX/AVlbJXTcAQVPJnL6lgAD2Jmt8H2hNa9RHIU8e2BmOdpyavi3UajVUMC1Bt4x69+Jm6tjXrGfaXqQ5UH9G7gTV6qltOoeyvADCt1A99vP95j6rXKLH8vGspIYe2ATK0zX+jXCv4o8vyuq7ce+2Lpldmv6trtXtINYLDPqTn/tMvpd719S02opG8Lhcn0OMTb0l1mjv1C2YQjGcTP21jo+gXDU9I1yWLg7Nv75E8+6zpzpNZelY4Gdv+k9B6G61/iaUQMGIP9gZx3xkQvVGsoGUfkAe/tC9KkUtCxu6XaSTuTB/uJudOSmxTcFySqtn7DmYnw/RbdXqtNV5ie03+iaW9Lq6rKiqmt6ivoSSMH+0UpW6ZPUwFVtw3KDx+3MJqNSNb8MKEXBrs5+3MNqKaq9LsuyVxuWw/qJOMQXwstQOr0+pAKEfsI8+h5RyAodLk4OWQBv75h06pZSTprgLdKfKB6qYfqZanXPWMjDeQ+4mRqvLqSmMbu/1mXsbdV03p9ehamzxRchDWDH6R6S90pV02t1Frnd4mn9PfeDML4d1vgmxLPMm0V4P14nSX01BVs07DmrLKe3eFhytWjVjWWacK23eoDf/AB7zP6jYKuu3GpmdNSgKH39P9JQ6VeCUG/DIx7ex7y51cPU+juGCNOfDx9+f9ZK5NpVeLT1PS6wIEAda3X3x/wCpc+J9WberX6dU/JbCnPpniBWyxtRSLqcCzULtIHfvzI/FNq+JeVGGfz5+n/glQrGU4TpjHSIxatPMjehJ5/1lvqSvqtEdDYwsFtRemz+XI/8AqVdKg6joLKAfzwN1We5IGCILpWqS3RChyy30AL90/wDMzT0nQ3wvr7ahTprq1FlLeE5/mHof8S7pbjp+r6irxACd6AfX9My1V6Nf4owyu27n0wMCR1tym86lR/vFYW1sdzjJmeUtDt01Oo1Ne8ooepcA/wAwxj/MyOna63Ra4aXVAHLHcp9s9pZ6dq1sRVJ81oAqx7DzH++YH4x0a2fhut6fKqfy9UB3RvQ/vzFjLDtYz0HSNdp66mdGO6lvpnOf8zU6zdZrRp9W6+QUrUW+oAH+kDqLXs6aNRprVU6fGa277CcED+pMWrstPQa7K8to0ch2PoW5H+DNpkyy6T6G6arp9/TrKg1gBO7vxic702sabqdbOCB4hD/scCWena06HqVVyl1FvksI+vAhPiBFcnXaPlc4uUdlxxmPW1YqfX9MNB1thXzSzZdv5hBWsPB2r2HKj2Euax01/RQbziyhVAI9czLyzVWLk+JswPfMmTQk0Po7LTRY6sOAcia+kQt0rdncF7H6f+5gaVwlQcjalgG76N6ibPw/aPGq0jOfBv3Ac8KcGFrXHtW6nf4lgdFyKVClvf6ynp96ancT5TyBNCjSH8Xf0ux9rDNY57+gMy6mY3IjnhGwx/eZ06uBT+OKHtj/ADzB6kJZWzoct6iaHh1N1gFbV8Lw+/ueJj6hGVWRW2FznKysUpdM1LK20nAzg/1nb9Ufw9DXZUQ5obYp/mU8Tz7SgNqAp5A4P1M7jRIv+yKqntDWJQj+bnPeO3VRkztRsq1PgEeXVVllb2MwWqKBkDblGOZv9Srf/Yum1BGX02o8Mn1w2W/1mDqN1PUbQCPC3E49MS99DHpIgptM6HRMg6S2owdowpmZTpl1dWVcKRzzNjS6az/Yd9WMBrUAAOe+cyMqtCywaTUM6qfOMA+03dDc6dLZ9+5lG4H3mFqgzUIzZJB24IxCprPCVK14U9wJnrYjT09b32nU1sGcnygz2z+HNqaz4f2Ig8TTMGfH/n1nh1TLSq31Nx7T2D+CWsqbSalFwtjHY6+hJ5zM8b/lo8ruPUunW728MjvwM+3pJva12o8IBQ1XlJ/f/tAaIMa7MqAy4VCPT2iqVW6pbgEN4Qc/U5Anbj1HPrVbemDAHGMBgAYqlxYoz7mPSRg4GB3xHqH5pb6QNMHDNGYY80lgR8ArgiKgyHI+8ZvLGIOeOAJLuOZIMrZhD8sgoA9IieZchbS/SYoh2imkG1VmBPHP1mP8RdQTS6QtnJHYDvOT1H8QqlyumpLTnur/ABTqNeeado9p5mfyP4zt0p9ZOo6hrmubd5+PtM3rNHh1Km5cqDkH6CHt6laoD4xjmYHWOoWanVMAefN/ic/HfLJXFl24b4kdBnIIzZuP95i0MTc6OPywBt+hmr1ktZZZVavykczNsVK9WiFvKSCZ6E9Nqn1WwLoqaAQWA5x75mZrbTY7scHFQH7iXeqFBrSQfKV4mbs8QWVpy2MxlboPo+a71DLlbWwR9J0enIS/TjA3Uls59RkTndLYRrKgB8nf+s6OtA+qFh7HdAvKifEjeH0hVXA3kdvvMWlFfS3NnlcHmXfiW4tXXV6CZ1TEVOg/UsUUp67DaNQTyTFoQ1WmUZHfOYPW1saqwPeWtPS7UADsAZtjNxGR9Q/iUG0jKsuR95esayrpFIPBcZxKK1fivwWnqbjdlh9u80viK8No0CLgIe/7Yis7S5LXj/fQ/qZSdibWfHYy+WFlyn2EqMgJ+8oE5yoOO8kwBQLjmQfITj0Mcs2RJtA/RyPFuYjsIa3zMW9COILpy5FxHtJg7lK+uJncV/Stblhgjj3kBa6OpByplp0DV7B3lSwYyB2EeOJD2MotVkPOOZZKpdXyQHxKNleaRdX2HeTps/LDZ5EoE6lTtIP3jVck4OZYqdbkKsOYDwDWfK3IOcRU4OqowAJw47Sab6rNtg3IZVybLAT5cessGx9gyNwElQtlQ8oQjtxBAhyVtUrjsYZgzVV219x3EMaltADjBMWPdNURGz4XDD3Es9Pd6LPDsUms9hJppnpbC8wqo1gJIwRNbhoLWr0ld1IZCCcf0lGm62ilqrFO3tmWem3OuoNLDKt3PtLraetshvMplY4ovsPWbn6VVUCRgZBheiakh9rN5tmMe8brdL6fT0+Edy7JmaHUKtyWEYdT5vtKyilrrdC3INVUvrtdfUfWZ9CeHqcqMgibGtfTHWsKbPy7UywmVcBp7gxbyk4kzEhNPf4btWwBBbtCWUfmWWIuBuBAg9RQrfmUnJ4MPodR4tj1t3yBHpc9O66XoU1/wW1oGLVyefpOY+HqHOoNpP5dd3nHtzOx+ACzdGuobleeJx/TEtTrXVOnJuxbZuX6d4ktH+K1NaarpvUaTuXylsegBm/TrtPUaddsDJdWoB9uOZzvxe63dJ0lODuWsq2fXBJg+i6ga7pGm2n/AILbSkE5Nf4idk1K62ldtasoYfQmZuobwutJqEGUsXtNjqrpZ0XUgDvXgfcczIotp1PT9FcnzVjY5+uIa2z3qtfpGssfoz0BQXVyQfab1pFF+k1LYUPThj6Tiuh6pk6rbpGOEfI+2Zs9Q1S26BtM1xJRgqmZZ9N8O0/ikKw0WqFgYCtgxH2E5b4l1NhstIr8qsAG9/KJ0BVf9islzZWmzax+kzviYU2utWnA2Pgj+kcu4L7cdrLPLWT3zN74Pfd8R2Ar5PDIPHbjMxeo1qmz3Bmj8Na4UdU1BtwjE7E/5s/+5eKbNtvqN7FEswxUWkE+wycTm+o2Gu2w1jyocDPsZ1pS3VdL1C2IEPiAKB/y5BM4/wCI2Gn1Xl+RyEP3zLLS3012q09QQgFrNwEu9WtsfX3OpP5j5I9hMxm2W6fb+kCallldumVq/wDjWvj+kizSnXfDOpSmjVPb86opx75wJhdfrrOqtQDaaxuXPrF0e02CwWHDkhCPtCdbsrTUJc4z5HRvuMSfY3pjdIuXSh9RWWJKZGPTzTuOh63TamtXLbbChsGR2Pt/eed6g2ad7tGcVgkMD9O83/hrUO9daWgJvcbG9wIaVra+r1anTWdP1CAJU2Fb654/vMnpGmezrFmhRghJPzeuO8s0ux6hfpLbALDYuf8AqBB/7SWmU0ddp15OXqtdLP3PH+Irdo/W5z4kymuXyZCdiJkayofifNycDBH2nZfENVaCxLagGS1gT9wMTkOqAqVC99pP+knWlTHSroLX8avZwHtXg+mDOo6dqjYb6mdQa0wc+ozmcr04P+MQL+kbpoaVgL2csRlvN9oa2em5onrr1D2IAQyZx7TR6xYllqqjbgy7j9CJhMRRrmVT+Ww2j95buuZ6VSpPzDXhj9jmZ59LxdHRrQ9GjcqDsZTnEo9bdNR1GsA+UoVz/WQ+HtSo0N9bAN4dZdc+khY27TVWkjeAXk45FfbnOmarUU61nrJWyqxggPpz6zS6kyabV1dQoUDT6hSpHqpPofrzM7UuB16xlG1bKw374GYRb/LZ09h4lN53VE/pY/8AoTWXZVZ058W9fPlvUfT0gddqfC1b21gZKlWB9RA6E2V6j8OoJsTgt/NJX1q27eh3Rpa3w11NCBvRiynOfadb0zX6LWa7UaO3B02tG11P6fY/3nnnRLK6dQ9W8AnuD6TQ0t6pqGIBZVbJC9zBel99BqOi9XfTapfEpJZAx9iOJp6LT23fD/UejttK7PGXHqR2x+xlvq9lfWejpq7D4bq212+uOG/wJkfDup1FWusqtb8xQFP1WLeh4z7cwepCplp1FYK/MWHoR/6l1NctOoLLhtNq12svr95S+I+neBqNSU83htyv0PeZ+gsRK209jbhjIb+VZcyTcpGwrLQXTBNToQpPvjj+8po7V1u7D8zGT/iG0Vi20Waa35x5qzKzkvU+fmJwZHklIXBTcli5qdhYoHo3rI6TUMhCoTmuwEH94LUN+VR6ZHJ+0lQq10i02Dz8w2cumz1m0WaptTWxGoLBgPcSvrtMU1S3VYNWpCsh9ucEGPqCLdCl1Xmv2jb9jJpdVZpV0zNxpif64zCnsW5FS/ZjyovJB7mZms3HH/LxiPqXfYhBbzcxX5ahL07Ecx4mrV7ReuGx64+s63o+rWvptVjhGsCBGz64/wDc4vaASS2HJyJvaWxNPpWFnLCwASrC1t05Fd/TOq0uu38pb0PoSCo4/rOK1isaVu4LnBxOu0LFRpkP5iXaV6v/AJb9w/xOU1GabCtwwwxxJl70NNDTtvpXcmAo5xNzTV2r06ptOAmGLtk57dpgdGc3aa+pvmJ8v9pvpX4ewl2CIqpYufXHMMjT6r4lqV2t6HaeO3rMy8F6vGqHCttbP+Zv6+4XdM1NlVOK7DlD+wBnN6I7g9BfmxduPr6RYhf6ZqFup8BztYfqPael/wAHtS1fVNRpTkBk3qR6kYE8hu31pYqcMxGJ6h/C3VUL1XTalWzYECOsm46uyr6D0lnh0cAgDaSx9cyeq3U6xNQq4AXa31B5gaxmrSo3cLhl+0tapPEVrEbdtxx/SdWPpnk0a28nPcjMLR/w8/WVt+EVrBjPpDpkcD5cZERDAZi9JEGShJsEBhTIK2Dgg8yfrmMwDcj0j8QTRlGYhzEOGjSntwIoiYo4HzhWgUQd9yVIcniNqLhTUQ3eYGt1DuxAJxPGefll0n1PqBdtlR4PEqaKwWa3d3IqP+DAWEfN2Ihen4oW21hk7SBFh7bfHy7cv1Zv9/s3+jZmfqttmpGqHYsAP6zT19ZPWD4gIRl4My+okJbRSnyZVs++TPS4vTvVtbXssDZ75lPppz1CvJ4K4l3qHmuZWONg4+sztKPDs3diGEnL2VS0aeJ1h6qx8nB/zOiR/IWr+b5Zz3wxv/25qLm8ymwn/wDtnR9PVdxtbivxM5/eVEqHX1KVKbPmmbU2Knf1xiW/iSxjeu7lc8SjSQFsLdscStA2oPFSency/WqJoLbFPm28CUq8Waav1fPb6S2gzZWp8qnykRzoqs/DdaL02zUvxYgJH7zL1d7Xi6hj8gL/APn9Zrawpo9HcqN6dpzVdpN2o9c1/wCogShQd6uDxhZGzg4hVUeG23g4xAkHeC3AgCrH5m0+0TsQNuIWuln1Kle2I+p8NXIByRFTgui/K0V7+pErIWxWw7+sOjEaEsRjccESCbK7yM5V1AEV7Md1IUWDvAa+gbHartCJvGfUexk7BmoqpPMJ0FLQEvp2qBw+cwZ8RG2qc5ODHRPBt3DOcYk69pHJ8wOZSPtBG2tiXa7BtOZRvVg2/HEcXKFwxwPeLL00xH1NLOgesZPtGS8gitxtMnTadg2HgesKa0uySgLD1kKH0TgEoDnMu0oXU4OD2mVp28C9XI78YPpNUMo+U5yMycJqjaxp1NaeGRuz6x6/DtrswxDiDqssA8o5+scMpZmRsWeq4nV5FahfTtIetvOBzLugtS0pTYPNnkwDWrcmCAtnriWOk1NdqS4XaUHp6xeRbWtfp0fS6ipbtzMcV/tOb6jp2pbxeS/AM3Q+21ucEMSJm6hmN4W9Rg+sQ1QdVau2m/sCoUwurrWys7iGRx5cQWoo/wD2W6Y3BWyPrK/iPp9Iiklgh9ZUuhJpcTYmnrctj0Ij1gJdvXndI/l36LcFy3qRFo7BvWkjzKePrHavzdr/AA86oKdSlB7NlY/xhp69Drm1tI5LDfj+0wfhR0p6oyu2GrO8fWa/xRrH1Gk/EhQy2P5hntMcsk3sLri/iOn6Yrw5t8/3IAmf8GJs1Ou0Vg8zFgv7GH6de2ooatxkhg3P0/8AUjXYul+KqNWhxWzAkeh94pkXjWx0C78UNR0yzswY8/aZPQio6T1bSt81VhIHrgEy9on/AA3xZfYmDWewz7ylQ1Wi+M9XpHw1WrTj6ZwY/IeLO0dnhamq5jyWUn755mpfq6xa5U9mDTF1imrVADJC8EH3janUAag+m8AfaTlWmMdX07WLb0zWgc2F92PpzM/q16HS6bVfqRtjfv8A+5V6Zf4RY/pK4+5ljXUrd065aTvwwfH9BJ4/ZVjdZ0/h6hC/KMMiVNJQF6klxPG9WH7Hn+00tQp1FFibtz1LkZmWbCNXWi91Xma5XScXadKey+vWHOF3M4+2eJynxiFu14epjtZ1zx9Zs9L1ltehsupCsAhBBOMzP63WUsTHZk3g49ZWOSg9OyoBYedo8ss0Vbfw9hbBYlx++JS6dUw06M+WFakn65M0KQlor83IOwD2hldot21NFo7zW+pUZA5i11xv+HrmNeXDM0udDe+vRajPNasUz+2ZQ6OL9Tp9TURwSVx95GPSZiy+ouvUKa3RStwTavHtC/CupssoVGfHhW7WB/n5x/rJapX02nspUYvrceHx37Z/tmA6Ym7WXbDtGpsFmB+krnJ/vFa3xuov9cZ/HbVPgW2Y3YP6geP9JPXtZVqa1dcjUVJdkfzAAH/Mq9QpsLNRYCbs71BPzcQFepubS1CxiXSzwhn0ByT/AIkht9TNGo0djqfzbXIcH6AETiuqoQ4B9BOn1PF+zgEjHB9fWc91rcxrIADcgj94Bm9Oc6dLLD/I39xJVsG0akHBZv8A7lW4lKrRnO4hce2Jd0SB9Crbc7G/0gGjXaNRqA1gyGrB/rNWo01aEIR5/Sc7oywA5x4YZR9Zo6axrdG2CWdflPvMeRpi1ukMv4sI52hlI+8LqyK38E/KOMyqhD6avxB4diEEke0FqLHZGYNuVnAB9xmLEVQvVV1St82CeYHYupwA43ryJbYLU7oOVAJyZlMRVYprJX/WbRlWh0y433sjkJdV8hPrDtWL7MPaNr8k/UzO1VlaINQCUsHYD1lvpyHqFZq067bizcZ4HtGSq5J11ZA22gEM3v7f2l9wy14zu3g5I9pQurtr1RSwHcODngiWNLfioqw8ynGPcQU6D4c6y+g1D6bUkPpLK9qj6xVPV+MIQ7K7CRZn29Jg3Ky0rYfKN3H0k2vNbGxyWTHH/MYqFnrBdTarjLD9R9U9JztlPhZZCbFfvn0nSWX6fqFAZj+YowQJkaxDXWa2yV9OMYlRFA0FrB1UnL1y5aleo3PuCOfSZ1SEAWA7T7wwD58RuR2zmTF8fpPUVt4C1nnJxmEdQxA9ANn+skT5OOdoyJGoCyplyQVGQfds9v6SqdSFrlK6lyAeDHR0V3rB8o7mStJXRFggD5JmaGbueM94oz+1/ePDbacxaexhtz22ymjbasg9zJq21gN5IU4hPavJHUKVdj9ZrWOFLknuTKop/EV7lx5lP+ZHWPgg5O7PI9pWfs3Q9JvsZunmx8iu5j+2xh/rMrrOF1rOexX1h+h2la82MBjzCVusP4lK3O3ckAYkA3SLAusRQeSCZ0fR2NoupY7macjpmWnVV2E8bSJ0XQtR4bixRkj1PrEHSdNUmptNWvYNuH7TntdQBeLqVwAdv7jib3jtTqK9Sp2juwHYj1/tM3qpA6gdNkIlubEP35/1ins/pgvfcmqCWHykzvf4W0Fvi3Sc7qy4Hf6Ti+p07q0ZVBIPJE6H+H19ydX0zU3eGwbjPfMeXpnX1XU++ssFIZEDKPeaBqPhuEODsD/vxMrplyW6HRXF8l8IWH+Jt6QE7g45LY/ab8TPITTWB6Vrt+YDEKisjZ/Se0ZaVLEjt6QqqRwTkTShIDIkoxXjvHkQzj1kT3jxiMygGG2P9DCriQZMrEhIGO8lIvpFFniKKlXyn1XUta3lMzmY7fWWCCe8FcABxPJ28vJVZSZZRlNTgjgd4FwWAA7mGqAXRaoNyQIsL23+P7ZvWKfE11JrXKiv098TmeoUsx0N2RjAzOtNpXFjDy5UA/8AxnK9RUCo17sGuelxXp6X0z+rH81n7f6yrpwHW89/IGEn1Nt61knPGJDobLW9rW8oK2GP2jynad7W/hbTMtmouYjbtzL/AFOw09Op8Psz5OJU6dkLqbFO2srwJe6wFXpelKgEsn/aKU5NqPxHVv6ZTcByZl1kNQwPtNnXEv0yhT7TJdFr0bn1nRjNxO0dM2x1s2nG3B+kPomN/wCrlW4g9Nk6W5j24kuhDcth/UG4k2D2fr158CxT3wBMLS5OrbLAKU95b63cbOo+Gp8vr95RsBr1SgDg95GxpCpiGsHsYl5ILHiS8Habnz3gjysexpa8XafIMcSpe4Nin1PeWNpYKB7SC1qH3NHJs5BLrPIKfTGcwCENgMRlTG3AWndyCeI9iqTlYtaOxbLHKgdiO8ejnguc+0HpH3jY0m2EPHze8jKkhqq+QwycHBlHW5otDrkqR39Jq0MHVge/aD1mnU6MgjtzKx9J12q12JdSFyN33lW6plPptjVeW0MOJcIUJ5xnPaVlj0uKtVzAhOAJd0+p8O7BHB9ZStp2ncTkekRHbc3HtI8VNwrXegIx942oD0FLACV7cTITUPU4IY7B6Tc0GrpvUBhuHtKmJXFa01o1CApw3tGv0zLYXQ847yGr0VlTDVacMF9hHovN9ROcY7iF6Z0qGQZL53D1mx0a1qUewYKsCM+gmIAwJ8vlPeX+mKK9E6rZuBPywxmwL1OtqtMLF5P8w7GS1GnTqfTqrKyEdDhsmXOkWr4NtF6Cyk+p/RKdNdumsuprXdVYMoZrcdNJdqPTKnN9miuYA58u7jMo3Vk16lbBkKeCJs+Gt2p3FsW1pjMwta1tZdK/MM8ydHVzobj8PqlVchUBH9pFudULBgeRWjfDmopsvsq+RmrK4lYE52Z8wJX+kfj0ys7awPg9Tr1KnIsXBxNKvVL+Hv0rqWGNynExbLlrapCOQsJXcWtQhjgzDKNcY1NGtjUjUIdoyEI+5x/rJa7amgO5SLaLivPfHPMz9DrHoVl+ZVsDGWtXcut1bWM21LVBxJi9FTqC1q3FiCy95Q6nqyvW9Lr85NZAMsbS9Nda91swT/SZPXkNNjV98HIMZab3WiL38esAK5LZ+0561zY24nBBmpXeP9gqzHPGJifMjNnmZ5VUunQdKYWbEY8KQ33mvRYKG1SjBBTH9wZzXw/qANQos9Ju0IdRrGRT84IH9I8LorNqgrUdSySVWyrJ+sw6zjqNtyg7QMAH1nW6tK10wssGGqXw8/8An2nKVWefBGfr+80yy2iTTV6QmaWrsYrU+c/Q/WR1lzaqumv0rrYZ/aLplb23WgMduQSPpiU7NSKVGFwSyqftmGNG1/p25dC4sII2dvpma2gr0mNK2PM9wH9xM7p9Tbr0IyGrOP65mn03TsE0WoIyiBnx9sSsL5M/Tpa6hpei31gDL2Ezmuj3inqD0hyA1qf05zNnTak6npKbwwNrMc+wyZia3SfhOqWOm4gUGwftDPprj2r6q8DUam4MHYW4ye23AlFtStXUWFSldOasVkjGGPeSZTb064hSGbk/tzKO86jRn+dF3CZK01ut6p2o0epU4uBwx+koU3b8iz5DZuB+vMu9O1Gn6h0y6i0Bb0WYtdmyw0dwvIlBpXW2hw5bKi4g+4HEqdZZRTVYAdzZHb1zwf6RdTewNZ4f824iD6hZ4ulpHZgIBg6oqLAgzktNPoq2WaC8ZHB4mWQX1SDH/DYk/WbOhRqqE25HiHOJFy0AKX8NipP6mBmp0nJtABUKrZ79/SUdXQEdCuCXfcYbpXNmFOeZF/yVMtOo1NYe17Ao2eHsz6EzM81XTqt6jg4x6y3qme7QmtW2+H5h9SJVvqHh0o7dzg/6RzHQuSm1itc9f/LKGrVfDAHzgS7qKkrLKG869jKezJDMckg5lb0k1dbavQ2KduVHvJ9CezT6pGsZ0qDjBUc5kwU0nhAnyWggxun2mrVGl2Vg35Q/6jxmVO03pa6ox1asyZN9Z87Adx/6lOpjaVK4I2nJHvCayy3RdUC90uXBAgVr8LUqEOK27j6xiZNFGF3RzS3Lbu/tKlO4UtpLiDsO5TI6ex61cryobtCMar1NlRw45KxKVtIy6TWqMkbzzL+rNd9TsrZA9Zns3jV72XayHiR8c16c1Ds3eOVNhVK1dzo4JHoJY0lTBw1jDYR8pPMrU3bj+b8/vLCpsIJfeScj6RToYXSZYG5WVSF3CESiwpc6D5POPr6QdqnBXONr/wBh2l/TKNXSnhEpqEBUp/MI9qUbd71V553AdpQ1alSQD2l7dfXbZpbAK7EOApEr65VZQxGLB3xBNiuB5QMwleNlhIznkQFbebBh69i2opfhjkj7x4ztG1vRsKdSqWOVTjH7x9fRs1FllbFkb1xwIC3D2Bj2Dhc/TEMtnh3mtm3UtKs2rGrXTgBSCDk7P/8AqT11fi6e1Dg7XO3Ej05NmsdB/wAPbkR2OQ+ByTI1tahSm6rDd17TV6I72A1kcj2mZWGFjAjt3mj0gEbrqMg7Cefp2j8A6zo9y2oaLBur7fX6yfW00Z09WrrUE0HwiD9e3+JidC1jm80NjeeVabV2mr1QeixxVTauwt/K/v8A5mV3KqTbB1tljadDVWE55mz8B+Hf1jSLbVhheMn34MytLVahs0zj85DhS3ZhNz4DrWr4p0zM23zfK3vK9s8vb6T+FdK66ddFvzXUnirn1PsP6Tq2zU62ehUcfWYfSaWGl0dykBmpVuPr3m/vF9CEcEDJ++cTfjmmWQ9OCowR2k2xmAqBViPSG47y7S2JkYjSKyUkyijGNHs0yBiRAjxRFooojFDRWPk9s45lewEgmWmGRAWDap/rPGvp5mlesbrlU5xn0l5aB+B1NanLsmRA0gLSdQo3beRLvSaA+xHswbEOfp9JGF7dPx525rV2o+lopyR5vN98TmepXBmJ43tkP950/XKNrakKh30EHH095yfUnrOpdlGCHIInpcVundVO1QmmDWgHb2lfp1iWXOCww3GPoYXWZspsyflGcTJ0FgF9RA7sMzS3tDp9IRVTrEfBG3Cj+kWqL36HRAErhcf4iZgussULwy/6Qusxbo6aquHrXzAekGmIWqtD6cV/ycCZOqB2WJ2xiXeXpZuzA9pT153r4g4GP6zowvTNOhv90KEcN7SfR0NNTag8YJEBo3B0YU8NmE0Vjr091s7F2C/XkybYI53Vuz6u24Hu2YWywB198DMbVgKgAGCW7QFwJuJHYKJFAtxHink7WbBkB5iAPeO6/lBj335joCpBEDHI2sAPaBZxhl9ZbrAevf6g4MqOgGoOD3kW6pwGtcOCcyfIs8vrJ2gDBHp3kKyCWPsJrNaOoozV389pbJBDK3p2MpOQxyTLPibq1bH3k2JRqsdPMfQy+G/EVeXG4jEqOoekn+kWmc14GcQgVNXSVYooO4d4Wh/FrWsjDdiTN5tDVfphYmC3riZHU9My1hq/Kw7D3mvuHAAprtNdnKntGfTqWyePaWFevVULWcLeogxzwxziLUPcB2BSQ68D19DGrsauzdXkY9u0t0vWzgOAyjv9JcOjqb82khlbjHtEUu1jpXVHurFdjjj0hBpWsB1GkPmQ5dPcTJt0zUWbq8yz07WWNlKX2OPmJ9RD2qxojbqqfEqJV+xQ+kJobEqBWzCsOYChRY/iVvtcHzD+aWuoUIunDgfm47SuOFpI3Mg8ekNtPdfQwtereywMvA24I9pm6HWFayr4x7GHfdQnir5lf19pdOzR9r6c2XHLVk5z6zM1TldRvrwVbuJonXeAng2JvRxkTL1qlb1tq5R5jbqplQ0QWvrCagAhe37xG1G6ndp7MKFsyMcHkxtxpuQOOC2ZW66CnU/HAwbBuwPcSvLpP2v6q3eqW99pKtiG0tm1FGORMnS2myq6vOM4YffiWtJdz5plk0xaVJDCxPVhJLYpqqIPNflMr6O0HVEfSDT8rUGvOd53Y+khe2hXqPDS8MRhm3DHfMy+sag20uW5YSa7nNuTwh4lPVOH3ADkjmAWtHdu6IayewMpVMVTk8GNpLf91sT2BkNMS/lbgekjKBd0tm2wAd5t06t6mrdSQQZz9DBL/qJqUsbKie2CP8wivpvvqFu6W9b4yz557zldMGFtzHHlOBN51C6ZDkEbszN1iCuo+GOXPI9ppO2dH6NqGe9guMuOYHqtW/U1hAAQQP2zF0Sv/fKXVsLk5P27zSNSW6Sy5uWQNn744mkkJLplieI5Zju+XvxjEv6IXDo9VlbtlEcEZ4xiZt70V9MS5Dh9gB/6pb6FcP8AYl+bAxw+B9hDHoai2NfZpui1IOFYHk985lkW2a16vFxk6VqmK8eglbqbUXfB2mKY8TeFP9YUf7t0/UV1HfZWCQR/aZ5XdVjqMnQhq77tPc3YsOf+niYdu/Q3CtvmYbc+n1m3RYt9bapuLLFA/cGZXU6vFqsRn5ViQ33kbilSjVPp9f4y48/B9pe1Zrrb8YVyAnp9SJi6dxtNT/MDxNPxQdDYreYNgfaWS42y7qVzKcK9bkZ+i5Epap67dDU+POM7sSWSmpqQdypx+/Eq2Zew0AbMGH0AdLWps8Xadmz98+s3Omj/AHrSixOACMf1lcaA0rp13Z8SwAD3ziaFDBdd4r4AUbce3GJnQx+rqwuBU4GSBD9C2q+ByfWR6innrYn9RyJKpH0tqkkFbPUR46C81jLrNrgiuz5ZeuWjUaQqjYtAAYfY8TNdbGUqnIXzhj9JLTag701mAdxwywoA1IBY5+ZO/wDrKliuKgwxySDNHqlIGqFoOEs4P78ykTufB754H0iAOrQ20qp/QOJTrZj4bKMWDBz9RLGqdhYccfSQUbbdu3BLf2lYpyXerlkbSWsyksMdpXFm3U5/QrjIMsdRG/pFFzoc0vtz7+soaixDclqsNti4IlFF20mu52yPDYZGJCo116hb07EeYSFpIpCZ3L6GV6mIOe4iUu3qrPvqzhvSZ9hcbkbv6S3VbsYk9m4H0kNYim5VJwD6xkhSy48Uj+sKljkeJXjIbsRK9/C7eyxlYkqyPhVGD9YFF+23c4xwTjdJq7Var8RW7DdjJz2+0osHNPiBuRziE01wavw3OIaW3NZqaNfoCLKlGuRxi3+ZTM3AfxldSpBwMnvxJIyts3Z7YyPp2gcMoyzFmz/SBX0z7MC4gAwpGQnAyMHP2h7fDFZJGDK+nyxOf2jxZDgsRtXGDycxaUgixCNxHbMGCVfB4h9OortDKM7pZxe6feoDAglhL4pBO8AqGHc+8ooijxXA2gjgzR6VptZrnVKTnwxuJ9Bj3mWWXj22mNqjikOwZtu7yhsev2lroem1Z1Jqq0mptrJxvFZwcT034S+Eun1a4JrqRfaMMRjgE/8AueuaLoOk0fT1RaKkwc42DMj9zfDh/r5kHRuprlqtDfSwGVLIeZo9J1Yt2pcuLEO11deC32n01X0fTWaek2UVuUPPl9Jz/wAQ/AXS9bo7jpdMtNxbcGA9ZneTtpOGPAupn8PrPFJyrfIG5I+00ugW06rqOlxhbN+Q81eufDzUu/SdUQLK/NXeRwfp/aYXRdKauoqAc+G3pLx5Jl05+Xis7fVPwywu6PpkGC1S4Le+ZuFQm3bwAcmcr8JXqOlaJw23yjcPfPrOw8jHv5SO868K5coiWyeOxk0B3EHtIIhDgY4EOQO4jqTCPmNG5iOJGKQDL7yWRAzk4iByJE5jpwOYEkYooo4VfKjDAgHUupA+0Mx941K7m4OBmeNZuvNDuxXp0qX17y10QG56gD5t2IHXBQAVXPuZPoly6fV0sBuGeZGPVacWWqH8eaDwLNT4fCsi5PvxPK2sZ2t3DkBSfvkz2P4wur1tb+G2Qq+ZBPIH41Nin9eR/Sehw57ehMumdqH8zEHII5EpaJPE1C+gDw135dzg9oDR2M+rRU4G4ZmuQ3t0osHj1NjI3YP9IU27L9Su35h5ZX0yltMGJwQ8MGFmpVmGMDBkrnpWpYGm1f1Sh1Dy6JSDyM5lmpWXV2fyylrHQ1XI/f8ASJrhl0mmo3HSq/bEKxf/AGfTj9Tn/Jg8s+hAUY4J/tI3sV6bQRxtBP75kW7qGbqATaQ/6TmVGcm/I7TS1aA3tkd1BmcdqOAPeXAs7N2nDZ7RwpLqQM59I+i5JVuRjtLFeE8+MH0goqUOCp4PfEq6hQLeDzLbPm9XBwCMGV9QoW0tjMzvsIXLmvy98QFYZCvHBPMtUEb9rD5hxIEFGZTznt9Jf0A7APE4HEdVzuzwse0bSAfWMh4KsOIvICIu2vvkSNxAAI7esij7G8Jydrcg+0Jam0ceYHtHAv8ATNUyBVB8pmlqK67FYkAkjiYGmcDixsY7CaWk1RVT6kdjNcSrO1mlAtDU5WwHJjW2B2W9kwOxE19WEurV1HmPeZ1qOj7GThvWTkRrdGj1+NpGyw5I94TpmrDOUcbLAMEGU67bOnaok5KbsfaXdfUuo2WoMFuciF9CNMFCMuoaZ+q0apa1lJxmB02r1Gmt8O5d1fvNNa/ErF6EFf5ZG9NWf0q20axa2zgHmbd7+I+fQcSqdFsfx1PzDt7QOk1RW1q7icE8Z9JpMgfWUtvD1rhfWVdPryl3gWnKMcfYToaDpzp3quIKHs/qZkdZ6Oa6fxFShgRjI9o/JVWPiDp34anT30tvrNeQRMi12t01JTgg8ia/S+ordol6fa/CDCFvSUrtPh2qGAw5BHrIyu2VUrcX1sGOHB4j9VAt0lTKNzIMEyvaHNmQuxh3Ak9PqAA1bLweDEIo6e4pcPLwe8thgl4b9JOZXtxRqQrrlW7QvDW+GPXkRZLaHiAX70wPLB6prHuSwHHk/wC0ruxKqfQHBhrB41YVG24EzoKuxib8nHMqWWfm/TEZ7mydwwx7j3grW34I8uOCPeEEGo4qdh6wNDkkk8AGPVbtUrjAkKjlrE9MZlGvKo3+KDnKiXdFdlGOe3pMzSHCjdzxLOnsC7sDmTJ2qVtgtZQG3YA9JT1JKs5LZJ5Ai0WpWynbjsZHWbWuUqME4AmkmivbQ0wWmysgf/hJx9Tgw9Lb+mkEEMzciCrUNe5DEFaxjH0EuvWV1d6qRikjKn1zGnxKzw10XUa2XhFQp99okfhujOm2uCQ25j9B6y3Qi2NqK7FDCxASfrgYhfh7emmfyYCU2+If/jyIX0FnqvTwnwXXqKT5X1WB9sGUum2VJ0fXVli1mTgn29J0HVNtfwElQrDJW4cfTJ/+5y+nKCjXVVrk+H5foeZnTk2WKzp6aVGN3mBEy7kw14IOU5H1mlpLVFgrZB+VXlfpKmps3sblGMgce5nPn7ayOZ1JK2+J2JM1lsrrp06OOCrFv68QGv09VrVsOS9g8vsItTizU20svlVQFPtNsMuiWEIF6ueWXGPtmWF2WaiwlMEcZ/vK2oC02pjzOUAhuq31aalaqj+exBY/tLxu4miUvbqurU6ZX8tRL/bEt6ekEWhX3lmxn25lD4YY+LqtX2KJsz7l8ibWnoSvTtWRk7sBvc4zmTeyVup1iy9mSsFaVbH1MqahGArdhyB2mslVRQkZwO/1MztW1mxLHTarqdhmd6M+lWyvSNqNwIc7cGV9Ofw1/hWcqT29sw143dKQ1r287D2xK7q1mj/EAecfMfcGVjdw4vNWvhuhbcOyn78zMr8pZ3+cen0ljRajFZSwZxwItciECxDy3cyhVLWILqxag5Erg7sMeCJbQEZAPl9BKl+V1IrI8pgTQ06i3p99dn6fOP8AEy7KDXWK87gw3A+2Jo0WOFwxwqnYR/MDzM/WbqL3VcsMnI9sxlUdE+9GRz27SQTAPMqI223I4z6Sxuz6QqYMhXAyCftC3sllXl+ZYBbCgHhjBhaglxKnyMfWVDVRqH2hXAj6mnNAetufaE1WnaurzAH7SkjNtKhivOYY+yWtOzPpyOxUcx0O3B394+icDJKcMMFYPcxdlAyAePpKpb0vV3hWCnkDmPqHRXDAHzSsg8RhtOSO8vMhv021Tll7CK+l76VWy/pxGYAABe4i09hZjWASR9JIqFt8wfP9pOLPxRVS1mD7SyvlXd/LB1Dzb2GOZd6bpn1WoSoKSjtjMMstKwxvktdHrOr0rpy/P9p6V/CXowW1neoEWJscH6zJ+H+kGuzW7KtlS6cbDj9WR/8Ac9I/h1pVR1tFO0WUh/vmcnJlt6eHHPHbsdN0fTV6uuyuvDadgbD7gjH+s66ylTpyOCu0cwGhoFlLJYo3W14zLGlrKdLaqzkpwZGI39LJ09TKq9vtK6UtXq3Q81MO8uVun4dD2JEjaEZMb/2ldUu45H4y+EtP1bSAlQt65KMPWeS29AsHVkZ6jp9Ulmxmxww9D/ifQHilfIVyB2Mw+u9Io1g8TYvjfpb1EMcZKnK3SPwxp201NGiu/NagH8weoPb/ABOrqYK6oc4Mw+jaa3RX6dbPzAVwzf4nQ3V+G4AGQR39p3cTz8/Y3CnAOQJIHMBWwJCnjHr7w44bH0m9QeLGYo8iAIrhpPHaORmKUCiiiglP0ii9IpUKvlCwcZEFp7kWzDtgStrdWU8qdpTVgyF8nOZ4OWVnp5zV1l5TmvDCQoL17LDgZlWm7dtUiaXiVmtQy5xIm7e1Y6BVra9QwO11sU5JM4DrmlOn15zgF28s73qFbPQb6DgjBxOT+KQdWBqFXGOxnRwZ6ru47LHGdRH5uP5uJW6OcdSqXHBYGW9cMWOD3UZlHpR29SQt234nfO1eq6hGAbbnyq3Ii1ZNep8LtkZGIEgDVkKe5zC6phbstHfO2PxjTGq6MfEYniZerI/EeYZ7zT+YEPw0zNfhAW/lOIp0LAtPabMV5I2rj95Z1xNehSph5iOP6yrocPqQB6y11hgKQCclYkaA1wQpXb9NszTSDcS3Y9po/wDF6YARjDEyvbt8JSnOO8ryGk6k8Ngy+0nYckAxicVgwRY8ue0NmlSVJKMf1Ql4AbGMg9oKpD4gfGQeYdx4mMHBEXugCxCVBUYYSGo8yFgPMIha+8qewOIW1QFVx2zzL60VBwbtOGHzD3g0O8EHgjvDKxTVLx5GEBeNtrbe0zsOf9EDUsuxhz74hqnyprYD2UiURhhn2kwT3U8jtLx9K1BLq1XznOR7y5ok8YZDAH2zFpvDvr8K/wCbHEG1FqEtXkFfSXLpNjW0qqyml+G9DI2UeJWaXOLF5BPaVNLqBcNtzbLR2hTfaLglo8w7fURW7Sp6urcwSwZX1P1hNIt1YNTgFMZVhL+2vXhk4rcenvKSG2otW5wV7LHfTSYxVYt4zANuA9G7yz0+2ylsq/kHJDGGfSV6wLYn5Tr80ra5LakFa1F8dyJHVF6a9esr1DYRgM95HqGlrDK6jv3nM72rc21kj6e01ema9L1233YP1k22ejidtjUOwcsU9BNXpevR6jTY25HGOfSZXUD+Xu+bb8v1lHT3E2rsJBzkj6wl2edXOrdOIrb8OSoByCO8ho9TZZpfDt4sXgE+s0endTqtrbS6lNrMcKx9Jl6+s6e3w+5JyDLZS7C/Ebbtlq8juTA6uoV3B1zhuRL2sWrXULWo2XKOW95lBrQ5otO4r2MchxLVfmoGb5h2gFZ/FRh37QzHIxIFdtlefUwyixgTnjtJvkDKHBlVS63P7Q24FeTI8QJbtur8dPmHpKljB/N2Yd4qLDW5BPlkLzmzy9iITEGV96mTQYvyOxWBVSE/eFqBNgl+MGxKWO7Ye8t1gA8d5S+Vz7w+nfOQxkXqgbR2NXeF9CZtCgWXoQOFbJP0xMFmKup9Mze04tFItV/KwhcqcaXw8Kjrbza3lVGP94rT4vUL7c58dAR+xJlCpfCfyN845MLpXylNoOe6xeVU0NA62WLUjNuYFn+47Tc+EGB6LqK7U82pJGSOxbgzA6FW79UFQXBGTOl6RW9Lui421Wnj/pjxu/ZaW9YUs+GtXoNw3V4B9vScZ06/w+qvprF27mx/SbP41n6da2Rmx2H9Dn/Sc5daz2WaxhtZRukWnJo6WiqzUuT3fbz7QvUKnXp66jTAMACf3lTWNXbUu317y/0vWBNDboyuSVwCfSY5dtp6UdJUh36phgLXgA/zTM6nc28MABuAyR7zbNXh0Np2PmbkTI1iCw4C4C8GXhOmVEQgapGYFjsB+kH1MnVdRIRVAABJ+mJPq1i1XVJSfmrGTHp02242M+WZRNcZ0ztrX6JoDX0zUKOVrQMT7nnE0VKIm52wlaZJ+p/9wPTWtXSWaVBk2ttP7QHWbFXCA+UEB/6SaqBPe6eHWGJLPuYD29B94XrzgPVphylK+XHuf/cqaYqlluoc7mrHkH8x9D+3+slrGZqNPZ3a6ssf6n/tM8u2kkoH4qzJrwAjABh9PWDqNiN4Wfy7O59PpBbgEZiMuFhtNevhpVYuK2GA3sY8eoV6ViWouZScjPczSZBZpxt5yO47Spq6kpKuzb6x3MJptSSpqQbVPIEdpUOtQ4epGAdO+T3+0HcqfOwO4euItXSQyOhwwOWMilzLXhxuBMqf9JCl2dXVsAj5fvBalXS3fjPiAbs+8tWbSGKphT2MrakNsUsfLmUFG6vZaGPr7SaWQt6l1BWVKwfN94qWtLShsFiR9JOkt3I5gqzwATDrnHm4EJSHV67qtrEgylqdLhxhwVxn65hVUAcGOg3ggmXCCqGorVbRVubOMDtLlvT9S6pqqK2Yv3Ueko3JYFDCx8Kc4lnpOr1C12qmVZfNgt3/APBH7Rkjp6dV4jtsCEEg57cS/o1rQ5e9N/spyZDNWpbfpk8G8qNxdvKftArWUY7iQ3rxwftCzoS1dvt/DH/d6lIbuzd4Ot1ttzZVnaMjmE0wGq05pb/iLzI+DZXmwngr2kTppOzC2m3hahW2eTnPE6f4S0XiaJWLHz3eGm0cg8d/bvOUZdhUlcBh3no/8ExXruqajRWpnlblHsUJP95ny+tujhk3p6b0/piJ8PpR4a7s4Zvc7SZtfw2K29MpN6gNVeaQB6gdpNqXoRatuQ7kkfTBk+h+Fp1rRfynrs8Vh7k/+pweVteh4yTp3dO41V9lZXIx9MST3Im8WMFVu+ZUN25N6nLd/wDSZus0+rvJ3ZxNfU6ZY4zy7Xb+q6eryC+vaPcxh1TTuoK3ofsZyfUultsKlW+857UV36KwbHbg+85ss7K9Hj+PhnNvV6tUloAB/eWVRX4wMes5DomqZ6Kstz6zrtNygI9ROjizmTl5+HwS06OoP6l3DHvNQOCoBz29ZR05KWgS93ILDIno8TxubHxvRhWpI+kN2+0gcDt2i3TbbDacRMhujbsmI9iRRCI9ouy2cRGRUyRh2WzjtFEvYxSoHxXb+JVsZ3CH0+Snb1gQ4p4sbH3hDfXs8rges8Xx3Xm30srlGGexh67iCQTkSkutqesKe/aQNp5weJOWIlaiahBW3m4P1nPdWPiKypwM9h2hWuABG79pBk3Ulh3MMNyurgt24zqlLLe5ImRpsrqsnvk4nQ9aObGw2D7TnU3LqdzfpM9Liu46q3at4e7fwwZT+2BDG0rffT6HG36RXK1i2OpwbFB+2Mf9oC9vzQ47kDM1ViPfxY32mXaQy2qRnj1mla3iWED+XMzCjLe6n+XMzVQehj/fBnnEP1LbhCTyd3H7yt0+wU6znkkHEl1M7b6Q5yRn+5zBFmkqGa2i/wBAg7QNaeGfCIJJG6F0Kg68pnAt4Ij6hXF2BxtbGfcRhDUELUK/1QGrbZpwn6jLGoQO62DjErWgNYHJzj0iCeisYgIeOJaHmJUekzqGb8XkDC+00qSC7cfMIbVFXUo1VwduxEat2yd3yntDXEXKa2PK9oFc7SCvHYfSTun0NtXAbOYK1R4xRhiSJVUCluYzMbV3WfN7y8UVTdHrYr3U+sesAcg5lmxMgAdscwDpsBKmFpyj1bWcMDhhNB2/EVAchx3xMsY2BkPm9ZZ0+oYEN2MNq0jfUWcYGHXkGX9DqKtRiu8bbBwGh1pTWVcEK3eUNTQ4uAYbcdvrAtDa5barA1XFiHyt6ESV9q6wpai4tUYb6yCWCwHT6gnYO3vFallVZ8IgkdiPaO1SxQ1e1qnbFhld01dWSreIJnvabGDA4sHrL2k1V+CDiR2FexUfKWUlHbsRMnWUtQx/tibb6nzsGXP1lHWGuyssDtP15lTSLtW0+tsOnC2kmGpdC4sXvM8qFPDR6LTuz2xCSp1WlqHZ/MOGHIl17q9ZStdh2hR83rmUaLFfzEdoK47eFBC5zNINCubdKytaDtQ9/cQmuFeoZdRVxkZ494bSalNZSKLgCwGPvBrp3psZPmqGSMfpPpHIcVLBZtVmXDeokHGTuBzjtCWXBiUdtr++O8HkhwpXj7xVaSNlWJHJkM+YH0HeF1mK0rZRwT2gCfKT7wmtBFm5xiNavAwe8XBOIgSCSeQIUIcgBYWs/mBvQQNjecHHGYSs4rYniT2BC+WPAMWSORBqcL3zJIzZ+kVlC6BvCqvJM3+nWVtU2jdSGrq5P1mJokO0up8w7TR0Woxp7bHHnKY/vJpyGW9grv8Apr4H1M1emaez8Eazj1YftzMitNzAY3VjDN9Zf0GrcahBzsGNwz2HrFO1bbnSWNHWja2PJQCf7Ta6Gz6jp2t1RwrGpiv3wZz9b1Xa+9qnyrV8H+nE61hp9H8OVAVOWatAyj6xct8VcePl6chpPN0wabO202sdx+xMzgFvoYHymvyke829ZpQp0gLDwvMOODnkj/tMDUkgB+xD7HX6+8y8l5zSq3iIxpOMDkGXNNj8pnbDbvP9pWsXejEHzg8QqhTo+f8Ajfq59JPdpwXqO6uwaiollyec/SVbk30vcMBmTGPrD6S5X0x0p+fjH9Y7VCnCWjLE8CXvV0WUZtCWnqHjWgYUAgEcYmr0yltR1C2+9NlNK7kOOCfaQ1tHgmm6xSVsrULj3z2mjcz16CnTHBUnJxwcTp9MLO0xY60B2YIXLMWHG1fX95l2Ot13hbshB+YT6t3H9sQPU9SpdNG1mK2sBb6AGVNHYAuosdjuNmFPvxJ1T9Red1B8I4AxgESxe35OnU8VVIQD/X/WZqnxELE8y7p7BallD52sMJkdpNh41Wv2rZ4h7sBxIKxZTpnAA7iGdDuKNjKgDPvAautgBYvLjtFpVWdOqkinUc0Hv7iVtQp0uowrEpnyn6QulsWwDnz/AKwfWS1VIfIBwuOPXmOf9Knex9mQAUYcmVWqevzHJUwultNdZouHHofeHuQ2VeU5WK/8JX0rqQ1dhzUfX2kzQpoNZ5Qnyk94Cqs1uR6HuDLGnu3HZZwwPl9hKgUfDau4VvwE5+8Jq6aQ4ek5DDLfebF2ga7Ss7qGOPmBmMazURWxwM+sVpVWCqhAJyM8QyjzYz/WSvpUOHU4HqMZiCB+VEAJWdleLFB/aGrp0zL5bNpPvGpyylCQzCEOn1NdZbYpB+kNp0jforFqJ0ziwAeYd+JUZVqXcFPiHuMS3pXsofxKyQ45x3H9IXqGra5B4tYRj+pU7/tLwo0zUdimx6SoHZ/SWaNTag8Nwt1Z9cciVa7bew86g9j2k2ZbCCo247gcS6S61iaa9LqnLA91msFpuqGorORYmGT+UzBTcSFJXaf6y/oHs0lnmIbTOMZHJU/WZ3pUM2ltsIUI3iIfLk8ETq/4Qam/p/xsgtOxXTY595maldPcaU8QqSOXHYj2l74ffS6PrNLWWHK2AocZxzM+TvFtxf7PprVU5spuQhkOP8SnqqUFqWonn8Qg8ekJo9WlvR6La2JBAO79pa6WRqMggZ3ZPPpPPuNlenjf6vdAqJGy1iwLfln3nRLSoXaeZm9LqrorwvBVsoT6TYpethnI/rOrCbjm5bq9M7XdOFlRwBOE+KenMM4XGJ6c7qUwOOZz3xNpVtqLIRnHtMefi627fgfI1lrJxXwvef8AgN8ymeg6NyaxyO08vrZ9D1XxDnaWxieidMuSypXU5yBOXjvjk6/mY+U3GtZgOh5zNDduRceko2glE5HaWdMCU7z2fj5bfPfIx7HDZOJLaMQYkgTOlxEViGPpGJMYHEcAhPEiMkxs5kl4j0DgYjmMTk+0R4GIaLR19YoymKPQ0+ItdbYdTssXmCSwLuyJPxRqNSbrIK1K2DMnvPImLzRK7A6jAxzLSWBaiDKGnQbT7yZtK+Vu0nLEIWnlnz3l3Sb3qB9MTPu87KF7CX9K4q0rPjOwgxY49ungc38RVCu4le/rOe+Z7fcTX1mq/GarU5OMtkTOK7brnC5yuczs4pp2Vp6O/fp6h78GD1n5bk+0D0O0WLsYYl3X1rjE2HH7VBaatSAecpI6x/zgy+qyF3DVH6RlYEgHvuyJk0UkX/8AatS+8fqbBtYQe69oXSA+IL7fmDHEC7l2NnuTHE5JdPtHibj86nvLuowt7izsVBmZoVJNat2c8/tNHXMbdOly++z+kaKBq1CgHcdpgLEGN69jLDMr04b5hK5YquPfvFkMTV49O8s1nC7vaAoUZGPWHQ+dkkxoe2sArYvr3kL1CONx4btD15s07Vp8wMVSrbit+4BzGVVtYBWFZRu4g0PiV5Es9QX8PaqqPLslUBT56+JWKUww27T3i8PHLdo16AV7h88ely9YVz5h2ivsRBqihLL2MgNynmWRZhtjxX0Nwy8qYmg2g1BV1BbiarinU15Jw47TB2bcFO8uU6gDCnvLxCesoerazjv6x6MkHByCMYlxLvGC1vyAMCB8BqyzquVJ5iDF6hQ1dpKcSei1B3YM0NXQLE3g7l9VmUtGy0ugwnoPrFRR9YSVZqx95n2MflI7zQqbyEN8/rKepTzZiJnNlXPMSjGTDPWXRs95DbupBP6ZsE9I53bcwzPltsr1gI2/3kWc78iCatVlktwhww7GXxqiALK/Nj/ij6SjpWW3hl5X1jJ4lV7Hdwc5H0lwonr1T/8AWKBuqfjPsZHRN+YKrDnPYxWsFq8ROUPpI6FUa8Fe45kVax1CpketSfLmAt4bA7SWpvZ9Tsbt2g0+Zqx2igR/TuiPyfeSrGK9lnJiZPKMdo6AXXKcd46ktQVPpGI4Ik1GaCIgbggEe0IhkcDaPfEnWvPPy+sd9FPa7067a5z2xLujZbPEY/LjGP3mTSdr4HaXKUZVbBwCcmY5NPppMradnrHKuoOY/RyX19pYflsm0f3lWy20BTXZurxtI+s1OjPU1laqvnCH/EeKWn8P6cJbtsfGTtWd6K7bemeDYFD1AAcfMBOF6Qwt6iVLedTxOn6R1tXsOh1oGxbDuY/pi5J5R0cGUxUutaZqrqrqE8Tacuh9Jy/V6vC6nc2PI43j7z0PrOjR7fG0771sHkczluv6XFDKyEWjsZyb7b5YzLtzFylG8Rf094C9zYjais4wOZb1amvTqudxI830Mq1jwgGGCp+Zfea4scug9G/5gY8fWbSIjqS/mUDcrTGtANWFGwE+k0+j27bFR7T4WOMytfaN7a1mmd9LpamUMlDFyfpjj/EyOo6ln1JY+VANo/zOu0+h8bSmyggqOT9phdV0COHsVCq9h94fsP8AXbNxyDqb9dZnkH5YXUuK7a0C+VFy33jWo9GrG9juUlf6yWuqK6nxD8rjvNJntncKsVCo4YnAf+0uVWlNSKrQCF9cTCpG1bKw3DTX6XqNJfpvw+rYmztW/sZRelrUIj2b1Xbv7ZgHTwwUs7MMAwy12BhpdQpZfRz7SSitXNGpbdV2Q+xk05dsc1uj7GO0Dsw9Ze0jvsIxucc4Pt7w/gFGalk8VD2eBem7T8gb0zw3t9ICp6nTfiKFs04JYfMJHTtsGy3iXNLbZWm/fg+je0V+jXUaUsR4b5zu94ECdNVceW2gdjKgR6bDU6bgTw0u6YGs+Fb56vX6S0K11X5bsGcf8Jj6D2gFDS3202tyzVeqy9qtNp+o0BgBXYB5cSrqdHdp35LH+bHtBad76L0anJy3AcxUAjSamlihUOo7+8YVV79xJUe03dJpb9fcRVW9WpzwynhpV1XS9bRe3jV+YfMSM5lQMd62NpZG2y2mqtrRQxyMesM+lTH/AA7gn84Pmldko3eZ7GA4y/zRBX1Frb96HZn1x2hKnS0jdv4HLehl6nRV31k1sWXHIbvDf7Or0qj8VeqVEZVVPP7xy6DMXT6W0ooDU+Y8E94LWU3C4hKQVXAAH6pYt36rUCta1WtTxj295cXSNU6toB4954Geyx+Q8PtlGi7S31tdWUVppvW6A3adcqe6ns0h1D8dpwtersW+w8hV/TG02uegqt9e+rdh6/c+8PaVvQWpYRWV4PIT1DTQ0Bs0msrfUVgru4J5mRaaDqmat9gIyB7D2ml0zVbR+H14Jrf/AIZkZzUacd1X0D/D7qNGp6dWlbi6rHb2M7Lo9FVl9gRTXYDz9Z4x/DSsDUPo01LV4AdbKmwByByfXv2957D0vV26XXrU+pRyg277Bhj95x5f7PQl/wAHR6HTWIG3+YS5TVt/RK2n1KOrdmY85Uw6agFPml45aYZY2rOwEbdmJX1NSupRkHMLW4IznmSKhuT6S7fOJ48v15PMfinQtXrCduFzmanwtfuqVM9pp/GGi8avcPSYXw6vg6orPOyx8cnt45/s43cq26pftLGjbIIlLT8pLmh7mer8Z4vy5qrUURina800aMY4jgN6iTzxIxSgkDzCdxA5xJo2YBMCKPjkGKOB8MqVCsvoPWAFgUHElYCKmPrKwDbeJ5N6rzdCi5s8DEIMuzA+glTc44Ilqok7jj0kqmIwRaxuY+nEDrtT4OjdFILuO0sV1C4Luz9pmdTr2XsrZHBAJlcclrq4cdMLTqWvYrz7x0DG7UIvIWvjMu6TTeGljZyTKd5NdmV43jB+s6Z02yv8V+klheFHfGT/AFmtqsuRkkH6TF6a5Grx2JbH7Te1oNZU7SRiaT0ePTM1KjZ3+TtBU1tYygEDawJMsalQ3AOcnmVbmNN9gXOCAJlfat0W9Cdc1CYNaoWB9TxM5mxXheQDL3TrA1js2SwUqPrmUMbWtRuOcCaami2LXxRvxgKODLNTMdAagMgebJ7yvaRXowmRk+kfUX+AlYHGRyJF9g3iC3SWWAYNZxxJUstlRVhyPWPpKgFupxlXG4fWDYjZWANpImlx6A61itAQc8yCbhqd+OJCuw8oTkD1hqmDKc9xMpFQWqxK7t/qe49I9y4fxajlWBgmC/N3J4kqW8IGoncpHEqaMTWjeiZHOyZ1tFtb7l7e02b6Q6KVPOztM+wu57/tF9lpV354PeTFZ75OZPaDnCncIwYg5JCkehlWQaPYWqRd6Zz6w2ms2HB86n3kF1G8bLk3D0Ikjp2rTehykzpjNTvBZO0gaxYNqnDiG0dyZwVOY9lSFyVO1j2lY7PDuh0WWaaxRauR7zV0+qrdtgAww5zMpltHFgyB2JhtOgYgjn7TXpVjT1GlUVZqGc+gmDYpqe5TjjsDNrT32U3AE5X6wnU9FpdXWmqo+ZuHUSNJrl2ZUbAOc9ifWNf2B7yWoqKu9bjaVPlBldWK4DcjMm9JQIwzDHeBuXylR2lu1cMTjiDK7qjj3lTIXalYAEVcniR+WwL3ELYgI78iDvGGBMpCxpebNoOBjMK6/iWUg7WU9h6iV+ntuvHPGOY9nltGxiO/aPdOe1jTk1WWoUDqw7H0+0H0ytq9Y2R5cesR3uVsqZty919ZZewpozeVwSYKv/GfccXsRknMnSeSfUx7SrvkDGRnMSYEE7p1Kq3JLfeHsBassg4EDtHciGqZl07sATyI4N1S3blzjzZ5EJUfNs9DGdQxLrxxkyNJ/MB9IWH2M4CiNuIx7R7Oa+OeYq1ZsYHMWPaont3keGcGXqG21lHPOJWrq8Ngc7s+0Odu4TPPW1BF2rwvYFpv/Bai3V2O7gFazge/BmRbWluMkKRzzF0fUDSalyzEEoRj9o8YTsumGnS6wam3PmbygTS6roq7dQ2robi0HcF7ZnM9M166itUsAFqnjPrNmi2zTg6ezd+Gbkn9SmRdjCdtPo3Ub9JR+E1wa2gZ2Of0y/XU1tIvs2X1L3c95lNfQ2gOl1jGuwn8lx8pH1PvIU26/p2kaiv8yhu/0mHh26ZnqMz4h0GbvH0hzW3dfrOe1DPUSHQcDsZ2Wq1VF+hCVpssXv8AWc9rlTU2bcAWDsfcyssbPSblKzwGfbtADH0lk7QiqoIb1JkG8PSDZe35h7N6CTKPegKEFB3IlzekS6afR+sajSuKWJ8P39J6H0DR6Truk8M+GluOAOxnllDlF8PwyysfbmdF0S7WUamo6S1kKHPfvMvFthyyTTX+KPgpxutrVRbWfMPciclb0bVKPCvr2jnBaey9P67ptd0/Z1fRWBsYFtY7feUerdK0uuoKV2pYCM1MDyp+v7Zmflca3/XM508P1ehFai1OayO47gyv4XmJU9uwE9A6t8PtVWDpq9yBSLVx6+85/UdINjC7RVuMfMuJtOVz58NjN0uqssrWuy3le2e80qTReBTYuD23TP1fTdRVvtrrIYdwRD6W7TWUiu8mu0envNcLMmOrFx9LrNJcla/mo3ysvy/vDIEYmsna4PmRvlP1EJ02+6qvwGDNp39P1CHu0K6hQ2mYZHGG+Y/SOzVLao+nrGAwKo/GD6w5qZdtZXeh7EHtAn8fXZ4YpFgHdbeCPtLH4zTOBWtfgXL8wc4Bh0FXqvSdTTstoJetuSB6yvp7kVSlqNURyp+s6DS22FCFGSP0jkST0aPVqaii+P3wTiTsKVZr1C+E2oFN4xtDKTu/oIY9CNy41VFQcHysjkZ/vLY6XYA5C4xj/hvu/vJLWXO0mzI4zui8oclVdP0eyogUapktU5G49vtiXX0XVFWzdetoA74HMBUGq1DYfaccljmJNTaEBe/UEE48i8f5k3K/R6VP9nu5Ku70t/MMY/vA/wCztMthLKbCvdsjmWrtQXrw6eT2DcyFGBz4RC+mTHjdw5j/AFCjTvaM0UABfX2jv0+ogjUYdm9QTkQ9LXBT4RStfXLQ1DruxSoaw9z6TPLK7XMJQaPh7TFC7WOCR2Tv/eSr0FtX5NVYrX6fMf37TQFF7Vgbtp/lbgf1limsLSa7GLWHtsOf7ypafi57X6TS6VHJCtaR3JyROfbSm3a9VubAckETter9Ne9cV1UAkcFm5nI6jTdU0VtlbVMoB4O3g/vLxyZXFXfTWglrKSAOSQRLnTPGtvVXBdP0bsZEr6Vr7k8QlWwcEFu/0mx0PddeVTShmzgKDyI8/WxhjuvSv4W29Pq01q6o+HaDlmGeJ6PpOpaG2gVJatm0YU4OR+5nmvwZoz+GssfS7Hc4YeJ2/tOmrr2ABWwQMDmeXnyWZPa4ODePbr9F1SlqmQKA6nuGMv0dSyhw3AnEI7VDy5ye5lqjWsqkZi/cu/G/j0LQa8EDnOZtUWraAM4+0876bq22Ljmdb0jUllXPBm3Fy7unFz/H8burvV6d+mYfScZpkarXdvWd1YN9DBiMkdpy99IXW/XMObjvt0/G5OtNzTk+Gv2l3RZGZToA8JftL+hHlJ9J1fE39vO+bd1Y9MyJOJIkSBnoaeacDMUQ7RSoCiiijBiMx08sUQ7wA6nIikR8sUcD4U3Zr5grOB5YQj8uCfIGQJ5F7rzvQOTnLZl/QVO4JXOPrIaaut3XxB68zTresflUkAY5hpthNki+BQbG7zH1JN929vQ9pqkhq/DJ4GcyrpKFu1eD2zgR4XVdGFkU7NvgOoTBx3mH1BCNPSw9zOz6toPC6dZeB5BwZyvWdPbp+m02H9XI/edEy3V4+2P0nDate2cze6idtirZnGJzegH+9Ky58rTp9Y3iGstgjB9P6TaTUKsi1+5AxzK2qBGpwT8wEtOd9TsOwMrshueu0H5RgzK+1BUt4Vx+sjYgasv+rdFqGCsGI82Y9JzTcx7g5WXvZprWLWAP6eYHqm11yn6RLVQxvY+oEzb7NhYem7HMWuwv9GuD6avePPwP+8jrvy2Ax5U7SvorBTcr445x+8s9YTdp2sXIzNtzWi2p6exRZu5OTL9RVnI7TJ0Nu0qrgGaorJIsB4mFisU3WQ7YOO0KCrZz6CMoJrPbMVXoYvYdpHtA27GGX8r+wliwhFTA4xzBGsWrvHf6yvoggjBdxIz6SFqq65xz6xW/l++D9ZOvbWu5uQ0W+i2qugAGCYZTYEGwkn2lhloZAR3jbSCCuCPeScRS1CNtg2v9JZO5AM4YH1gr6wQNoBMenKsFY8f1muMPHqrCsNhDeYekhTW6sWQ8H0lmn8KzbXs249PeEqrqZmKNtx2B9Zn3tSt4jLZ5uZa09zK+PT1jPpXYbguPrAKzoxyeftLnY1sXqFen1RDIoDAc/WYOs07V1thftNe2w1FWIwp9Y9llbr4NgGSMgyMoOo5wuxqCnvJ8BRjt6y3rtKlKeKp3SmGVyFXt3/eTOivaF1e1g2OJX1S5AOOJedD4ZVm9OIFiDWVPJmmN2i4qelBS9iO2JJfMoPrzCadWIYEcrAVuvKgEYMpNFTeLE2Hk/NLfUbVYLp1+XHP3gNLgOWz37yNrDJ5yM8SpNnjQqwwHJ9cQjcjiJxswR2aTSsAbhCzR2JA5ST3FaSo7GQqVjZjHlkrOxXsISzZRXHGcdj3kK8b+O0OtRKnEElZDFRxiFqxmHHHaWNOABn1gUB27YerK+uDMpdULVNa2cdjLRqU1iqxQAOzCVtNZW1uACCJbS+t7FqY8+uZN9hXXTtW5HLLjIMBYtJJZwVYTcesrXswCvcESrfRXaoCgBvWVLoMeq5qrC1bHjsZ0/Sut6fUaE6fWnbb6NMW/pli17awCO8pNTZUT4lZX6x2ym7yhE2KS4uTHH0hdAbEtdFDWV/8ANOO6R1i/RtsYbq/rOp6d1PT35bfyfQcSNdlatWWae3K+H4bD+8rkUt5fCyf8wt5pfDIMEe57yrrW1S1h69N5R3YHtKy1S3UdX06plDGgkntmULNHfRcowfDPfEu19RYBVDtn1Dcy8nU9MQtF1Y2nuwhrUPtiPrKdPeEFRPsSOJoafVl3zSVVsTX0NvT/ABNt2krtrB4LCXrL+n6e4tXoaRxx5RIvo8Zbdo9D1msq05FwLo3P3nQaa46hcr5No7TDr6oxwU068DsFwILT9S1NupOdqY9AMTlz07uPLKR0eo072KErXJf5pg6rSNVlmOznsBNOrqS0sDbvH2lijUdP6izVDD47gnBmcsjoxly9uZ1NRso24BB9AO85/qfStw8XT/lOPf1np2n6V4SM9NAsRjxnnbIaz4dbwfG8HIPOD6SseTWSc+CV5bT1J60Gm16GsLwHA7zU0WrCqON9bHCsO839d0fR3I1dtSAn1M5/U9E1Whc2aF/FH8p5E3/c5c/j36a1j0WhKrs1v6WDmQt6abfFKUUWAf8A5N3m/pmZNfUH0diC+l63zyGG4H+s2dH1DSWNuDqjN34xKxy2xuFijXpbatWFy4HvLFlWsrbxKNlgB7es22U2Vb6fCf6k5P8ASUXArb82q5Ae5XtmPKljLtnr1HW13N4mnYA8YELdbcyBzXYwI4CjtLYu0JuBuW8AeplisWX2H8KrlPQTDvbfx2xVfUM3BsXIOMr2ghoepXMu4pcmffE6+ih2pw1QyPfiJKK68LYAAD6CPy0PCuWr6agu8Oyxgfankf6x9XR4H/D0ljAfrJnVautaaTZpVrpb1O3E5DqFmqtvJqtZz+ohztz9oYZbPOaBS5mYDYSPU+0Mtp3Yr5MqZsLAMfPnsvY/eKw9QRSwo3D/AJRjEPG7ZTLTYoTVugBQn65lsaXUAqXPHtmc8t+pqVSNQ2T6bjx+00K9VqXVa7TuzyDuwZV6g/Z23Fqot8r6chlH80o6uqxSWqsIDEkIRnAx2l7RtYEWwV+I547w51S0Wj8Toivs3oDDGqvbltH0r/aJN1CPprUJzuGFbmd98E/DD1aQ36xF3WOdhHqD2mZ019L1XqPg0apfEXjYvAzmepdM0DpWNNlVbTMoqBbuo7f1kcmdl07ODik7oeh0AqpsRagvbMlZpVVuBzjmbng9yVwT3g7NPwT9Jy58e+3b+zXpgWVhfSAsQhARNXUVDJyJRuUquPSY+GmmGdqfTbnBAz6zt+hkmtTnmcP05d1o9szuehIQFweJrwY9svld4uhA3Yz7TJ1VAOqLD3moCwXMp2gm7iduU3HFxWYp1qQgE0aEKULz3lMg7VH1EvqAUCn07Tb4+Pbj+VTxRDtFO9wlFFFAFFFEYA6xYy8ZSZJSN3PeAExFFzFHEWvhS4YGIgV24jXNlpBu3JwJ49m3BLsUjdgLiW9MK6juGWJ4mfTXdY4SsE5OMzrei9HFdIa/lu4zDy8fa5lpnU6N7X27cMfSbqdN0tWg2rXi0c5x7S1Rpgrm1gFXtBa3VCskKQVxiEu+22OW2D8QawWdNGgqTJLZec/8S7bNHpacYAXH9JvLWH1DFx3PEyfiXTMa1YH5GxNpdNsbtx+hqCWWMR5e819WGr0QuTJwFP8AaURp7qVvYebbgf3E0ntFuiWkjBZf8Te5dLZNn5ZIA8jQDZrDVg85Bh03WbLCOOzj2gteq1AKpyeeYlKPUDjaVGZMHOmYjjOINzuTzRZ26bEcCzY2ygEdiRM/UKGLuflJzLreelV+krumaXEokNO2agMcgzWtxfofL7TJ0o8jfSXult4iW058xUlRGTKdTVaOO/aamhsITDHJlMbbLBW/BTOYZRtcBDmRl7Xit18qc9yYS4BNuOxlaotulvG5PNE1gpIFIz+0CRx5SRLLABFzIPwvAgfiHbWt1WwfNK1ysibAM7e8KrurZA5luk1XDJ+cenvJqbioqNyhQuDB2NYp2qeB6SzejeJ4vYCDvTxR4invHBpPT6gFdlyfvLVGmq1Ng2XhPvMsFl4IzJDceVYqYXLRNi7R+HZsJD44DiDrpevKl93qCeIDphtfWV0PafP2Y9hL3VgNDq109xWwEZDrNJlFDaPVPUNr+cexk7lovdicKSOMcyuKvFrzU4P0Ejp6WZTtYqw945ZTgWsoJ0xqY5PpiZocsdrZDLwJtb/D4ZeR3z6yjrrKs7jUR9RIqarAlK8uu5T7mV79GrobqDg/yyzvqdMLkn2MFZqTWw8gU4x9IeJKtZLoUZcN7mBsXZYMcy3YyXDD8E+ojLUEfb82RwY5NABwBSbUHfvKH62AXn1zNNxZpqzuTKlpXanxr2ZRj1xBnUaRX4JDDDSAoFi4B5zI6hj4oRf3hK89hHjRiRpZjjg7R7x7OKdg+aSG7cCO47w9tPiJ4i/N7Sc8+1faOipLJuLEZGYTUaNwoccgzV6PoHvp06ONoufCn6Tf6f0kXi9WTK1thT9uJz5cuu22PHtw1C7T2PA3dvSFv06mrxq+/qJ1Ou+H7fExWuATs7TB1Gl1Ggtep6yUzHjy7TlxWMixnUg4h6SHXznBhdRSHUMq7WgAPMFbk+4miRMkAehHtLC7Ll58rDsfeVfFNZwayRJEeIQyPjPpANXTai+lhvw6Yx3hRarszAAe0ya73otBIzkY5lyu+t3AcAZgFxVYDIfv9YFq3ZsM67fXMbw/FOEJEY6e9eFcNnvn0jBrdGg8wUsv0levxaTurcj9pZRraztssx9JG92b5QuIUVZ0nV68+Hq9xOeGA7TZrt30F9LqAy4+UnvOTtbC+ZVJkU1V1agISn/N6CInXVa3RsPDvoBf1OMQ9VWgdfIwTH6j2nK6fX3r8xS3P0m90VdZr9tdGgFpzyM4EMsmuM2t2UV+Kp/EqfYgw76iuraHy5+nM6zp/wAFvqKq7dVQmmGOcNmX6/hfRaMFbGVwfUzDLPtvj8e5dxzXTdQmqC6YVlSe2B6Trel9H6cNrNpibAMk57zNv0uj6feLK3G0f2k6+pX3sF0YNmTg4mOU3HVjj4xudX0mkCoPBCWHsAMyn034NGotOtyVLfymX+lUaxrUt1GkscD6ztem6mmupR4AU+xmf660mcjkB0bX6P8ALq1bGs9gVh9PX1GvKO4sB47TuGFVx3bV+wkPwaNyK9n3EVwp/tlec6/peta4nwa2X3xM7XfDWr1YUC0UL/yieptocVscqV9pX/B1smVTHpJ7VjY88p+FCNN4V+y8Y5yOZQ1vwNp2zZUNhHoDPUbNESuAMSA0Ar5YbifSVMrBccK8mq+GdTScVlv6Q93S+pq6111NYMcgkCerpoEyG8MAH0xLH+z6XYDwsH3xLmVrK8eMeN39K1tRDPpmc/yiKrSX7966e6nA5A5nuCdH0/BKqfoRHPRdNk4oQZ9cTTGWe0ySPHundOe9ssl4z6sMTUPR0C4UEn6z0ivpNfC4UgH27Sl1DpyVK2K+PeGR9PLuo1+GjaepjW49pxPUj1BLGS9ndB7kdp7D1vo9VwNgAT6icb1Xpe9GqZSH7qxHpIl0rwnJHAarSXrp11Oht2jPIPJi0nVtUKPCtwvOM+83BU2msZBVlx3B7GVbNNpdRTl6/DYNzib8ee64M+O41Wr6p05j4Wt6abB/MjYMlU3S/EzUllNZ9HPP9ZNNBQ1W6ghmBPB7w6aCm1MOj5HoBNOSxlrtMayhKhX4FhPoy2CGOuqNHhBbGbG47myBMq/pd2jc3UOrL327iSP27S90TOt1dNJrO8uAwxjic9unRxTeT0D4B6TptPqKNRWtRN67ixXlZ6clR/4r1q7KBhgMft+05DpmjXTCuvY1e0AAzp+naixFNb2b0mWV3Xp446jTDbwOADBXeUd+8h2GQYC1yfWO+leKvqRyczPvxjmWtUxzKTncZhk2wxF6bVuu8vvO86BURWC05LoFW608Tuumps0w4m3DHL8vLXS4wwkrIu5+0MWyMRq1xkzffenFLrHZwAblWXR/bEqUDc+/2lsdp38OGptw8uXldGiiim7nKKKKALMYmPjMQEAQGOY6jJyI5HEVfECqWSDz2ijNFHGb4WtGx8MuG9jI1V2al9laE84InoH8U/hynQdSVtGoG49pn9I0FOkpFjKBYeZ4uWXi5MsfAHpPSxpqVsZRuHOMTotKEVfEtPYcAyrUctvbCj6zN671UU2Cqs5P07TPdqd7E6n1Le/hVtgA8iUlNlh2FeCeJmaRbtRrGY5y3ad78J/Dur1dtbvWNi98idfFx7jXGVzV+ltrwXRt/oFEyup6a3UaWwGplfdlgR7dp9D0fDXT6dGGalXZxjzDkTC650PRim1TphwBWNo5Y+hmn67tti8L03SCOnX2XoVe1R6djn/6mFr6zpb0rDBiB6z3XrGh02i30anTeIuwKrKOC3fj9p418Xqn+0TYleEJ2/YypNNo58Hw1sUZ83eVr9pQFu8sCwra3iLxA60kVo20YYRrULgu3iNWA2l5GTuhLs7cAA/aCo5rCe7SsSozEK23txIFTux6HvC2KtjtjhlGOfWBV2PkI5zKUBSCjOsl0+/wNatn1x+0keL9xGRjtA7V/EA+gGTC9pWeq6dqdTZcF2pb5lxK2lvIbGcmbGtI1fTqOx2rMC1HptD9hJ0bbrQsAw4zLNRXcq9/eZ/Sr2cHecD0mjSgFm4cgzOtcVs1rZVye3aRqqyPNJVr+WScyY5HtEvWwb9MPnrxgd4AV1VsHLbTn0lo+Q5LeU+kq6tD84G5D7QKxbVadVSUXAPv7ykaWrY1nHHaTpZQB5sfaFuQMQ+SwPoO8cGmayut2D294Vl7Mq9oTW1kJvr5A7j1kKmLgBcfUGMEtxYjy7QPSFes6gDDdvSCKsbOFKiTJCOpBIEAnTTqKLN1RYf9MvrcbGDFdresq6fWmrUA4Dp7es0bNRpbrMoNjkc57SsRQ7SXO3BsA/VK1lfieQMOP5oWxHT/AIT8ekDazkeZQG95W4Sjbp7AzHK/SV7UR02uV3fSXrLNxAfH1ImdqazWWevDqT/STMiqN9VaABHH295HccjzYxBbgxycZ/xIbFLHLGVaz7aT3LZQEYB/qYNWrQFlQBjxK9ZNSAZ3LJMpcjaeT6TP/okV76ai5dSQ0PVpD+DOoRskPyPpLHgnAWwLg+olnptAr1JqWxbK7FPA/SfrFe16UU0/zWHgOfL9IfRKK9QPKbF9jHawJsqHmxwSO3eb/SNAFRnIVsjPExztisMd0XQtZSNBXYg2oxwV9J23QNI/4JPDpBGpdwGx8pyeZS0vRRWvTwg3KzHJb04nTdEZqenvQFGA7bG9junJlbXpcfHNM6rp91ur/Daivw3VNwIHdh3/ANIPrfwxXrNGbfD2ug5IHedDrLbGsTUVbHPO7B5ye8vaK+81mu5a/CYYB94Y3TT9UeE9U6RfQ2y6sinccMB3mDfS9L4KAc+XE911/TNPfVdVeq7q7GOO+R6YnGdc+F1pX8RWpsr7kAczbHlc3J8b7jzwq1g8Kzyn395X2islwNpHYe86PWdK1AtXFRVj2yJS1Gha1PMmy1OB7Gb4ckvtyZcdxUqjTbjxiCO/PpGt0iCwvVYT7CAv01tang7s8iS09rVMvOSO4mssrGyrVbX1YUu0LXqUFgFm4kR1tWzllJ+0m1NDruU+Yd49K0MraXUofKFPvA/gQf8Ahkt9pVFK5IZnX7S9oNaujcbBuP1h6OQB+lakjNdLlvqOIj0+/wAMhhyPmGJ0Wn60dYVquCUpnGQJ03QNP0rVWiq3VaeoLyXfPP8AaYZZNccXDaagVth6vKBxtSdD0s3UAPUjAn0HE7/pfSegu9gp1CbjxucDB+07Do3w30UVL4ml3n+f0P8ASZ27b4ajzrp/UuoHT4NDEe55l1Kdd1EbUF2T6DtPXNH0Hpa1+TSVlJpabp2iqIFOmRD74kabzl16eTdK+B+o6kr+MJFTc4b2nW9J+FdBoMVU6KtmHJYLO3On4xkMR6CMa9q5YbT9IaOcm+nOnQCpwKrSo/lPaBupsrbL0q31UTobdg+esH6wKObG2ppzj6iPSumFXZUtgbxbaT6mWbOqW8ILlsX3ZZtHQ1sB4lPB+glmrp1ITC1UlT7jmZ3e0WyVzLdVNbbTQtg+gkreoO9WatPj6dp0R0NVZx+DDD+ZYSrR6MsAaRn65hJaPNhac33UKXrC474PMupQpAIXn3M1X0tFVm9aCQOwBlkUoyBggH0mkwP9kZNWncvlhmXqqTkAiW1qTPEJ4RHImsxZ3NWNADDiO1R9O8teGxOY5U+0NJuTPNBzyJV1tO5Cm3j2mxtzwRK9ygHkQ8S8nEdR0db+SvygL2+s5nqenFul8G4A2ocKZ6P1TSVvWx2hSTkEes5PV6MNZam0nJyPcHExyjo48tPPOq6EYyP/ANYX5gfUTl9RS1Ov8IcJ3B9z7T0XX6c6qu2zbsvpOMfzTkus6RrNPatGHspbK4HzHuYsej5MfJzeq07pc11IO7IZivdQO4l3Q6u2utqdQxfJwrL37S5ptOLEJCt+bT58D1xyILW6IVVaa4/lhGAP1Of+0vbmvGDdTvotZTjCY83vNf8AhX0y+/4hqDV1tld27H3mT1pbagfDO9bGDAj2npP8HujPRrm1VxIIryB7d4mvFjp3t2kDAK6hsDHMq1aRdM5YsVB9BNtuxyIFgGGWUESLPt1TP6UmYZwGJEr3NtPtC3BQxYAiUr3Jzjn6TPLOyab4Sb2BqnJ7GCoRnIAWFo09178IQPrN/p3TdqgsBmZ4zyq+TlmM6E+H9GUAbGOZ1aArVjPGJR0VIrQDiXDkrxOzDWPTzeXPz7OvJhTwoHvB1KRzmSzvsAX0l44by25uTPWOlilAqdu8JGyOMCPPRwmo863dKKICLErSS/ePgRtsfMcgKOI2YsyaBDjEHnzcRyeJEDnMUJJoojFKKvnX+Ilgu6sqFs+F3nLAm205PHpND4p1Y1XWbSjgj3hfh3plut1NdYXIJ7zxrjcs9OLO25Nj4U+Gb+rjbaPIZmfHH8Mb9Iw12ldmCnlZ7T8MdKTpuhRSBnEsdZ07a3RWUjAJHE7MfjSTbpx45Jt87fDPTvF67Vp3TZgjIM9+6VoadFokVEHbnieT9S+Eev8ATviVOpafzKrAkD2nrHTLXu0dZvGLGXmdHFImCaskICezcCZXWaS+lrCn85WG0e5E07dx8rfLM3VbmtdWGFrwymVnqNZHNfEKVarS6jLcadN9R9z2P+s8O+MNI9GjLFdz2Mbz9B3/ANZ7nr9G93Uita7q28zj2GJw/wAc9NTU6XW6mlCpFfhAAe44/wATC3bXHF4nrQbQrIO+B/TmD1xZq66x2AzNP8O/51bcPWe0zdTg2ec8ntA2eCVt2DnIkFG11H/ND2Ji7xAOAICwZZLP+aViVPZYE1J57HJjEHxfGHymPfWLbTYO+cQo81XhjvKPYBILwepQInifzHEI67m83G2NZm6ooPmHyQk0B+lPlGrZsbDLHUNEH07WBc7u0y9JYa9QPoPN95s6XVim0LZylnH2hkW2Fo7H0t3huN/+k6LQsp5z3Hb2lDqOjR9URSh/mBk+nWtyrjDDiY1eOW7psjHgsRGT80ZEehgV+kOtIwz08xXqOnC6AIU+VhmQtqO3ynyjuJcNR8Dd+rMls3U7XwpIxmR5Rdx32x1qLPwvAkxZ4THiWLdOyHzAlR2IkQodcnkysLLWVPUqupAGQe8oWUNVaXSXNrVMHB47SVzjcK7SB6gzXRKe5ioLHBPeMaBYPmyZYuqssUNWQYAkZKuCpHrEW1V67Kbcydd125mCiwfSHDDZ5hkSvdwc1A4iJbovVkBDsrDuDDi9SNtnOeJm16mpR505h2s09tfm4MNgUpWCQTxKl1G3L0Nu91kwpC4VtwkEUA8EhvaHjor2rXaYWebbsPrAHTMreXzTVNYcYVu/eV7q2rbjtFsSKy+JWMOnBlvSCoc9iZWdzkBu3pLWm2fK45I4l/Q0u/h91Ocbj6ShpxZRrldFIsVsFfcTV6eNvBOB9YXV9P8AGYW0uFcf3k4waZ2t01LF/BO1w3mX2l/oWu8K1qLGyQJW6rTdptczuMmwBs+/p/pI+EltPiIcWx5YSlLZXqXwz1npmoauqwMoUeUn3nTdOorrrarNb1MxOSe2eZ4Ppuo6zp1ikjeoPpO16N8aaN0Su5ran47Dgzmy4nbxc+q9AfRVV6g11070fghTDaKisafZgEVsQyE8jM5en4q360GgJaAOCTNTR9RO5r7GAZ+cCc2eFjqnLK2un9I0yam5lJfKjKk55moelUNU26tUIXgEcTD6d16qm/w7AuG/UZv2dS0z0BjqalQDn3hhjseX2zdZ0DSaulDqaUX0DATleofAeltLvpXJf0nZ6fqvSSMnWeIws+UAyynWNM1bN4QVR2KryYZb+kZWZdaePdU+AepCprNq8fScd1D4f12nLB9NjHrifQmo1+o1VZ/C6Cy3nGXGAB7zC6t0bVaitrrqq8Dkn1E0wysZXjleDpotVU3bMM2ndRkrtJnpnUfhjfUbaw6jvyMTn/8AY1tN3iW+IUHYleJc5azvDpyQruB81WRFqNJqPD8QU4nd6bRaVjvKh/8ASbmgH4ejb+H02qp97Rhv9JczpTjeUV6bUvTuFZKqeTLFCXDzlSAP7z17SdQ6Zp2y3TVVSeRt4mkNH0DXp4o0qgn0xiYZ53fprOP/AK8v6DrXo1KC7e9Y5wD2nq3w58XdI8JKl1RQjg7zMjW/CWjuDPpl2GYtnwxbRZkPk55EMb/R+t7J0n4k6S7Ko1YZz7HidAmv0tihq9Qs8F0/RdRSSwtNeRxg8ze6Uet6ayiqrqBC/XH/AGmnlFTjr17etjbhq1XPsZZrTjglj7n1nJdGbqzMG1eu04qx5SSMmdX0ps1g6nUVsc8bT6QmUtK42DrpN/NvaTVAvFYAEtHUadcBbFP7xCyq1tlI49ZeomWg1q5OM7ge/wBIeusdhz7worFakDvGBxzHJKm+yVSvyNtHsYmFhOAiH6iTpbJyRCgesNTZdgilcZYMDGerwyCgZh6y0ohP0zTHEtUBK0ZQyjGfSECt2xxG5R8jsYYLxkesNGEQRGKmEIjEcQ0KA4I7yvcuRLpErXLkw0TP1CGxBUfT5PrOY6nW9N+8cOTtInXapdyKnZh8kx+rVeLpLd4w6/NML23wcX1CgUa1dUmCNwVl9zOZ6rS+h60l9SL+GvBNX1J4P+s7HW1Eo2wZKkGYHxFTa3Twr42hhZUfpnB/1mFy7dEvTB6PWqdUt0mwEb2bP0zBfEGh8XSWBRuxfuC/TAmzpdGtfUNNaq7q3wA33lv4i0ldNNgRcHxVb/EcLW3E+A2qfTaZk2Yzn9iBPbfh7T06XVXV1geSsDM8x+H9E3/6U1swyoYvz7E5npdV34YhKxln7mPyVjg10Y32lUlhemNYcF9uZLpFDcMe5GZv1V7cZAjx/wAqy5cvDLTnf/0fXku5Ig36Rp6QSEyfrOpYc4xKWqrJPAmmfHjMUTlytYem0o3dgAJpIAqcCOtZUniI1sTOaY6vS7nbO0lYkiWawcQVVOBLSJgcTXVrOTRnO1YTQpwbm7N2lZ2N1orr9O80a0FaBB2E7+LHpw/Iy/h19frFEY57Tpncce9U47R4w7RTXWj2RjR40n2NlFEYwk3EbTikYvSTMdHTxSSDIilaT7fIuhps1Vx25axj5frPav4e/D40uiS60Zc8nI7Tj/4W/DVlwXWagcN8n0nsOmRNPQKkHI7zk4eKXtjxYeXdEcjIGOBBPjJJ5hGcAduTAWN9Zvf42v8AAbsscNgwSgISMf8A1Ct8xgrDFjdFMUbWyMSpqGVk27eScQrtBfrG4DGczLLLdaaZS1PXfqHbyqcYI/biZfXdClVBuRVauw7iuM/adHpU3+Lu5VmxzKes0hFnlyyD0MS48E/iB0lOkfEFmqVAdPqeBj0nn/Vavw+qBI3HJ49gexnuv8RenNa4rNYeu1StX0bvj7zyjrfTbNR0dtZSmLNKzU6gH0IOAT/SInKXEEMqjg9jKli/lqCcbTL16Y21nvWMkiVLxuQtNcJsqhu23qc+VoUMQ7YHbt9ZUuJKr7iHD+QNL8SGatW8wbj1Mp2hq7gwP2lmohV8Mkc85krahapA/TEpV8Pc25Dye4k6rPFzU3de0jSTU+e4ENqqA+3VU+XHcSamrmj1IIVLXAHy7xyR+0vvoF8JsHbevmAI4cfeYNu2qwXVJ5LAA49j6ma2j6hVZSq2tvpXgN6gzGw8fYuksyvIOF4bHpL+hcoTgZB9Jnqppt3hiA/yY5B+8vaUhW2xX06Mcmm9atUrD9/pB6iglQe6D1hNCyEstnIPENdV4P5ZJKdwZy2XbWZbUK2Knw7PMh9PaQbTV7G8IjI9DNHwK7HBGIC3RWi0WVjeF7rKw6qrj0ynTkA5wPmB4j62iu+hShy6zWt01TN4j5ZTw3HKwS9NC58N8Z7ZM180+LE0zNQx8QEZ7Q1lVWoQ5GG7iX30bAmu1eR2Mo3VW1NyOIY57qfFQeuxGK48sCQ9RIfIH2moMXDbxAK9lSEWIHUnGZrU2KFQrvVhjzntK7UXhyhAb7GX7KqC7Gl9rn0lfLVE7vI3uOcxJAUW1DILAe2IenU1N5bFO/3hBYNgBYE/WT2h03Cvzdsy6EUetT5fL/rJPdSVw5wTENPnHI3HtHt01dgCvww9pH2ADRvZSvmEOVRbVx84EmwFFKivufeUb/GWzNpAB7Yl/QbdDVWJhvK/t7yxWw2FCrbh2ImDTqrKiBaOPQzX0OsVgCGzgRYha15XV11A8NVXsOfXknP95lNp7KCWViR74lzUWFiXBPPsJVbWNs8LH9ZVLRq0N1R55lK+q9WwUx7ES/U1X6HAP3hgLNpxgj6zP7Tu7VOma6zQ5BO7PfI5nTdN+KtEpRL9yBfXOZzl1KHlhgwB0ofsQYeMrXHKvRf/ANIukatkRLQzD12y1V1rTbmXYuAPU955pSrabJCcj1l4ax66PEYZb2k48c2uct9PQdL8UaJFCaXp9Pjh85P/AKnU9A6nqLG8Qrp8OMklRgTxDR9Uur1RsNI2n2llOr6qnUGxWtVCf5u8z5OOLmb3JurVeMUs6jhVOfDrHrAPrfxNjfh6rbWPYMcCeTP8XWadlNSrnHJIOZV1Xx51qw507rXj2hjgfm9tNdS6UX9Z1Cqi/pBwAPvMPrXxD0Bq/wALQFs0/Y2AAgfb3ni+p+Kusa4uupve4HjOcAftKOms1F9qUtZY7FxtCHgybjopy2vVk/2LdldDqn3E9ymP9YR9Pra6A7KlyfQcyPwL0zqSaZcVVplu9g5xOyXpjNU4vsRlHYLI89Ojjx83HswRAdTvRf8AmED/ALZ0dJxTqk49M8zuf/0bTUUK9lbbBxw6xP8AC3RalVsBW/5sRXKe1eGnIafr9gYbdWFU+plivV9QvsYrarE+onTjoPSSRQ61EnkGX9P0fRUW/kVobMAcHiZeXkvUcrRptZcoLV2uw9VnTdH6fpGVW1v4hSo7ATRq6Ze1oSu5a2b1HtN3RdJ0+kK2F7L7fUHtHMKflIoafpfSdUqrt1LJWMYLETW0ej0tKBdPRaxPHmc8CX6dPfqGxtWlPYCaFWlNS4Rgce8qYVnlnGXToGNwJRgP+qbekqWpcKnPvI1klvOpH7SygAHzD+s3wwtY3/I6gnO6Q7krCKQDyw/rEgXfnIlyauk60lUAFxDjBEGCg9R/WSDr2AhfYT7CS9MSO1iMxzNcQkFGOeY4yvrnmNnmLPvEEnABA95E+sYEsY57GBVBjAvCmCcGBK1nnYccjsfaUtbWHDD+YeY+5miwCk+v1lPUAmtwO5GRMpOmmNcxr6Eo1aVkYFy5z7EekxepaFra662HkRjj7c8TqesUg01O3LK4UfvM+5DsGSNueZy5ztvh6czRphW2kAJNY1AUfQAx/iKprdRYq8KyKc+3MtuuLM9kSzcP6wfXFNj7VOFKjJH05h9NFXp9O3qjMqjy0qM/YCdNo62vuV88A8TneiVvdrrVqJPkGZ3PTNEa1Ge4mEyty03k1jtvdLq2hTt5xNUjkSno/KF+0tO53cCd2GOq8/ku8jHg5g2wW7ZzJMTIqcNzHndontE1BmxjEY0gnviFVvNJ4melbBWraOTxBaiwoMLyT2h9Q4qQkjiA0lLM3ivyM8Cb44dRjy82poXSVCoeJ+ppaEbGR7YjqZ3THWLgtt7I98R4j3il4ssjjtFI5izNL6OJREY9ZHJiyTJhkOY4jCPGIfEb6R4vWQdSHAijekUcKOT+HunVdO0VdSDG2aLDBJ94k7YkXb0mHqLnoN3wDAueMybgYJMBc+BgSfIIiz0g7DmRzxkSJYk+kzvs0T3kH5P7QmOYwXJhDR06eQ/eSsqJEnSMZX0hYw5X4m6Uup0yAYBUlif5GHOf8Tyz4g6XfouptqXp/wBw1aeFrawO+Rnf9zjP7z3TW1LZWFKjG4g/XI9ZznxJ0uldImpvG6gHw7MdwOw/oBJkS+XPiXpj9O6klG9WFieJWR2cc/4xMS2s+CT+qezfH/wadN01bGAsq07Ba7152gngfbmeTaysVap6z79/Q/abY9BjWqdin34j1ZLBPaXtTQBSMdwciU8GvUKzfKTzibS9BK3FgCqMFZbpsVqVK8MR5pDUog1KtX8pHMG7bSTWOT6TGg2qXaQ6ds8iKhzubf2iVtzbh2HcH3kXrPNiHj1Bhj6PWxUClijfK0A9TaR2GN1J7x0bcNnI+8MW2gbssp7x2DWhNJrmrXw3bep+Ue019C4ZQwOZh/hFdS2nbOfTPaXOjs+mJ09jKcfq9Jnli0xydJTgjcrYmtp3W7ShCuTMOpzgcdx395c095qICn1mGWLTHLtd/DWJkKO8KWapVZjlvUQisbkDq3mHeWNGlbBgw3Z75mNjv4/8ugfCV13KgIbvBW6F0ben5i+p9pcShxbtrJx7GW6iANlqkH2XsZnctNP1xlJQzHLqSnoYC/p63kisZ47Toa1AGGUFT2A9JM6JXG7TsFb1HrFjyapZccriNT0PWacF1ryJT8G3aVarj1wJ6Ca7FGy1Xx7ntBtotNZnfX4bemBNbzbYZcDzw6agnBqasjuSJWv6dS58txP+k7zU9LtRiTSt9bfy9xMzUdN0ljFVzS/oD7yseVP6a5MdPWo8N4g94ZEVBw2RNdui2K+2y4Ae69pVs6Vhzi9XXOPKef6S/wBrPLjyDp0td43IwD+kHdpGpJ3AEyeo6XfWrGq7cuOCDgiVNRpOpCjf4gYD1JlY8sR+unam1lGQoA7QFtIc5sI49JNV1nhjBQ495Ol7ifzNJn3KmV+yD9dUbarW8qplZGmnU02Bk4X1E0XIDFkSwAemJDxSWBZSIvOD9eRksv3bu49oV3puGLK/DPuJEo7klAc+nEnVW3a7v9RJvJNj9dQfQUh81uQfrGrp1CEp4ysD2lqtCTtJJP1EvafpunsqbdZssz2BlfslgnHWWtuorJS2lXX3ki9JXlChmweiLYgCXuremTxAt8Nu5P8AvYLD6yfNX6mNdYuAqvkZ9Yr3yqncOJft6C1VmLLU+hk/wOhpAW5izeuDxJ86m46Y7NbjNSgmCc6txusA47Ca7HT0t5FDe0R1OePwqk+8cyuQ0xlq1Vo3ZA/aWK+nauwc1ED3Cy5Zq76GDCipF9+8PT1vVrgDOPoIrlpU49gdO+HTfYRc9hHqFGJ2vwp0rpXTnV26czWDs1rn+0wunazqWpfNK2MSfbidb0noXVL1WzU6jj0XPMxue3Thx6dhp9WxUMlemrGMc2H/ALS9sa+gL+Jr/YYmR034U1WrHlZ+PVht/wAzp+nfCtyjF9u8fWZ2bbzpRbRt4aodSce4tIl7SdIpsRRua3//AGEzY0/Q9JplwSMk52g95eo0dldZNQWpQO5lzE2cnStGoVmrAK+8uUaLSMfIgUnuwEtV6Y7PM3iZ9T2l3TVoo2oilvoOJWOCMg9PodNUvChz7mXqtO4IKqoWFo0wA3MVB9orLwTsUZP0msx0ys2MAqj0iADnB9IJAxPOYTO2VJ2m49DHAXAjMqnsJFD6seIxsH0lFjifZzzDIggUOfWEViO0VO4jrWkIoC8CCQkwyY9YFZpMyByWhDiJe8CMowImGRHb3jZk/YN2iiIzEJpARg2hDINGFexfy2WVXGVHvjEv2DIJ95UYY4mNxVMmP1Op1RFYfqlLU6f/AHZgeczb1w8RTkdhxKFqHYAZlZprjXP6zTUipGsbALBMfeV76UfTsCPL8n7nianWaqRp6/E4AsHaRo0hvampxjxLNzY9P/MTKxXlrsf4L6EE0jap8hnbb/8AFeJ1Om0wTg95frpro0tSIowAO0kFB82MGVhjpN5rQq6ykOrYgmY7sxA5myd7SyeZFckmOrE+0koOTxFQdR6xbwqHPeSyFGTxjmAUfibN/ISa8eG3PyZ6QRHvty3yCXUxjao4Eii47cQmeOwnfjjqOPPPZ5A/NJZMie8dx2wSEcRl7R5WE0ZRRsxx9YwRiXtGzzHHaOAvWMe0eM3YyKDp2jiRQmTjBRRRQDCPaCc88wthxAMcmc2XpppGw8GVrW9xDvK9ikmZW2DQefpEMZktuBiMFy0rXQ2WI6DzciT2ecQwrGcwxm6W0EXntJbZPAEczWccG1XVVnb3zhsmCfSjUaeyhlGHBXDduZav5Vx9cf05iobDEdy2IeEgcjpemhtPf0vWAPSAVsV+cj3E8O/iT8IHovVLDUN+nv5pYD5RPo7rWmNVydQr7KwrsX3BOCf7yj174e0HWNG9NyKxdfy2PpHYHxxqa7ay1Vn6T80o3Lsyp54zPSfjj4X1Hwx1111Gnd9LaMKwXhj7ThNTWLr7aXqNdgOdpHyiOBnKWZx3OPSFY7B4gGc+kbw7NK5ZlJU8AydVisxRxjELIAlJXzKM7uSI5DE7g3/xjXqa23L8sZLCoyRFqQ5dJhPFOcbIZx4aBT29frIDFqAocHMndaNuxl7escFu0alNZ8Sgn7SxpHRrWLoQvoPWV03MnlOJKl3UMHEWWhOm2txWnaWH/L9JY0bEDc5/eYukddpBY7ieMy5p9QyPtu5B7YnPlGuLo+n6kq+0HOZsaR0DfMMn0nJafWBLlYdszfrt8Qrt4zMMo6+Pk1Wxz2DYY9pdoqLYLDmZ1RKqueZr6M5AnLyYurHLYqaVXY7eGPeRfpdocPW5DZ5l1KyWDrxjv9Zo0lbEBPzdsSPFcjGd9RUQNRpy9Y9QJJCLFI06oR7MOZurV6MAw+sGdBQSWX8tvpF46aTGMB9M4JbZYnuPQyFvT6705rUH3I5nRGvV1qS2Lax/aSTUaV12n8s+uRLkV4Rx9nSLq7RspLJ7mUdX0BbizJU1dn8yz0amhgM1Woy/WE2UsfMo3du0LbCyxjy6vohrrHhpZYw+beIA9IXad2k1Bf7cT1ltLVWyuu0D1xCvpUdQysf6SfK1HjHkVfSmRi13SrLAe2BF/so2kivpeoqH/n1nrR09gbCXkH+XEklKq2bgSftxJyyso8MXlVXwt1CxB5awh7jHIl9PglHChaSGA5JHE9JtprC5rI+0EDao5Aj86qceNcAnwTtbN9qKo+UAd5p6T4U0SruZa3P1E6dyhDGwenEoWaumvIPAk7tp3jxjG6l8PaFClnhV49cTK1fw/py7NQjA+k6fU6nT2KXsrBAPfMyeodcpTU/h9MRZYR5cdlmmNrO4Rz2p6dfpUy2GJ7CZN11tRIUqGPE1euWam4HDHxCOcek5y400UqFLW3lufpNpWOU0FrPG2b77hwcgZkUpsvr8RQBnvmFq0LX2ZcMzZzn0l5tG2o20qzqRxtA7zTykjHwtrA1FdGnfzXCxj6L6SJ1D2AV1ou0cc950+i+FWsvGa2JPuJ2XRvgDSMUs1Ve/12Y7Sf2a9K/U8x6d0fVay8eDU7kj1yQJ3HQv4eudtusvUA/pxPUuk/D2l0qAVUpXWB2xzNjT6HTJYCte8iRlla1wwkcx0P4T0elpAqrXOPUTe0nSdHpmWy1QSO2fSaflU7Qdv09oSnTbyTu3D6ycMe1eSsmvYA100hh6ZGP8Q9Nev1PzEY/5Zbr02nr7rkyyjHbitcCb+EHkr0aQVKSx3HOck9oQ5I2p5n9Pb94/4cu2WcyxWi1rhRkxzHReSCafgG3O72XtDqwrPlx9pEbvWS2ZOZrim3ZmdrDyCJOsBe3eOFixiVSFVvfvEzboPMZmI7SLkPYuWPGOIlU55glcyaNk945dp9LCDEMu3HeV14GcwtQ3QpbWK8Qyr6wVQ5hxxAqdgMd4lii7R6STmRHPaJoli8QeNkRmMcLxmPZFkQbESQ7kQb95UGy3KR3gLdvoYQYxA2YzxMrkJFawDacytaVKgCXHTIMBdha9u3J95Nx3NtcfTD6nUL7xTtLbsHj6TW6Dot15ew52Njb7DErrU25nx5vSb3StO1WmFjYy3eZTHdLKtGzaCoAwMQZOJN+VEG68TSxGNBc5aOuZMV9o5XDyZk1nZ0GO8mDtycSBbAMA1r2E0p6+vtLxnldIzy8U7HN77V4x3lpAAu0DaIOioVJt7t7w09Dh45Hm8vJcr0XtFEIhOjLpjohEYm4iXkQnozr2jyMWYgXMRzjgRZizCwGUH1EnmRzFJ2EojI5xFmLQOMekkCIydojGnZ8iKMO8UDjCcg94JgPSSLZjAzDTYMjmQYQxkDz6GRcSCwD3EYAb+BDLXxkxtnmzCQjIoLdoUrEi4MJtmkx/hUML7iPge0IBj0jbvpLhKt487AdjzBJuS1Xz6bTLbLkgwN+BuGODyIj2lfSLKTU3qpH7TPp2ow0b9x8je00KWL0gnv2/aR1VIKh1Ubl7GKla5r416RT1To1uj1SK7EeRyP6n9p4R8dfAusp0tZFZTwP/AMqjlx3yf8T6ZtC36bzoGB8uD/c/tMvrGhrOiFbVC/aCCGHf6/0hqlK+Or6L/CerUVflocLYBxB9T6FqtLRRq0DWrePJgf5/pPaPiP4LTo+p1Ouope/pepXe9G3JQ+4Ezv8AYtvSdEW0wXqOhYcgnzITzgjnBxI2t49dpmRA4DMDwVx2MqWLYvlNeQf1e09i0PQun+ArMu9dSSQAMtV7gj07wfXf4W2rpPxnQrvxW9d5qJ5/pJuQePVnwnAHbMt3NXY+CBwJe6n0bWaS/ZqNM6Mp83HA95Q1dBVVs2kK65BMcpxBFepWbuvoJHxd65UlCfQiGouAwLPlls0qUwygj3itNRU2BMNWP+oQ9FzIMHLj6wx0yKAaXb6rj1kvwtrjBwmZmctlFRi6hh5fpNjR69kqQMGyp5OPSYlGlvrIYHIHuZs6U3OFQ1DYe5xDOTTbDLt2Gj26jT1spOXHE0aVtqIyOPeZnSXVaERiQo7cczdqYWVgBsicmeLt47tc0ditjzc+0uqCrblmVpqwtpYE95oV3lSAefaYt8bF2shvPnn2lihfKT2lZaz/AMRSN3tmFqsDDa+QZNa+S0o8Qdu0c0V2DFiKR9oytsUYIxLFR8m4yoNqD9PAfdU5QewMkiXA4V+fYjiaSgMo45hGCFcbAfpJqbkopVawxbUrA/ymKjcM0FSjDsZZCFDlCUA/T3zH1J22LYBlj3k4+07DCs7BfT3hDUAduc/SK0MAHTge0hXcllm1jhgP3l5yaPdQeshuPLKrsy2AMdw5mhc+UwBmZevt8N6/QHuZGE2vHYHUNSU0ma1y2OfpzOf1txZCzrnjtNjW1kVkK2CwAP8AWY2qBr1FlWM7FycyrO1Xbn+ss1akWuwX9IB7yfRtIL69udtlhzk/pE09ToV1NK6h137+AP5ZaXSGvTpVTV5+zN9JU0y7c9rbGXGk01YusyQ1g5zI6D4fNTBGBFtpzuIztnadH6DRoKl2KHfJYk+81qtHUX3kZY9+O0Vt+iuP9ctV0KrS6XwdLXvsY5Jx6+pmxpOkVaeio+ELbv1sR2m9o9MqgjO05yCBLa1A1MBwT3+sJu+1dSK/T+l6cBbSq7vabAqXylkA9hIadAqgY595awOATLuKfYlfocfSH2ZOAMQCNhgJaDlQD6TXDH+ovRV0JnLAGG44UHA+kgCH7Q1SAemZXjISSqAO8OOK+Iwxj5RHPbAl4g9QI7+sKFxIgDIxDqARL0WwyskgAGMSRwO5iBwMjEMuiMSM9sQZPPeRtsOcCAZyDyZFvQGYkHvIhs5yewlW3UqvBJgkt8RsDMyuSpKO2pIbCyxptzHmD0+mJOQBn6zQqp29hKmScrIetDiWaFwIqFODuH2litJrO4z3D1jEKBkZkTgccyaEHiEK03rGPeEZcQfrGRYEZhgcSURgEAB6yYPEiwMWCFhqlTepgnkxwTmQbmXOiBAOOZBh5hDtgCBJABkaUhZkKSIKxQ1fbmWF8ymDYcACTkcqutI28/N6TY0yD8Oue8oKoNy/TvNCsgHIziGGPSLRh8vMY4idgFgLbQB/rIvaoMSAPmxAvaAOTg+8oW6wh9q+Y/SSr09uqO6w7F/vFjxW07yzEm1F1z+FQhb3aaGkpFS5bmz1MJp666KttYwfeTByORz7zv4+DXbi5uXyuiA5zHMUROZ0446cm7KaSEjJKRDKqt2i2Yw49ZNsSB+kJ6B8jEUioO6SxAGMUcgxKY6Dj6xRjHEnGAjInOJPGO8XErUBkJx3jk8Rj24kcHElGhTjAikN3aKJUYLLiRhXEHiYrmzdot30iI4iUQM/JjqhzzJKOIQDiVokVSSxHwY5Hljk0VQYcQfrCAHPMiRz2lEj6QbZOVxwRJgERyM8CQANKFAIBzzDOQVxK9i+FeGHCnvDZz5R6wCq5ZLlB+SWGRWyp7MO8i6F7Cp7EYH3kaLCCabOGTt9ZpAz9RpUSrY1fiIX2uCOyznf9jU1dQr0twFSkl9NqVGVA/lcf15na2qTSV9+/wBZR1ujZqAyc59JNxhvP+o/Ch0vVSPAArty7BTlS3oft3mp0zSB23vWabVOFKnIx2GZ13hM+kUeVTWM/YTOp0opd6bRsrs5TH+P9Zhlj2ccn8S9Co6o7U6nTJXrKWH5mPI4I4GZ5V1X4GXUoU06vWVYhkcdh6Ge/WIzY0moQYzuUkcH2kL+l06q+61qx+LKY7cECLxPenyr1b4b1WivCvUCV4X6ynZodRSvKlp7b/FLoV+k066rTV7qwv5hI5B+k82QF7PCHm39j7THO2M/O7c4K3wAamVsd8S6aL10AsKhh/eeg9P6APwW62oM3px3nK/EqX9O1YPgYrzwuOIYZb9tLlqbcpbazIVG5SO8lTrjUQRYxPtNPV6JdRSdRp1Jdu6CY12g1ITyU2KQexmuXjpWN33HT9L6sXUBmAm5pNTYfMlmZ5ujautgXrZMeuJtaHqRpdQbeTMcpHVx52PQ9FfbY2N3M2NCw34sPpxOH0HVAWHOPqDNnS9Z04dc3Lk8YM5bO3VjnHXKTW+5TkQ6lbeT5TMCrqVIuXFu4H6zQ0+t09uSGO4ekm4bazKNJLPCYbuV95f01lb8q/HtMWvULYSmce8kpahs1uCPaLWmkroamGJMEHtM3Sa1Grw3DS2lnbnOZPiXisQbkOQPaLd9ZBz7EQ1oa0na3lCj95k9S07i38RQ+GHpL7uVA4z9YKxVsPBAPtD2cZ9HV8N4F67PTcYbVpVqavDFgK9wY2p6ZTf2JLfWVl6ZfQTssJA7DMPTXEqbfFsNN4CEABSZU6hSRrhqK9tyEbWAl4032HFtQbHY45haOlowypdfoDFbte5pXp01epoGweGB2EvV0KtATYCR3MJp9Ea355A9Jb2AnGMRVFsivUqrTu/aSQgSdqAKQJXwQJWKfa5U4k67QTiUE5/URDLhRuDcx3oeLWV8AQviZImdVaTjMuKQQPeOZ7KzS2py3HtD0ls+btKqNgDB5lms5HJmuOTOrNcPW/JlWtwOJJrcfLjHrH5F4robiEqKheTzKFeoQeuTCeOjcjiOWjxXFYLyTxCC4MRtMzH1Q7ZyfaJbWPpj7R7rOxpWXIoyWy3tBC9n5wR9JVQnOSIXeoQlm2sOxPaaTd9pSazByTiZmr6gviFKjub6Tnviz4lXT2jSaOxTYT52PYSn0jqynUquox5u1y9j9Jnye9RcdVRpb738S19oPOPabOjoSvCgZMztFfRkeLvyfrN7TrWK1YA4J4l8fHNboueoLTUNw9JbQfSQrVFbMLWCO8rwjDLtMDtxJA4j1jvJED2la1Ck0cENzEODkSIIHtJrgrJnszlsyHrHMUYKIxRRQEewkS3GJKRwJcuoETIGEbtAN3kXIGsgHAPeGY+UwCjznPMYIMVBA9Yw4PMmo80TYJk5BKvBtyJaqYDvK1XByYUkeER6x/SPtDU6oVggynX4+pbZnyGB1h3t74lzo5IrOe0MJuny5+M6XdPo6KFGBub3lkbSM4wR6SDYGCDJAZ59Z6OPHjJ2868u/aUQjCOsflqkeLH0iij8iRYHMSg7hJRHtI+wTRoopV9Ah3jxopWISkB3jntIesVCcROBGEgWO/EAmWjZjIMkyeAB2gD5jExRQCBPMUlge0UVDJfmD2w7CQInPNrtD28R9hABkwODJMG2iMtoDjgiTB+kbHMmBLlTs2fpGz9JLAkWl6Bce0iftJrGIhoIFciQAOciHA4gmGD3xFqJ3QtTW1mnZQPNjgyGmLeCodCHQYPPcw/H80rsrJqQdxIb/P8A6jmMODlcjKkd8gyD0hmDnG8esMoAHHb0jkZGBHoUEqc9oOvHKn9PGJYAYQZXZdu/nkZQplQRpxnnsx5H0lbXaI3UOFbmrlPeaOck4+0ZwcZTuO8jStsvS1NqalrvwSB3HcQukFi3WVWAFQuFYd4dUKX7l+VuTCBG8VmA4xxHJNntkfEWgp1/T3ptQEbcTx/pvwa9HWrDamal+UYnt2qBNTTDekbWt7lpjyza5I5NtL4aCtBgATjv4idHs1XSzqKlIdBntPR9Xp3ByB3kW0KanSNp7VBDDB4mGONHJJY+Z9JqbtBqRYpbcp8ymekdA1nTuraUFlpTUgcqw5M57+IPw5quj9Te1ac0Oe+JzdTtSQ2mdkuUggg95OcuLHDkuF/49Xu6NpbTtbS1MMeYYmdrPg/pWoBzR4behEL8FfElPVWGj1Hk1Srg/XE6hkw3AzOe5ZPS4csM3mfVfg3W6V1t6YxcAcg+syD0/VUsTrdPajZ4IB7z2ZcgZK7YC6iu350qcfVRFMv66seDbyei2yk8M5I9wZs9N6lsPmDBvczrNX0rTOTs0qE/QTPu6Glgw1YT7S/KfRzjuNNpupqoLb13N6e80NLrUI3M3J9MTGPw1bndTcdw7AmEbR63SoAcMR3k2StZK6Ku5WXk5P0l7RagKuWPrichTr2qfZZxNKnVq2AjZEm/8OZf12AsVihzwYZhj9AI95g6bVjYFJ5mrRc7qB6SO/s7YsN5vJtG0QFukqY5yR9pZrQNxmETRkvnfj7xwlQaIsnD4ES6EjtZn6TWp0gsIOSce0s16NUOcR2bVMrGTp9G2TxLlWkCc7DmaK0kcgQvhtjtJ0jLO7ZP4bByRBW1KD2xNlqTiU9TScy/FO2NqVAzKrDKy7rUIzKf6ZNmm2GUVLW2tk9pIWjAwe8HrAdkz7NXXQvmPIita623a7uQMy0up2nn/M5f/aVz4CVjb7wyWsxDG08+kiS7Hj/XTrrE77oRdazHCZmFp8N65M0dEWU/LL3kwzx/jQW+09swtVhbduf9oOlWJ4/eWakrUk4yfWaY7rPy0asWf/jH9YZK72Xc7ACER0IODiQawbMEzpwx0nLlkGorrVWJzkc5hwyZA3D5c5lB9ZXRXhnVVbux9Jz3XvivQ9PrRx+cd+3cOwl6Y3lrqNXrtPpKTdfaEQepnn/x18VXa3SNpulajw6j/wASwcn7YHMw+t9Zu1rmu/UHwn5UZnMaprdD1Cq8ErpXGHc8qJnlaJlaNe2r6lpPD0jk6igEuGPLD/7mn0Hp3WDRUun1aae1xnw7+Qv1lbQ6zp2hur1VdjK7NiwBQSAePWeidMu6Zqq1u6bqKWvC+ap0DE/ue37SNtsJdK3w91D4i0Orq03U0TU6dAB49RDD98Zx+89G6T1T8QuVOFHYYzOb+HtK+ivLjRPTRed1u47kJPfGZ12j09auLNJUldZGOB5Y5lSzxmmrpCbWGef7S2eTxxK+mR9wz/aWF7zSdufsRBxHI4kQeI+ZWzRxJp8uIsCI8GIzmNGzHhsFFFFJ32CkZKMZdKoWHAgiIcjME/EnRbBcGQI8whHiQZj2oguATBdjDtwIBu8NbCY8wGOJNjhM/SDU4j2c1mO+mdZ1gIZs+sudMLCsjEr2je2faaXTwvgdppwSbY8t6XUAwCR6ROeOOIh6RmnbY49Q4HEde8QiEWjPFke8R7SG0Q0E8xieIwGI8NBHd9I45ixHgCixEO8eOXQMRxIkfWOTIckxgRZAEFs4jqpxHC4gDjjPHeMcx4x7SbaDjmI8GQUyY5j2CijHkRQDMIaRAOeYZx9YMZzMbFbOBxHYcCSUZEdhxFotoFexkn7CLcTgY7R3XcvtKhB8SSqJArj1Mko+s0l2CZeZHEmVxzmLEegWOIPbnvDekhgmIwmQSNtYZQIYofeMFwc5hvRIhdoAjEQnMYiV7Kh4jEQm2IiTcbUyA4jqJJlwI6iR41YBHMWODCssiRniGtBVvXKShfTkdpqWDjEr2r5sSLNnNsS7TEx10w2Ymi9e7jEY1DbjMnHGbVco5j4g6Lp+qaR6NQM8cTxT4u+Bdf0zU2X6MbqT2WfRd1GVORMjX9OFoIdd49jI5sOkXGV8v1Pq9DrFbf4VqnIzPTPhH4u0vUUXSa9lr1CjC2E/NNj4l+BtDrmewVFLPQrOA6v8C9U0N4vpBZEOVwcETlvHafDbhXqDbhjb5FPrH2jdwS3HecB0H4n6joNQuj6xW7VbcK+Of3nZV3s9aWpZ+XZyPtM7g9jg+RtaKEntBioHOO8EL/OR4hwI6ucHzCZXp1y+VIqcnPMDaoweIO21kbO8nMEbbHzhovJpNaVtZRQ6lmXzTKaw0P5eBNS8MQef6zD6k4RSxbtNMO3Ll03um65LAA5m9orymNuQpnkj/EFGjuB8cZB7Tt/hzrg1taJvBY+o7R8mFjOckehaNzYi7DL4VSRn5pzvT72V+CQD7Tf0oDANuJMzkaTdX6RgjAlsIx5gdOoyPWX0QmaTsr0apCBzJGsn0h6qyeDCBMSb7Lai9RxK19OazNR1PtK9yAjE0kK2MHUaTcJnanTlJ099DKmQMzO1GlLnMVxKZfxz1ulNiYInNdf0DUq1ij5Rmd7bTsXBmf1HRJdSw75HInNZZW+HJuaeOn4r1Gh1/garTjwQcZHedLo/iDpOqRGFvhqRxuOJmfGXw5XWzarZhR5uPacRr6iAqHKj09DNccftPLzeMe06HVU2FWpap19w02NLd5S7MFXAOB9Z4J03XavSWVKl1gQOMnPpNmr4l1osGzVv4QVVP7GbY8Vy9Mf37e36PVUn8zfjDYwfaK7qOmqNbPbUu7gZPqZ4jqvijX/i7WGoO3wfKvoTuEp9W+ILU6iQuoZ667dyZPcek1w4qyy5Y9g1/wAd9A0haltWj2c5A+k5/qH8SE1FTp0pAlu0BS/ybvSeMau1/wARayAtmzO7GTzz/mE05urtOoXcFFeXOOx+gm/jpyZ8lt6d5rfijqHU6r9NqHKE8147H3/vK9HVBq+mitsJdR5bge+f0n+xmWraeq7T2KcpqFyR6qfcRtZobsvrtOhstryLUXtavof2/wBZNsaYzKwTqFmtprFtT/iNMT5gPSa/w/1PR+XS9VcLpLfld+ytKXw8ab61KWba2HmQ+p+kl1boterwtG1arc47/MOPtMsrG/FjXY6noOh12m2mlHtXhNRSeWB7cSPRtG/TOo1anT5LUHawxzt9f7yp8CajTUUV9N6rqW0utrOK7cnGPb2npvTem7m2WWUujpuLYAJH7Tny/wBnbNSNvpDaTWVVuLu4B8NzOip8tYSsbVH6fSYXSejaWkh13OB8hz6ToKlKELnIx6zbGdMcluhmAhSMwVR4hllyaZ6JF75kiBiIeYZ7YkSSDGVh1jsOYhxHzFotI4jxZihoaInAiByJE8xDiTJ2Eox7GLMXpL0VDaQZc94UgD6wTn2iIJh5JKrgRzyuDG7Q0o1p4MGO0m4yO8hGEQfNg9pM/Lt9JArk5zH7KQTHZ0zqtqOAMe80emruXn2mbdnjjjM1tDgVjHtNOBz8uUWe3EeRJwcRBjnE7a5kopHJ9otxz2i0EoovSKGgUUUbMWweKKLj3jBRRHgRvSIFgRAAdogMjvEAB6x7gPETEZDmUCJyZNYMcSQfEiyg7RL2kS2YgR2gExFGEUegzsk95JQJLEWJkCHEkBmMBgyWRAIkDMf6Rj3iHeVMQi2PeMO8ky5iC8SsZoFFEVMbaZQL0kOPWE2xmWSEPL9Y6CPtklhrYMy8xsScZuxi3oI4Eie8kBmSKjEPIBHBkTxChVzzIuo9I97AZxIkcGTIkQIr6AajJ5ld1y+cS0RBsJBgCscwbLgyyBwZArDRUJlBErW6csTgcS4VxHABEV76EYmo0OczN1PSw4IJ/Yzp7U5ypAP1lTVqoXLDcfpJ8DcR1D4a0ljbraazuGMEck/Sc/qX0Wh1S9OoIYqNzAHlRO76iH8NghNKuCAcZOcek82+MulL0botZre19RqbSbb/ANSryf6ZxMcuJeHN4VqLXRvKkYJOIO96042fSebdE+LNbS76fVMuoprBZXJwSfSWm+Mn22ba9xGD/pMcuHbtw+TqO5Yh0baoGO8q6/VaTQU+JqbVr9eTiedaz4s6jrLfAqcUhrCv95zfU9d1C8HxrrL1yR3k/pV/6q7vrvxz02oNVo0aywjg+k4Pq3X9frA3i3bCewU8YmYcvZnwgDt94NwtoVQDux6TXDCRz3ntVr2ZjlvMx7GdR8HdX1fT76q2fOmYjj1mf0zpDWg2sc7ecTSp0IW9FYbcHiVySaVx52vbuhdRF9VYPqBzOv0TkbeeDPKPhbVFUSsNnbxPRun3s6VnPpOHxu3fx3p1ukOSJo0ct3mV05/KuZq0c2DErE8lyscw6Jx2kKU8x+0sKMR67ZW6oJQN6Qd2nG3IEtbMcxEek0kTbtmWp5cE9pVvQbMjAmrfUuDmZ+prJGB2EZ4sjUJ5eeZla6qzBKsVA7zdvCoNxGfSZHV1dx4VPzOMZ9phyYfbSf4vN/ie4X6htOljFUO5vYj2nJ16BdTqbbdVzWPlnpGs6OjZ0tC77Cc2OfSZPWuiiih66uQ6YRh+nHPMePo85LN15pqkVxqGqIFNQPP1lAOte9R/++AA9+ROn1nSxp+i2au2wFr32KB2OMg/4mF07SvqdSmrtG0G8bRjg8ib4Z6cuXHv0GzJY4J4KsUx/eCp09Nmhu1NnmNJAH1xD9RrRevPp6VYnxC5H1wYHRPcnTLamQYtqyP/AJZmvlpzZ42XQyLQw8SvafMOP2zCpbuuRXq/KsxkY7gd/wDMufCHRdRqukX32YzvCj+gEnT0i6rqdujcnKI5rP1HyyLybbYcH2raqh9Jqz4abqyN1Fh+UDHPP9Z13TtKdV0DS9S6YHGppzuXHFg/UJHU9K0x6eaLw4FADKw/Up7j+uTNX4Uov6Kg1Lub9DqQPD2DO0+hx+/Myubqw49OY0WlpTrlup8PwtFrj/u4HaiwclT7A4/vPQqPhoOKK6t5osUNYhbKZx3A9QYHqPQtHqgNf07UCq6vFnhMPKwByeMdz2nT9A22mq3T6d9OxHmRjkA/STlk0mOlHXfBei6zp6vxFTKtfCKjcKfQ7fSbnw98P/gL0q1F9luyvC/y9xxNrT0mpyxBLt6jtNWmpMBmHMiXdO0egBWCqgC47DtLKD1MHXj07QyjJnTj6ZWpr9JYWBXiFUyiSXIzFwY+ciMsAeLMTSMAlFEflMXZYAomwB3iBzIuMjEURSzGzHIwIw+UzT6KoWEkccyHMmDgmRzzM6SL8RkPfJk3HEHiNSRxjvAvxJE+kjcPKIAk5SQszjngSVfCmQubyAS/pnkA7A4X6zU0Z8oA5wJk7c2ibOiQLXn6S+BycoufNEO8YZLSW2djCJ4kWHIj5i3QM/oI2Yt0WVgCJkQTuEkSPSQ3eaR9hJziRViRHbmMvAl/QJicSaciQxmTXiSDHIMixPEI3aDPeKBNO3MfEQ+WNulW6B8D1EZgMHiLdxGzwftJ8gHmLHOYsR5WISDYGIpGKVQBFiLMWRMtAiOJHEkTGhoGEfsYhwYzH1lyxG0sRGOnaM3eM4kBxkRi2O8cE44jFCe8FFkRcGPtjEYj6Box47RzGaK0EIxGRHAMUnQIcRHmLBxmNmHiDMoPvEBiSxzzHxHIAmWRwBDESJTMKAGxBsIdlEGwi1AGFzzIkQoHBjMOIhsFlBEGQBDnGIMrnvFoAsrMeCAPqIOygYyWz9odsr2XIlfUbiDtGIwztYq1kbVV2Dbh5vU+k8x/i5rls0X4fRaio3oSdS2flGPl/wATvviDVJo9FdqLGSsKpO5jjkeo958//HHWP9puE0tHgte5axufzccTOs65HRBrKLdPZSha11JtzwqjvLNGm8Lp2o1LnaqEVg995LDAEv8A4HU6BLa76VD6mlLVqxyFGefpmauh0YTR0Waqtkrq/OcupAc5xj+h/tIy6aYbrjGoejqy13DFgc2bf3hdCWtAHh4QWEt/SadmnOu63qr9MhsNpIpX+UTb0Pw+dMUqc5dxkqfSZZ8kdWHFaxPA6UdY26kFPDzwO3vM2tdDTe6U05Bc7W+k7bUdFr09LV4Ba719pn3/AA0tWgpYthqyA5+5mXmv/wA9YWg5ubvgN2E0bKPEsV8EYmn0TpFVV162csv+s0H0SkhVWTlltphxXEPoCPW4I9Z6R0Fia0B7gTj+naXwUXK8ek6vozFGWY5V1YdOy6e54B7Tc0mMgiYGgIZVm904+YZhgeTXo+sNty2ICruMSymAcma+LDL2kBkcyJVSYRiAsFznMuFsK+sH3lVq+CMS83MFt7kw0fkxNXRtQ7RyT6zL1GisPCZG71nUvSGB4la2oYIxz6RZTcazKWOePT6q6cICHPc5nPdZ6cbQdNU4Wxj5vbHrO0uoZshuJl6zp5fgNgE+b3Mw8bFPLfiXpg6hamm6coGl0w2uxHG/2+/eTv8Ahyrp3SadOtPFDVsXPJJLcz0DUdNordEVR4YsD7QO5+sPrdFXdV4DDKFcfeTdxeOnjeh6O+t6zqtWqIFJZKzt/rKtXw07Dw8/LWir+2Z6rpekVaVlprTyqxOffvK2h6ePGYFcbV/vH+ys7jL9MD4V6MdF0hqrWyxJbt65h36PXZfTqAoNif3HrOvo0aqGBGR3xj0xB2aFQwceUDv+/eOZbXjpn9L0lL1iq6pWKHHmGc5lvT9JREtoqGxCdyAcBT9PYQ9GkK2+IDwRNTTU4UMe+Y1dFptDR4Sg007v1EIOZqaXTUog2Vqo+gkNOiqM4yTL9CjHbEWk2nqrK4xnEuqoOI1aqVhCMETXDGaZ0RFAhU7wYIzCKZpC0nzCLIpiTMZJA8RDPpBgwqdogc8xsRbhECDHAeI8xZizAEBiId4ohAWQzcyJwBJEyBzGzRbjtI4j8k4jeuPWIJnleYDdziEOdsCOGJMdpHYYPMZuRgxMwbuYvm7SNldog4JHvK+oOO3pDNkNmV7/AJpfl0NFUM2rNmobUAHtMuhCbVwJrKPKJ0fHnTk5vZxxHPaQJ54jnOJ1MDxoo8KDGNJESMkFFFFDQLMWYooUJJ80djIjvGOYgmDkSLd4y5iOcw0BFORgxiAJDJjnOIaBxjBkScHiNzFgw8QnInvHzGgCiiij2Fcdow9ZNV4jY7yQaKLHMRitBhycRPxxGGd0dhk5gnQlfyxn7xJEeTKxOTRwcCLdGilGlHxmRVgZMjAi1QGwjKcyXcnMYDBhoERiNJlcxtpgEc+kTL2MfYYsnOD6S52Cb5sRRzg8+sbELAR9Iw7xcxiD6GToGZcyLIslkjuY+ItALZwcSGzgw+ODIsO8Wk6VmSQKfWHYQdikiGjkBsO1fKRn6zK6tqloRmDKWx2zL99Q2ndnEw+o6Gq5iKaPN7xXo3nnxlqk1Dqep23W17i1FCdifQGcrpeg6jXaurqGuqWm6sk6XTKOM89/2nsA+G7tRUovK1BDlCByJa0Xw106jzbdzk5ZyO5mdidPL+gfBWr6r1qvrfVbiFZA7KB6H5a/8ze+Kfg6zr2kFurtGk0VVeEqrGCcN+09JqoopACVqB9oMormxcAK67RFcdytOO6ryL4e6B03QaiyunTjci8Ow7wes6czayt7QM7uMe063X6P8LrLVYcg8H+aUlo32ixu47CeZnuZPX4daYHVdCHdXC8LKv4MOllVi/Ovl+4nWX6cNSRtH0lS3TKtavjzL2hqtNxymn0ipfWdvLJtb7y/XoQTnbNi3QVvUWr4YnOfYydNXh17WXcfeGqV0zPACqqgdpe0W4WqMSVlfIyOYWhCLAZnYcxdH0mz5QZ0Wm7jbOX6YcOJ0WkYgjBl4dFe25Q/AHrLS8rM/TnPrL9R8s6sbNMcsexM5rzIBuIt4xgdpHPPaLSKmBkyZUYg1MIuSOYaLVBdQIB0zzLVmAMYkBg+kNHjuKT159JU1FfOMTVcStaoPOOZFsa+W+mJZpt13I4HMg1B35PabBrzzjmVrKyTyJnZtcumT+HC2hmXvmVqaAlrsF4fM2npJHPp2gUp2nGOJPjD2HXQFJIXOUi/DI9bCXqlwP2xHFIHb1jkG2cumTwxx2lmqpAoG2W66gvlxnPMOKhjsMR6GwUqAA4lqpcdhEiD2hgpHbiXJs7dnqOeMQjDkSKLgwoGZcmkUgIRRiIDiT28StFUkks5kQMSXEehJs+2SBwINmwO8fcNsi3VHin5YsiRGImA9ITIaSyPSNnmMo/rFsPvLnY0kTEDzGA944ERWkY3oYvvIE8nmG2eyHzxj88kq5yZAg5zmGxszHiAJ5hicjtiAYc8GTlCPiJTjMbaw5zGY4EWM6OImwHIlfJe0SeOSfeNWMZJmeV0NwXTti4CaitziZFXDqfXM1VK9wJ3/Gylji5r2mPmkpEd5KdcYFGOfSPGJhQXMaPk+8aToHEeQJMkIweNHkWbEAdu0jz9Y6nMlFoGHaJvvHjS+gjge8lFge0eGwUY9o8Y9otwGHaIRRHtJ0CijCKAQBEUTcSG/EvxCRHrIHmOWzGmeWIMo5kjjOIw7xfqlzHoHjxRQ1oFFFFEDDiS3ccxox7QB15j45jL2MStmASOfSIZ+kTHAjA8GAS5gyDuMlmQJ80rEJqPeS4kC2BJIcx0FiMymO3Ehv5xJoOQPWRxHBzHiBu3eRPIjtGEVCBEG6nPpCmJhkQgVXBweAYPaqnIQAw7iDZZOQBcktkgYgfcf0lhxxAsJADOSuGx+0HYMqFB4EK0E2B2i2cYvxHpt9A1AHmr7/WYVaB03jvOxvTxUKMPKROVtos0mpetuzHicfNhrt2fG5d9G2qVUY7d5F6VOSFh6lyIQLgYxMHXtRWgDKheD3kLKdvAAl9h9JXuEB5M6+sYgkGLBLly+WUrDtP7zOtJWr09vzBidLpOVB+k5TpjZsE6jRNwBKxNsaP3Muq3HBlPRgFeZcRVnRh6Z5JLCACRUSRB9JTFMBZNeBBAEDMfxDAJsAZDaAJEuSZM/LCgN1zAWDiWW7QTDjJmNVh7VQQDyDBuAT2liwgjAHMrWEj0ktAmGGxiRNfMd2beJLJJOYlGVI6IZKuFTEcCIUA5MMoyOI5UER6x6QBIsMo4jKIQLxLxR5GGBCgYgyMQh9JrDl2mozxCKPSCzgwiH1gDsMSBzJuYiOIvJWIZ54kwPLGGBnMRcdpnfZ044jg54g8ySnmLZCAYjg5kWPEZTLxyCZ45jocmRU54j9pTPJF+8goOcwhGZE8QZpDscQBJLGOHIJAjZMAixJGDAsCrcesI5xBliTmGQTydp4gXPEd3aRPMzuWggDkBfWSYYWMo80dzxIvYMAcA5HE0NOSyiUK6yTn0lvTtg4nR8fPV0w5cdza4OI4OYMNkyaz0440pEmSHaQPeFBZi3RowiCR95JeRIHuBJjggQBZ5xiM4GOZF2YGOp3d4A64xxJSB4OIswCROIwYE4xEeSJFxtbMYTzFmMvMZoUJZiPaNG3c4iBA59I57RbcRiYAxijA5YRRU4jmRYAxvSRLcSomn28HmREiH4MQfnGJOSRl7xrIytiOTnmVKqEvElI5izC3ZnJxFmRYxAZiCQkjwJAHEROYBIEcyIOIw4jE59ZUo2KGBEiYMceslu9JNvY2XrJ+kgDkyRPEewYySyGcmTWPYOTxIHBMcxsYMVCXpH28d4j2kecRA2O8iQcyajEREAjiNjmEjGAV7VgWUy2wyYN1xAKrjkQdi8w7jJjMnrMrAqkYg3HEPaMGDYEjtDWjirZkKZi9f058t4m+yHBOJU19Ru0rV49OJhnjtrxZac/TgpDMuJVrD12GphgrLa4K/WcNmnpYXcCYcGAs4ll+FJlbUDjMVuymPapfyfpKOqChsmaFrKFCnvMzWHNnPaZVrjFrpWVtGJ1fTgcjM5bpY32grxidX070zKx7aNjS8Z+0uU8yppxuHtLlI2/WazpnksViPjJk6wD6wioO+Zr7c19hlSFzBtkjtLJ7YxGCDHMqdBVqU5yZNh5uIR1AGRIA+UkjEm9gN+IOw5XiTsBPYQZU7cyLjpWN1QGJ7DvBE8+aRvdlJI4ldbSxyTM60nabMdx4jbueYHcSx+8keByY2viIXB7SRsO2VwcQykFIFZpbpbKQg75gKiAsOjDbGQ47CF44gQfKDJ8k7s4jZ2bEI4iYHIjJycZkzyRLxy1BMdHA5k1GJHPOJLMVVon7RoicxQMhGPePGIgDxA4ijesVgTY5UxL2kRzxJdpWMBJ80IWHECreYjElgk95bG+0rTzIt2kmXODmMSAO8cIEjacxnMnacgQLcyaCeDhWHHeCPYx2kYsBB5DRm5kRnOAJjl3TgqjyxmEmmQnMixjl0adIhgMEH2g6TDY8svHq7Z5zYyMD2hCeJUpba20w+7sMT0OHPbh5MdUUGIyBOJIdpvlWW/pExx2MYxA+kSiElGiinsHzHU8yB4jrzKvoJMeY2ftGbgxhzEE1MZjkyG7Bkh7wBR8xSOIqEgZEnmPiNt+sQSi9Iox7SgbsYo2cnEUVAJPEC7YmfT1vQX8DULn6GE/GUEeWzP3kzPH+oucWA0kDzK62BhkYP7QhJIHlOJOWUvop2NvwZNWycZlW0gY5x+0jZq9PSubLAuPURzR+ci9mQLHPYzB1/xT0XQqXu1qjHuZzvUf4s/DWjBP4xWPsBC2QvOPQAxPoZNWnkV38bOkcnTrZYfomZm6j+NlJbyUW//wBOLzg/ZHt+6LdPD9L/ABtq34s09oH/APDm3oP4y9Fdx44ZCfUpiV5Qfsj1QtI7py3QvjvoHVa81ayvJPqBOkovrur8Spw6++IvKDylF3R8yAy3IBYe8cD3zDx2qRNTzCE8QSxrO8fjVTsTMdTBJCKY/R2aPkxesfMWYbJL0jRooHpKKMI8eiKMY8ie8VBvWMQPpJDvIuuYtgJ15MEZYI4xIFM94gquuTIFGh7FIPEcDiKzZxTsVscQLVtgS8VkGQ5zF49CdVyHXqH0+tF2PK0Cr+06frej/F6F0A5Vdw+84/T2OpKWcMBzPO58bi9Lgzli2TlYLUY2iT3YQAQFo5zObGt93ateBn6zK1ytuPtNS0ZOZn675pnyXTbGdLXw83cmdX05/pOR6B8h/wCqdhocD5ZfF1NlvvTX0rEjtL9PIlPSAlMy5QJr5bqM6uVJDKuAYGiWFA9Zvg5sukCMRmOR7QpAg3GY8hOw0XB95Jqw44iHkklOB94pFeIaoPlIjW6c7TiFb5hCHcRj0jvcSxdVpzzMi1dhM6qypHBB4nP9W0wrYtunPlNOjju2abSDH8Ut6QLEHvG8Q9gZnM2+ltW4hqz5JnoTnvLVbCV5Jyi9Uw28w9ZG2Uq38ssUvKifFbz5RJBjniA3iErYbYW6Ew0OresIhyYASayd7VYMT55Ik5g1hE9ZpL0ipVjJiiVsGQDcw2lOKIGLMNgoomkeM8xyhLMkOZEEYizNcaW0go3RHgyO6LOYvLtlUyeIN+0eM0e9BH0g/WEzgGCJ5ivYJj5YMfKZI/LIHG0xWFoJzwcH0j0IwGTIlQTLCrisSPQOe0H6yTscYEZMkydbMWkCHUQNY5hgDiXvrRaDsGCCPeFVgxAjFc94HBRszbh5PCaYcvHvtYycwo7QKtvhOR2nfhfLtw3DVO0gpMlkxbpVulaOI57SO6LMJ/SMxjoTH8vvGyBHaCcmMpj5B7mP5feLYQMmDxFFx6w2CzHyPeN5feNge8QSiJkeBIFuYATMXpG3Rbo9gx7xSWc8RRB8mDqmvpIavV2qfoZfo+KeuUKCutY/QzHsLrRwFYzNve8nGQJ5OMyrzMMrt6Bof4mdW0qbdRlx64moP4yaaujFtNpcewnkTi3B32MYBqwTkgn9p1ccsdGOVeldV/jNrbVK6OixfYkTkuo/G/xF1Es766xAf0iYeAvH+kYDnPEvtF3s9us1+pY+Pq7bM/zGV2RTw3OJNgufmAg/mYhPNj2ispXYybUXk5HsYwuqB5T+8JTo9dcMU6UufqJo6T4T6/qcFNBJ1S7Yv4hWB2V5+8LpEvvuFdCMWYdh2nVaX+HvxLaNppoTPv8A+p03wx/DHrWl11eoutq49F/9QX415j+P1fS7SjPZTYpzgTrPh7+K3WemVqvjPdWPQzW/iV8E/hdUNRY65YczznU9Meq4qny/SPdg34va+j/xz0zhF1dFiHODxPTfhf4v6d8QaYPpbAMjkMeZ8gvpmXgjI+02vhr4g1/QtTXZp3sKqwJUGaY5tJm+xEOT3494zEmcj8AfFtHxD06lcqLVUbhnmdcSMj0z2nRhyba45IK5ziFUmQIAMksefdaCA5IEcZ3ESKkbhJpy5MgqWDG/eTOIN8+kafJIGLMhXnBzJxql2WYoooUyizFFIBiOYzjiSjGABYSJHEKRGOIyoBU54Eba3tDZA7xb1xxiBboSrxyOfrOM+KtCdHrDqVH5Vvf6GdttyMswzKfVNHXrtG+mcemVJ95z82HnGvBn4Xtw9ZXATOT3zJWISvEr4bS3vpLQQ9Z7n1llCxXJnlePjXsSzKbVLBt4MzdcBuM2bVUjOZk9QXkkTPkXKXQjjK/XM7DpfJBPrOP6GDuJxOt6YcbftL4/Qvt0OkI7S5Vw2PSZuncBhzNGsgngy57Rn7WqTLVfaUqTLNbDBnRL0wyGPbtBtwOIiwweZEEFZNpQG1mJ7CFQZCyFhU+ohE7DEuXppU3UZGDJMcCKrnvIOwyRmPaIE7Z4IEyusoGqJmpaRjgzN6qR4JGZjm24vbldQ+Dg8QXiDA5k9YPMfvKwTAyTOaOlcqb6ywrYGRM9GwOJc053J7yzi/ScjmGqJB+kpo2Bgd5brztBHeXBpZ7gY4+8NWuOMwCHIG7n7SwuPTtDJIgJEmhJMGCCRzC14zJhCDiEU8Zg257cxlJGczT6Z1Md4hIKeZI/SJKccCCVsmTUyoE2MiMRmzGXMcKid+Itshkgx95l4ls5GBGj7gwHMUX2zpwfeQYxmOJBjxHlSSznMCe8kSfSQBx34mfkZy3EFYcKfeOTmQ4Y947QlplLnJllwAuBGoG1e0l3kwBBcmEVQIRFAHMTqc9owQXBGITnESLyIYgSiA5Mg4zLAUZkWWZ5bl2Vm1VWat8DkfWWVbd9MQDgbswYsIY+06uHn+nPycfW1onHrFkSFTBx35kihHfidmOUrm1YcHMUQ4izK2kv3iEWYhHKCix9Y8UYIExEkxRQBsfWPFGgDyOI8UAeN6x43rAJL3zFGB4igHx+lyWV5WwfbMhc7ABlCtj2nOszBfKxH7w1epupr8TcSB6GefJp5+rF625mbDVkftAXO36AI9XV6bQBagHuYW6qjUJmi0A/eVM7B5Vm2teSST/SABfd85lrV6W/T8nLCU3bPJ4+kUy3TQsazdwcydGovpOV7mCNjKc9xCJqBwSB/SaeQaWm+I+p6Vh4Sr/SaVfx/wDEFBAQqP2mCmppzkqMwi20OclRDyDoqf4mfE3rao/aXdN/FT4mpbL3gicuF0dnoAY40tB7sMQHnXf9U+ND174cD6sqdQpz3nB6jqIstOOIh01XGarSAPQGDbpFxG9WyYJt2cagDkjIh6nS0Z2D7TPOl1akg1HA9ZNWeoZbIx6QiLm674W6zqui9Rou07EVEjcAZ9H/AA51evq/S6b0wW25PM+UdHcCANxx3xPT/wCF3xQ+k1yaGxiK245PeVLqr4eTV090DKCMggkQm/jiVUtWxVbIIIyCIVW4nXM9x6I6mFraVgSe0IG/rFZ9hYzmNtkUMKuDEzyxRAxFJMBmNiNWPo0WYmjQp0sx4w7xesR4nBkScmSjYHeRAaDMIYNj5pYQOPWMoETYzGUc8S4EsSLcftzJyFmSMTG/xNx725v4s6UL6vxtC+deWA9ZzdF5avA4YcEGeiqMnGMg+k4n4m6W2g1LamoFtO55YehnBz8V3t6XByT0DjK4PeUtZSChhabd4ElcMjE8/KWV6HVil05RWxHvNrQXEPjPAmSFCNmGqv2WgD19ZWOSHW6awZU5mrp7FzOY0GpXdtJyQO82NPdwCZp7Kxs1PCq/BEpaewEcmGDETSM7NDGzbx7yQsAGMyldZ/WAOqGcb8NJuWjmO2gzLmFqtGMTHs1qLy7qP3jJ1KnPFghM9qvH06BbBiAsfLGZY6tR2FgibqdIXvkzTG6Z+C9Y+BmY/VdQHBVTzGv6nvUrWuTKVau2bH5MjKba43Snem6VbRhcTRvGB2lR0DDkTGYaaeSunySxS+3gdoHYRwBxC0qfWPZ43a5Sy4+st1v2xM9FAPEt1fLHMlL1TZh92BiU6XA49YYOd3MsssllO0IrEQVTjgQrHkYgyuQtbSYOTBKDmEHHMNb6Tcjr3k15Egh57Sa8do5jovJAqQ3EICMR+MZkDgnmaz0m5HYxlbmI4xIjEek27SZo2cxjj1kSwHaHiQiRy/MGrGRZuYJTY5kGaQDnPeMOWipwQHiDdpJzhRiC5PeZU0ScJmG01eRmBUbyEUS/Su1QoEa76PswIguIU5kGz7QQg5HGcyTEcYzI4z6SQBJGe0CGA7GTMgSRgSa8nEojDvGMmQBItiKzabbAWC4PEr2Ac4Es2jaOJXflhiRrVKW1X8RkPEtVW7x5jzK7r58GRYYOROrjz0jLj2vGSEq1W8YJhlbI7zrw5JXNljZRIhGHMftNrrTPdPFGzFmQCEeRjiUCMUWY2Y96G9ETiNuiMY4h5DySzF3kMyS8iIHiiigHxGlJIAxI6+h/DGzOAOZaUhF57yTMf9n2Nj9U4PJxbc64++R6SdV1iMChK4krFO/dkRgBmPWw1dN1VsLXem5PeW7dHp9am6jbn2zMUZ2gekJRZZS4srY5ExyuqRtbo7aGIKHHviVRXk4PE9C6Frek9W0o0GqCVWkY3mZfxT8J6jp/5mkB1FJ5DL7Qx5LRJtyJrA9ZAZB4zCXb0YqUK495BHweRNJdq1J7LxWzwDLOntLIck8QVbo3cQiqgbhgB6zTadLVGqeo8GXtP1Fy3fH2mW9G8eV5BVsq4XkSpqlXVafWow2vjElbp9Jd3AyZzNdrY8xxLun1BUcPkRyRhcd1e1HTTWwertD6G22jU1WqMMjDnMajWZQA8w4CXj2OYZYwscZMtvfvgLrK9R6ZWp+dFAJzOpBI4zPE/wCGHULNL1M6Z2Owj+89kpYkhgc5E24u3p8eW8VxWx2hV9/WVgeYes5E3v8AF26HVodcqOZWX0hg2ZFiblaIDnMbcIwOI+PWOaEpicxicSUQxDoWoqcmSwcxHAjZh0eNPmMSIoxmcnaqiWGYJvmzJH5ozTWQpUCCTJJx3jR49GcjEYjIjsZDdzMrNnshkHPrA31U30PRcoNbD5frDjmQYcwynlBjbjdx511rQ29J1rDk0sfI0Gtu4ZJ5nfdS0Wn1lD0ahA28eQ/yzz3qOk1HTNU2mvQlQfI/0nmfJ4rPT0eHm8vaV2CveBFhU4Hb3kg25YOwccTzt6rukxsWtJqmSwj09Ju6HXAjDmcmjujHmMNdZVbyCZtMpA9B0uqweWmgNWm35h/Weap1u1fQw9PXb3cAKTK/ZpGWM07i/WA5wZz3Xur+AuyvBc+oMr/jNTcAAAAeDKHUtKEXxsljntJz3Z0fHrZtG2p1TbrLWbJ950Gi0eAMg598yj0imvw0fsTzidNowu0cCTxy/a88pFdOnpjJBzJroVzzNcBdg4jFBnM67OnPc9qFekVTkDmJ9OV53cS6QPSQI3cSS8mbfVlc4lY0nbkCad6fpldkwCI7Nr2zSnMki4lnwskyCpMssdKmWkFGIerPf0kQADiECkCRppKMu3v6wiYJwe8Go4EsInYzWbZ5VNFI5ENnBGYLOBiFPOJWkexg3tJqxHeCBxxJg8SpOysER+e0QPMgveTEuyVnekt3BkN0c/KZAwk0U7SLcSBOO5kcxmAPOZU6NMHccZiZcSCDngwhOBzJuVibtEMAJAklomPMgWwYrach84bBhB2gc5cSeZFyoK0kkARZHb1kVI3HMlSm+2T7VB9HWo8x+aW9vORI1qFhFOZVK5U4xkRW/QRRP2kbLYIOW5hcDbBqPWTBlyFs5BPIk0BzGX5Y6nmLZbJziDJJknye0E2RKlGyYlpAbciEA4gyMcxXQ2HchzkdoEjy8wzPwYHeCsFbBz5oVLCMZ7QZGTkRs+kU5LKjLGVcSzPYye/3Mo5x2MIluOCeZ28fN/XNnxfxcDA9o/MArgiGBwuZ042ZMMpcfaUY5kc5jgx2WJ3COY+ZAmSill9nJsjzzIk+kc49ZAqO+Y+iuNLmTRgBg95DdED5pU7MUmKQJij0HxTZYDuki/8AuLDPGZn+Jkn6yyhLaRgPQzzdOFTIB9BG2j2Ecdv3ixLkM3OfpCK20RlEi3HeK8cpDVeV/EU4PvOy+F/iq7Squm1o8bTEbTv5wJxVJOeTxLdR5mOeHj6OXTr/AIn+HdP1HT/7S6ThgTllHpOAs09iXNW67bAexnY/D/V7+nXg78o42svpia3xL0LT9Z6eep9LC+Ko8yjvCbVJ5PMymO4IjoikEky1altVprtXDDg5BklStgc4mnkm9KqsyjgmF8VggkzRwdpEHZXYFwRHMi6TR0fAfAEMKuPynP7GUuMYaH09mw+UzSVNi7TbdWwVlOPea2lvBIEy69SjgBsCWKscFDxLtYZ7ldj8N6xadfWc455M9z6HqBqNJU6tnj3nzZo7yjqTkEes9t/hh1FdTovCLZIHvJwy1k6ODPcd2DzDoeJVB5lirkTtmUrt+h1MOhG3MqrDVNuXEVTqrHtJHtIL6SZmexs0aPGI4zDdFNFFmNn6Q2rExOJENzE3MgQfeOKqbYxmRHPeLMirfSayJkJpAnmTaR2kmG1JRYHtHjHgTMF2kWjq2TjtGcYi8tU/pAyj1bQU9S07ae8kE8Kw7gy6T9JBsH15hnjMukY55YvM9dptR03UtVqkYVqcI3833iQEnJOZ6B1fQafqOkbT3Lxjyn1BnnWt0mr6RqzTqAfDzhH9CJ5fP8bV3HqfG55erUnwTggcSrdyeIcuCCScH2gAQW7zlmDu2gi+bJljS1N4mQOMyKgY4mnoU3JxF4JuU9NLQVKUBIGRCaygNpmOIfpyDwiTC6hM0EdptMdRE3vpn9L4AB950mkPlAE52rKWDjib2izhTHjpeUljRDEY5k2YQTA8HtJhSfWaubKaS4x2kVBDZhMcYifgdoaTuqt6knMrsPeXgNw5GJXsTDSdLlVGU+khtx3EtsoEr3DL4EmzapsMjkcQyDjmRAhE5EXi0lTrA9obOABBoMc5kic4l44jIUgHA4hkII24EBnkQicHM01pEohXEf0g3fMetsd+Yr6O2aFUGN4h39pJWHtIYO7MjbK1MPnMhnvFnvIHjMueilMTkyWOOZFR6xnb27QyvR6SDAGPY2R3ld7FEYWAjiLFcn9EXLHEi+flkQ+DwOZNcE5MuyHqIjIhAcDOYNzhsYjFjuCjmY59FYkD5pb05FfMgiqBkjmErGZCLKsqeI6d5BRxHQ4MV2kc9pE7jHzxHUHEMZQgFO2SA4hAMrGIwZp9AzcARh3zGsbJHEbdgYk7STN7QbFogTu7xHJ9RDZkMg8mQdwSRHLc5gHbkwlEhOwgePaJ+fWR/eVtWqc9+I2BFFF4ylDcCRJ57CO7Zg2Ygw8a1mIgZvfEezVW1puYZUe0BvJ47RbwD3z9DNceW4sc+GZIp8SdIQlNRqBU3bDcTR0mt0mqUNRcli/QzmfiDovT+s0mu6ta3PZ04nlPxP0L4r+GbbL9BfffpF5/LPYT0+DmwzmrXn8vDlh2+gmdN3I4i3cc4z95819E/ij1rS8XXbiDgrZwZ2nS/wCLy3jGr0teR6Kcf6zb9O705ZzWXVeu+YZLDHtzEDwZw/Sf4j9E1ZCWE0k+54nRabr/AEi9AaddU5PoDC8NjScs+2quD34jnAPBlSrX6OzgXof3hhZWRuVhj7yZx5T6P9mP9HB4ig96rjJiivStvhsgiXOnv5XRvXmU8HMLSMWrPPxcZ7B5sD3kYXUgrdx2MAw5lARe0i3eOowsjYeOIBJODC1E74JCcQ9S5wZN0VXK9xxgZM6H4R6zZ0zV7Q27Tt/xAZztYwOZY0zKDJ6Z48mq9X1nw50X4h6Y+p0laeM68bRPHviLo9/SNedLYrKQT39Z6F/DrrraXXLpt2Vc4xOu+PvhCrr+h8ehcXqvH7xeLq1M5uPAFuKD6w9OoVxiwQvWejanpepanU5Ug4HEo7GXvJs1XNqy9ry6Wi7he8Df096TleYKqxlYYmrp9aCFUzfH0KxyrofMIejUvUyj0mvZpqNQhKkbjMvUdNuqbPcRssu15NTusAPYiehfwj6uKOrfhmY4aeXJ5XAIOROi+ENcNN1um0nABkX/AGXw9V9QoQVBHqJYQ4EzOj6ldVoqb1IIKL/iaaYJAE68PTvt6Gq5h6xiV6DgND1ma/Sv/wAjVnMKYGk+aEB8xmSDtxIk+WO/YRH5Y4cQU8yW4SMUnJpiZjBuMyTjmQA5l4hJTt7yI4zJA4kZrAjnJkh2jN3El6CTkEcyJPmxJxiOZkDHyxicyZPGINoAxVj9pAoAc+smImwRiBIYlPq/T9N1LStptVXuyPI3tLhbHaRZoZ4ecVjvHuPLOs6LV9JvNOprITPkc+olAXL3nrHVNBpeo6bwNTXuB7N/KZ5n8Q9D1XSdQ1ZUvUTlGHpPO5OGx28PyLl7PpSpXJmx091JwJzGkvs8XnG32m702xRZkEDP1nLqyuuzfbqNEmKcyVwY/aV9JqBjG6XSviICDNvpeONUSmXBxNjSDCrjvKq1bcE95d0uOCZEVcV5RkDdCYAPHaQR124xGLgHtNPplnjb6GPAiZQRIK4x2jM/0l4s/wBdOyZHEr2f4hHcY5Eq32oBhcjPeTV44hsxJxIlkV8GVbrwrYJOJS1OtqXcu4I49zJl00mLVIXk5xHGNp2tz6TKp6nXYgHiLxwRnvCDVK4JTjH94/I/FrVE488VrAEbe0qLctla57iGDZCkcCLHIslyvkAyRbEr+IgxkxzaGGFMq5Mxt0mDxKoc9pNbMd5NvRVYD4hM8SqHzGW70MeKfEfdgx85EALFAOT3kLbV2ZEsTEYtgQLXekrPYWMde0VaSaSYknntHXP6ZHOJNWjxAqA457yQzBK2DHNnoJGWeglcwLAQlCbXBMCmc5lyrtMrlsUVfMx+0mowYJfmhl+eVCErOZNR5pGoeaFTgmDOp44kkHEYcjEROwYjiIfsYOw5jq2eZBjzGDM3GPWQJwI7EQZxmLxBFo26PxIsREqEW4ldjzCM2QYADJMRz2RMURwJFj5e8Gh2YCCa0ZxIlxg5MA7DOZUPw+xbbMQXj4GDBvaIB7RNIcWDeCcSLWr7yoze0hZYQO8jI1zxMEhfP6n6SB1HiIVIyDxtfkGUfxITuYC3VA4IMU5PH0jLj8vblfjn+H/Q+ubtVXV+D1o9axhf7Txn4l+F/iH4fvYtQ2o0w/8AzDPE+htVqifWZPUWFyMrbXUjBDTXj+fnhXPyfAwy7fP/AEzqpwyl8he/uJ2Hwx1DNR1Vb2EduDCfFfwdobS+poRdMzHzEHvI9O0VPTtCump5Pq3vPpPx+d+RO4+f+bh+u9V0en61qKwr+NYB95uaL4p1ahSlzFR7mcWHQIE28y1pUZR5uJ9Bj8DGx5GXycpXrfQPjCixANUwXHdj6RTy/T3GnPBIPpFOTl/Fy5dOnj+dddvI3GRkCRUkEY5I5hT5a9uJADawYcz4vb0r6W2As04s/UPSVCRux6y1pObdh7GB1lJru3ekW6nZjwvaQC5ML3QExIMEcQ3RtMJtAhKu+MRrWxiPTyfqYr2mrIPHaEpABg6yBDVDceItMLI2/hFVHXtPt484E+g9IualbOBtxifP3weuev6fn/8AKJ9C6dSKVAIxjmaybd/x+o5D46+C6Ot6VrK0C28kMBzmeE/EHRdd0fWvRqa22g8NjvPqdT+WRzMb4i+HND1nTlb6l3Ed/WVeLfauTj36fMC1kHnHMcVkNkEY9Z23xf8Aw/1vSLnv0gayjvjGZyDAofDdcN2P0kb8enLnhlBqLtpUA4mitqkqr8iZJ28FeZa07h2VT6TXHX2w1Yt3aKm8E1nDfQSgqWaXVAkEAHvNTSHa5xNA6SvVVcrzDPGb3BM9V65/CTqg13SRUzZKgDvO+UgNkDmeMfwZ36Tqj0bjtJ/1ns3A5z39JthenocWUynYiHGfrDVcwCwtJx3mkbLCeU5hB3zAgyaE5ELImwY8iRPbElmRJmVtOQxGBIlsekkxBEg0cm1FnMiR6x/SIkYm2EAZ5izEZAk5hsJsOxizxHXkRcTPK0FHjZHvIkiSCaQYxyeZFowcHiDc8RzmQbJhYDrIt3jqRmMe5hjbFS66IE9geD3HvBarT0airw70Dr6AjtCD68QGq1+k0y5vtrQe7MBHcPNH7JhduU638IF7jf07DKD8gnGdbr6p0rWgWaa5FH9J2vXf4h9C6fU2y43WZ4Fc88+Lf4majqatTpdOgrxjLd5nfgXLtpj+RmN7bPTfiDCA2cfczp+k9dpupPmwRPHun9bRlxqV8x7EdhNfR9Tdbl8NgyH1U5E4+f42fG9n4nycOZ62OqVjG7t7iPZ1ULzWOPvOCq6m6oNz+XMtDqdLYPjYPtmcseleGV2VXWifeM3xAFYg+ntOJ1HXKq6yqbi30ExbdX1HV2kJaaUJ7+pj2jH40tejan400GlbFt6p9zKb/wAQunZwlu/7ThG6Uljg2HxbD3LTV6d0OlADtrB+0flXR/48dOmHx5pX/wDxXEe4Es6X4hPUAwo09yqO7ETLp6TW1WEqGfvN3QAaXRipl2bvVeY5dufP4+M9KnVbdQaAKmfJ9SJn6jS6oaZk1VWbT+sMczpGarwAGIP3ggjal/J8v1EMppzXHxcVpuna+tzYrvweJcp1Gv07ecFh9Z266OtK8AD6yjqdJSSRtEhnaxtJ1OxWG4nn0mmvVVIHOBKj6JCx4AjLpQvfBEjdTlWpXrlchgSYZdTg8TKC7F8uB9IVWfImmPc7ZtUarzYhTcPeZqqSQcw68N78StBcTU49BIm4seBA1geoMOoU9hH6PSQduzCTYjAEjs4yTJIufWHkciDd+0mo4jEDMRcLC3YqW3MQXEg1uB9YC/Vqq/MAfbMi8nicg9j7e3MVRLNmUane1t2eDNHTrtIJMyt32qyLtIyvaGUYga34wIU/KPeDLIVR65k1+bMChPaHp+s0l6T2PVwcybcGB3D3Effn1lM/IUPiIkEZJgi3HcSDN7GG9FrfoZXBg7GMGpAPeRtc4xLlmhqnY/WQLfWCZz7wT3ESPJXjVhn4g2sMrNqPrELlMfVXjj0slgBAtbzgDMCbicwe/BJzJ+1eKwWLDviCckLw0E12BBm8Y5MVPR2Y+pgXs9JF7h94B7h7Qmci56EdiYJmAJyYNrTBW25GADC8n8GkrNQVOMDHvBWajI7wRDHk9oK0HHCmR5UaNdYD+qVWsOMAwjISOeIM1ZGRzI/3usV68ZvJVud2BZDnHfMz+pauuhSbSpbHYGZvxj1o6JfwOmOLH7sPScO12pus8WzVM30M9/8AH/isua7eN838hjxdSt7qPVK9U7IQzIONpMzqck7Q3kByPpKtd4DHdjB9TDpycr69p9x8T4GPBj1HyvyPk3myXA1ffdzLNdzmrJGQPWZb2CmsvaQQIGvUajUEGgslXsRO2TXpzXC32121oepl0+fEHYmKVzZp6Kt7nBHf6xQ1YmyRwrhduFYFpB0OzIxn6T2Hr38JPCLWaSwHH7zgep/Dl3TbWrtPI+k/LrjX0VxrmqWYHHY+kt6k+LSARlo+q0bKCwJJ9MR6c17QV798yE3pQbKgBu8KrciG6nSu7xFBAMBWuQDAtiW8kQ2nTkN6+kERmWNISXTb826AtHrqIB3rj1k9OArcTZ6xplFFTKAGI5mPQD4mO0cxtZWOi+CFR+v0Z4PiCe/UrtTvPnr4OZx1+gj/APeifQmlyaVJmvF7dnBRZFpLBjEGdV9dOmg36WrVIarEDg9wZ578a/w602rWzUaICmwDOB6z0fDA5BIMkFLghuc+8yuMrHLC18t9V6VrOmatqtXWa1U8HHeVktGQAJ9I/EPwv0/rWnZLaV8THBnj3xl8CazotrXUg20Z7KOVkZY2Obk465yh2wMGaejvZR3mFVZssId8Y9MdpoaYtcwWrmG/8XNcO3pH8M0a7qyvUfvPY9nHPcd54p/Cm6/T9aWsjAJ5zPbg3JPuI+PLd09Dgx1CQYjqYwYRlz6zpnToWaj5TC1nmAr+WHqAjvZitG9ImJkcnEy12RicHMWcxMMiMFImuIM0jHP1kCTHLoJQbHmTBJg7BzxJtCQMfdICI9pFBzzGxiJY5IiK3VKLMgzY+sfsO3eVFWaMx5xINxycyN9tdFb2X2KirySTicL8UfxI6foN1OhHj2Dgt6TXHiyy9MsuSSO4vsFK7rNqr7kzmPiH426R00+EbPHYdwh7GeRde+POq9SsYNbYlfoFOJymp6gzXGzzBm7n1M7OP4t+3JnzvTPiL+J2tv3V9Pr8JO2T3nC9S+JOoasn8TrLHyflBmDfqiRjeTn3lcXitsmdM4McWP7bku26vxXyTK5tFj7UGB6mVaz41mZDU6nwlNdYH1M11JOkTjuVH6lrlrp8OruBziX/AIK6qviPoryfMMoT6Gcq1jlsn+sP09bVcWIxJDZBnH8vhmeL0fg814snrdId61G8/X7y4NHlRg+aYHw5qNZqNGGalyR+r0nQ6S7xAMkqV7ifL8mFxysfY/H5v2Yw61KrAMOfeW66U3AxmVWXOeZFWKsATzMr07MdW6WsBbRiaOjtywEyiTuGeTLemLraNo4hLtvZjr26LTOEB8/pC02Blyz8CZtVnmxnvLdfhqPMwwJW/FycuUn2u6ffqLNoXy+81KfD02d7DMx7delenxpx5pm33aq47mYgwt287ky26O/qVYJAIlJ9ej5A7mZCUsSNzM2frLddGBwDmSwqybN0Q95OvSMUBHeGr0p7N3j0m7VWVjyoyYQVngtxLqaTae5xCHT7+DKk6KTSrWhzxyIUVOxG3jEv0aMBRz6RxSVY85Ec9mDShxhuYasAekmiARElRziPP/hy7MSO0i7BeBIWWdzxj1gC2ctg4mXcOX6EdjnvIO7A+XBOOcynqtbTSuXfDe0x9Z1K3UnFZKJ247mRlnfpcxrT1XUKwTXS25z3+kBRvss3WGVNPT5QQOT3M0tOg4BzMru+1TUXNMQDgdpoVHkSlVVs7GW6CC4BmkxuitXKxhgZYzAgqMSRdB6w0jQoOe0fcR6yq9+0eWQS12PJAlwvFf8AEX3jG0DtKW/6yLWY9ZVqf1r5uyCJDfgd5nPqcQZ1DEd5FyVONo+OAcZgn1XPfiUd5POeZF3BGPWPyPwXW1AME947SrljBsGJIi2fisNao5g/xSgwQqc9j/WOmlyfOY/o9CHVDHECbyxMKulUe/8AWEWhEBOJMvZ6U2LseGMZlYy0QM8AR1BxzLvabZFJamJzE1PPJxLbnHaV7GHcmT47KWVA1oO3Mgy45wIC/UbTxxKl2tPygnPvmZ5WYtPGrrWoMggCVrNRWoOJQv1TD/mmD1nr9WgRlZlew9gJ0cHBnz3WMY8vJjx/7N2/WhWLbQAPUznOufFmm0aNTU4a32X0nG9a+Ieoapiq2lUz2ExXtD2biuXPDH1n0n4/8FJlLk8H5n5PcsxXtdq7tdqGtZSWY8GBqbbuRxzAhnyEVyrfp5hUG3NrHy+uZ9p8b4WPx8f8XznLy3lvY1K2KuUCuPZhG1OqWsDZ5rD3UdhA268Gg0aMLYznzNjlYFKRXve4gD/q5nRMremOOOhqAbXNlzEoO6+8uXXpTpjcTtHZVHtKrX6asAkF1wMAHkcRaTSFdMNVrbvyydwUjv8ASLGavZ55Wi6ejUa1Vt3Ba+5LRQPVup22UpVVT4VJ4GPWKbWRGM37fVLVV5XJ4PecP8dfCtOuR7KgA2OMCd245g7ERhh5+XZYzKdPrrJY+ZOsdJ1ekuahqWxnAbb2nPa6rU6Q77KmK577Z9Vazo/TtRk20offic98U/B/T9Z0uyuqpQQMjA5nPlxVjcHzXrNW1qBNmIKhewJ4mt8VdDu6XrbKjU+xTwxEyRldvHEjWmOWOhtg95f+HtI1+v2gZAOZTYcAzS+H9UNNc7twSOIMd7Wetahm1XhK2VTiVFBfgcGCtcm97DzuaSruxZ2k+Wjbnwm23rOnz38UT6E0Df7smfUT57+Gb6x1bTluPzRPoHpxV9LWynPE14vbp4FzHESAdzGJ4j/pE6rdOk7KM8SSL6djHVcgQgXHMcmzCNYBzzA6rSU6il63RSG77hnMuDHrGZQeRCzaLht5j8X/AMOdJqA2p0BWt+5GJ5b1DRa3ourau9GCg99s+ndg5zMj4h+HNB1fSst9ShvcCZ58d0xz4tPF/wCHXUrj8S05byEj0n0PSVapWz3E8eq+Cr+gddr1Olsa2vdnGO09d6axfSVs67TiTx8dl2145qDqsngCOMYjZzOloLSQVMKh5gahgGFWV9AVuZDmODxInJHEiTdBwTmLfziQyQcxmPrHboJHuTIesW7iRzACriD45jqYMtFQQzkxz2jZjFuIgYnAkQTG3Zi2kk4747mVMPL0m99kuS+0+nec58W/Fek6Dp3G9bLT2UHMxv4h/GZ6TWdHoWVtU4xuB7TxbqvU9ZrdU911zM5+YE8Tu+N8S2bri5vkaum38UfGnVeqXlrbHroJ8tant95y+o1ruSzLg+hlZrC7EZ4Er2Mc8Hiephw4yacN5MsqnbaxszuyIG2xi+cZEgX5g7LIrjppO0rbFxnbiQVWuYKF7wDs7sqoM88y6QNJQKwcu/r7SKNaNfs09JrVvN6mZpy+efrmFsYlm3HMNoNK+tdaK6Htsb5VURXKYzda443K6ivpKPFIC854Ax3nf/BfwXbq7kv1wNWnHI+s3Pg74I0+lanWdSbxL9uRVjhZ3dmyikIqBVxwBPF+X83vUeh8fgsu6zTRo9Fphp9NUqIp9fX6zC1llQuYomPtNDW3MxYTJtDF8gZnk5f5dvV4+a8d6FOpI2kJkTTr0wfSnUv5Qvf6Sr07Qlrl/UO5E2OrlE0PgV9iuDiZzj8rprl8zKds3QvTqgz1Wq204OD2mkiFFBB79p4i/Vup9C+JLzTaxQv8pPBE7ronx7o9S4TXL+FbHDe86L8DKzcHF+U3dV24Zi+B3HeOrsWIJJBlHQ9Q0mqy9eqrOeRz3llbfKp3qeeMHvOTkw5Mfca3nxz+1/THbwD/AFl6pVKeYgmZGnuLP5iBLlNxHymLytnZTX01Ka0JyF7S/RUpI8sw6tSwPmYZmppdUfD+cYgdagpU4HaW6qFUDlSZnV6tNo84zDrqs85BjZeS1ai4wQMfSDAVT8sh4wYZ4EhdeARyJc9HLscuOwEj4ignPeVLbz3VhANquOWEi3RrttmOxgLLzjvMzV9Toq/XuMxtR1lrMrSpkZZtMcXQWalKwTY4AmRr+t2MTXSuR7iZTC68g2O39YanTADg5mNz70uagTi2+wWWOTL9NamsZ7xqqPIJbpoO3tKk2vyl6EpAwBNChcgAD94DT1jjMu1gDgSvFnkKi49cwwYDHpAc5k0GTzK+iHNhONsRJHOZFcCTbJHPaTAiLCTgiM2fQ4iCgHygwm1iO0oBszekgods5llKj6wvgjacd4ZBRPsViCEdhmW10/csJMUgDkSZNjelJV3dxiGShQc94da13cSRAErxLyVrKM9uJFaCD2lppDbn1leKfIPwgBwMxzWuO0IBj1kLW2jMX/B5IMVXiQJyJFmDcwVlmB5TKmH2PJPKjOTBvYAuQZUv1DAnLCVH1akbVOJOXRztcttIHMoajUHB5gLtbgEbwT7TJ1euAJZ9mB7mPDHky9Qss5x91cv1AYHBGZla/WJUjPYdoHrmc/1z4o02mDJRjUWH0B+WcdrOo67XObbryKT6ZnpfF/E8nLl/lHD8n8njhj06LrnxSwDVaYHns846622+5rXsZmP1g/E3sykkDPEfKAcMcz7X8f8AiMODHdj5r5Xz8+a6hlNjMSTwO8Lp6i9gIbhuIXTqpp3twT2J7QGq1bVHwqaxY/BZh2xPYnFjj6eZc8svaxqWTSt4lvzJwAOf8Sm9llx8So7V/lMlRW7OW3EuzjgyVltKIz5PiL2Aj3b0JjobRV+ZVIrpLN3bjMia/wAbq201IFiE+VgDyYOnT3dRCPrNqVqMqTxO++FdX8I/DujGu1t1WvsQ/l6fjg+n95nnjcZsy/h98EjX6kt1BHooRcs7jgnIl/8Aizo+jUVUaTpj1VmkDJzncJQ+K/4ma7q2iOh0Wjq6fpz22Pg/4nB6h7tQwe6x3IGOXzMeLyvdXdIu+LnBBKkYBPaKJyNmfD4EU2y5WfT63zvTcIxziGNeEwsgw9J+d3LrUfVaoGOYzKM5wMwpX1kT9pnqjTj/AI9+FdN1fp7utY8UjjAnzt1rpep6ZrLdPfS4CNwSJ9cheCT39BOM/iJ8K6fq3TbbkqUXAZOBM+Tj62yzx2+b+cDI4jq2x8d/aXdRpbtJrG019RG1sDMuda6b+G0VGrrXiwDP0Mw39OO4XbOXGMkSLd8iMd3r6R6wX4EWk+lzpVmzU1WlsbWBn0V8I3DUdFpsBzlRzPnHT0Evh+Mcz3n+FV639BVA2dmBK4b26vi5a9ut2n1jgc4MOy8qMd5ErzO6uqnH0kx2kMYks4xmELVOVHtJKB29JDeJINK0o4HPEcLg5jBgDmSDZjB/BV/mUH7iOtYTgDAj1tzJsS3YQgMAIsfSJc5xtMIq5HaUNwq84hOwkU4B4jnPtGVqa9o2SD9I69uRiM3y5EXoe0GJJ+kTcjEYkj0JjAkHJU4meWQ0ZsjAkGOGk28x4Eg3z8w8j6SVoxxJKo5xziQYD0dT+8nK0rZEWbAkN/7xyR2JkC1Q+axR+8rHdLziSkA88Meyzjf4ifFqdF0bUaZls1dg+XPyiaXxj8RaTonTLNT49bXKuEAM+dus9Vv6t1K3U3Wkmw5znt9J6nw/jXK7cvLzSTRdR1uo1WqstuctY3LMTKFtuTgmSZsKF9B655Mq3sueJ7s4pjNPM3u7prLACcSu9oAxJE7u0EV83MjLE4XPzEwVzDcAByY97EeWE02nVUGptJLA8KO8y1PttLqDaVEoBsfO4jgQFr7mJPOfQyw5u1GoWiusvYflCDOZ3Pwj/DqzV41nV2epe+xe/wDSc/NzYcfS+LjufbkPhz4b6h13VCuip1rY/wDFI4E9m+Gfhjp/w/ohXQviaoj8yxh/ibPTdJpdBpBpdNQtVS9go5h1UnPOR9Z4HyflXO6j1OH4/j/kGlQWkDAwDnEz+o2Mc4Xt2mjeWCnB4xMjVluTmeflN+3SyLnJc7hkyFS7rBhcSw1e4nIl7pulD2LkDEn6Vsfp1H4asuRkn1lXWBmfAGBnkTZuAFe1fSZzqzWnONpXH7xYSzLYt3HjX8T+nNpetLbjy2eYTmtSNyLcv6Z6n/FrQG3pVWrC5arytPLNMGdWqPtnmfS/EsyxeVyy43Y+j1OoqXfRqLEPc4M2dB8U9T0+1fHchfQ+s5+ncpKNge0fax9ptn8bj5Oix+RY7rRfH9yvjU0rges3um/Heh1BBtbwwfSeTlMjtk/WMqA44IxOXk/GY66a4/NuNe8afrOkuUPReGB9zLlevYplbAB95470HWujKjthQfed/oLhZUuCCp78zwfkcGXDl3Hs/H5seSOlXqVo5FmZZTqlpUbrsTG09WRlVhTSHAOw5nDc910eMreHVyig+Ln94m63kZOTMRdNnHBEspp8ADBM130rUi+3V7nGEXHtKtmq1djYZyAfaGpqCgApzDLQNw4mV3aOlJKGZ88y1Rpx6KBLiU4bgQiV47CRlDVRVjIRfvDU6fjJlmpMA8d4ZKjJmIBpqGMES1Ug2Yx6yWzaORCVqcdpr4hFVwe0OBggiSWsleJMocCVOgcDjOZMcDOZHbmTRfeNJKee0IinMQUAw6gDEmw5Tqq47dpOvk4IxGwMZj1ndwYaTchtozHYLjKjEjVk95MAgEntL8U27DyTJHGORGsZRyMyBsBHEetFNkcDsJGzuMRifSQtb2hozt27yG8DvBWW4GMwVlq7e/MY0slxjvKeovOcE8Ss+pwxGYB7QTyZNuM9iTfQzagqDKOp1TbScwGs1IUcHMzr9WGGAcn2jmW/9WmscfaxbqjjJMoavWBUZ3sVFHqTMfrnXNJolw9ytZ/KDzPO/iH4h1HULWTeUX2Uzt+J+Oz58u3J8j5uHFNR0vxB8Y+Gx0+hVS38+ZyGt6lr9TcfxNzEN6AzLtUsACSCTnIMNWvh4JJb6tPr/g/jccNSx8/8j8hct9iWOF5Vdx/xEgtfBLZ9xHXG7bWCzH37Qqp4VZa1tjfX1ntY/HmHcjyMua53s1GbLPzF247NJ2eFWWZmGB6SrrtWVVBQN3vmMlauRa+4uew9J0TLXRej2ay3VaY6da/Jn09pNFFdZCVkKF5z6RVX00uVZXViMHaOMw+l0RsTxNZrPCpJJG7jP0lY47LpDTu1rq2jusDDucev9IVjpdEC17C+8/oPaA1HUkqRtN0+rbk4DsMZlKutj5n85/mPePHWNF7WX112qHmHhovAQdhIghh9OP7RtoQevPvEQ36FMWV2Q4Kb1IJBk8FnJHH1MhTUGAdmORHazCncMgmYFoZ12qvY57mKRLDauMY9eeYotQ5H18e0FjJkyDIkT890+p8jFeJHZJgRmiG0CuINx5TkAg8YhgTjtBvuz2h437Te3nP8RPgerqNL63RgLaozwJx/Qek2dR6Lquk6qvOppBKGe5uqmsqw7zher6NukfEi9Q06/lW8OMcTny4++kZYSvBOpaTUaHUvprlwymC0rlW5E9c/in8KNral6p01ctjLAL3nkex0sIKlWU4fPpI8K4+THS6js+CRjInqP8EtYF8TSs2cnM8kNjr6zofgfrb9L6vXaSq1Z8xLYi4sbKfFuV9JglmGB2EfE5+r4w+G10qvZ1WhDt3MN3aUNR/Ev4PqXjqtL/YmdslruxzmnXER3HInnup/i78K1EhLzb/09plan+N/Q0bbXo7rPb/zMcxp+UeqY5kwJ4prP461NkaTpGcfzNiZep/jr1N1Ir6ZRWfqx/7TRPm9/wAD1khtHrPm23+M/wAStk116dftyf7iZev/AIrfFOrQqNWtJPsoH+kfhvseb6oW6lc77UUfeL8XoFBzrKf/AJMBPj6740+I7jizq9pz7HEz9T13rNpbPUtS2f8A/IYvHVK5vs+zqnRqq91nU9Kp/wD4g/7yjd8VfDdHz9X0f/8AVH/efF7a7qNgxZr7z97DGVtw891jfdiZp4dbT5vsW74++Eqfm6xpj9FsBmfqv4p/BtCsTrtxA7qcz5Gape4c/wBY6qpUgnmLxLyfU9v8Z/hGseW2+z7Kf+0o3fxw+FxwlF7H7H/tPmMrjsxkGfYc5zHjgNvo7W/x46PWfyum3v7cH/tKVv8AHiph+T0ph/1GeAfiCRkkyPjHOcmO8Up7r3TUfx01mPyemoD7lpnW/wAbeuk5Om04U9uc/wCs8dNx79wYg+eQITjlT29Ws/jF8SuzGs6ZB9j/AN5T1H8WPiywY/GIv2/9zzU2n1EjvaVeGSbTbXc6r+JfxW65PVGUfaVdP8XfE3UdatZ6tqME84BnIMdyEEZPpOk6BWul0RsYeYjgmbfG4P2VHJn4TtsdX6hqL8U36l79vfJlOkbjuIA9sTPfUs1+AO/eaDOFoAwAZ9Jw4Y4TWnncmVzod7gbsGVXfMla4xK1mdwIlX2WMFBwIF3JbAju2DwOZGoPdYNuFx64mPJZj7VJ2nTW9toc9hNvofStf1zqC6XR0Fk+VnA7TZ+D/hHqXXNQn5Rp0f6rSPm+09p+Hvh/QdA0Y0vT6MNjzWHuf3nk/K+RJ6d3D8e5Xdc78GfAvS/h/FrodTqiMhmHCmdVc/JBUAnuR6Q11m5sg4IGOJSu7/fvPD5ubLOvQx45iFk+0dScHMmgkbhhTMMZGktVNU/BEz3Ge8PqN244JMA9g2gEcyc+j2h4IYDHvNbSacUop9YHp9LWEFh6zVZEVO/Mzxx3Rtn2qWziArrXcAe8sXfNxGrXBziaXEbZfxN049Q6XdpguSy8T591lVmh6hZS4xsfaZ9LuCTweR2+pnjf8VOhDR9RbVIPyrTnIH6p6v47k71XJ8nHccZrKiyh04cc/tFUwtXPr6wmlsa1PMMEcQex6bt+PK/f6T3sOKe3m52QREjohz2hUKtyfljJ+Wcd50ceE8mflNCUqV8wHadb8OdRXw9r+k5RScjBwJb09rV4KH7zH53wMeTFpwfKy4snq3Tn30qytwZq0oSBxmcF8P8AWq12VWNg/ed707V1PUpUg5nxPzfgZ8N6j6L4/wAuci3XUSB5ZYFXI4irdGxjvDbgCJ5827fLy9Ea8MOJIr5hxJhhnmOBk5lyKh1TzwiKfaNWOYdJGUVLtBFPtDqpx2jqOIWoQxh6OlZNYJEnt47SUdSM8ywdB5cQqpkQTbs8DiFQkCKzZbIJgyYTMQ5GYQKdvENFtFhtYZksxgpzzEx2emZUhJ7uBJIcGBFgaS3CF6RcdraMAI1lnGfSVmuMibCQczTWhJpK6zIGJBXgnZfeCW0AnmT79HbFpn5la+7AMDbd3IMpX6jAPrFqnNLL3EytZcMkZlV9V9hKer1nHzAn0xMv2W3Ui/rdWL7whzmUr9XzwZl9R6tptJUWvsVSPQmcN1n423M9GiXg/qnXx/Bz5r6c/J8rDj7dp1Tq+m0gNmovVPoTOE678XW3+IuicIo9QeT9pyuu1mq1tha1mY57E5EAoI82wcd+J9J8H8PMNeUeH8r8jcvQtt2ovPi327yT78wdmdjM4B+0ShVzYByREgJqyxxPdw+LOKdPJy5suS7paRwG4rPb1ltaiyLdYQBntKTXhVCr83+klWfFOTcUX1J7CdHH5M7jtaXUhOayoMHqzZqLU8Zs7eVA9YC4VVYNam4+4lrR06qy2u5awAexM6pn12jxn0WmVLbWWq2upwDu3niOtVtzAIpCg82ek2On/DGq1usDrp2ud2HAGB956DpP4bvqOiWafUXYuZcL4Y27ec+k4uX5mGN00x4csnlfj6fRuVrQajUHsx+USnq11OtbGq5Y8+X5QJufEXwvf8MaxtJrd2c+Sz0ImeGXaAhLA8Y/1nT8f5M5J0x5eO8ftXpQBSvlLAYQe5kk4O3biTsRNwXYQfQj0irYKp8U4mmW9o9BtknkbsRvGdeOMQiqtYa1CWPoIqrEC72Ub85wRCU9oqXU7/0mM7Mpyw8pkgc1O7Hk9h7QTvmoZByeB/8AUNKGFeRuZsCKCJ20BRls/XiKHiH2UVzGFZPbH7mSjllWsszIqjuWM/PH0e9BMuzgkH7cyDKe/GPqZjdY+N/hno6v+O6nSpUc45M4L4g/jp8P6ZWXpmmfVuOzHgf5i0Xk9VU457iB1Wr02nQvfdVWo9XcCfN3XP40/EPUwyaMV6JT245E4vqfxF1rqNhfWdS1Fue4DYWXIXk+p+p/HHwrof8A9Z6nRkdwHBnG/Ev8Xfg0VGlA+qIYkBR/rPnG5RZl7HZz/wAzmCGxMFE3H29pV4xK9i1P8ZNQtVtOh0BFLfKHbsJ5v1r4iu6jqbLGRUFhyyrMC26svjLqfUekYumPy+TNMeGVGWO2tbq7ceV+JXfVO2QbNw9fpM4WMOFYmSqAbIY4JhOOQpjoZmVlIaw5kQEUeUn95Bl2dhkH1iwAJUkh9pLY4GRiO+otxjOPsYEkEcLmKweTgYP3j6Gqk7PuByD9+ZJrD7kD6doLJGN0TsCfpFuKSN3GAxzn0MmrjO4sf3lbK547xB1zhofQWXu3NxxEzlcMCT9DKrWoD3jPqE2jJkfZj7mZs7ZHc4fbj95XXWVqe5krNVWV3AzT6HisFyGGWkmYHkHEzm1KZB5hF1le3GDJg8Vpmc8jkSPf5jzKjap/09ol1GRyOY4NaWthJ47RNwJXNzngQNj2+8e6S8rDHmHElvA5EzWa5lAzjEcGzbgtC3QXy+498RjYMfMJnbbCfnMfaM43mT523R+mz0oPqNYqIu4Z5nR9QuKKtaDgDmZPwjR4bWanJKpiH1bh7HAb5p7vwOKa28z5FuVF0Q3WL65lvWMR+3EB0dMVM59ILXajJxPRxYI3WjGfaTB3VBsc+0rLzgnmWqarL7K006s1rnaFAzM+bk8FY43KhWeK1ipWCS5wABmes/AH8NnamjW9ZrwrjclfqZp/wy/hwNBt6n1vFlzAMlJHaeorXhRgcAYA/l+k8L5fzPcj0+H433VfR6dNJpU0+mrWutRgjEVu0LhdwP3hbWKiVrSSMzyMuS329DGTGBucjA4AlVxuaFLd5BRzMbdlvZBdo75lfUOMdoew8SpacnEW9GruuRugTQHcGXWTyD6wmnp5HGZPsDaGoqoYjiT1QXcMS4tZ8MAdpV1gVePWa4YdBnv80mPlHEWMvJ1Vs74HYSMvZJ0UO5JA5xwfYzB+M+iL1TpL0bAXXlf+r3nWYNdJA4IEzRuZ8hu55BmvBneOp5Mdx83dQ0l+h1D1Mh8RWIZO3r3jVMt1ZGeD/merfxL+EbdbW2u0ChbV5sx6ieRGq7TahgVIrB5HqDPrfgc85Zp4vNxXHs5DUNtuGEPYw6AFN55HvCBUvqyTuEpWLbp7djH8uelMfC7YS7WwAfXiGrUD5TiV63GzjtDV5K5jucyZ5LSkAhgcMJ0HQviKzSuqWklB9ZypZs4k1tGdmPuZHL8fi5sPGxXD8jPir2PpnXdJq1Xw7QW9szdq1CEA8meFabV2aexTp7CmPWdX0T4svrK1ao5X3nynzPweWGVuL3Pj/ktTVepCwMRgHmWayO2eZzPS+vaPVqq12gHHrNvTaqskYbcZ85z/AB+Xivb1uPnmcaNYAOIUKRK9N6lpZV8zGS1vjkJX65h6xiBXEMkpWxBzJIozkyKwi9oFchMDH0kgARB7uJJTxAtpKMQ6soTJlYniOH8uDAxtyweQScwL2ASO/iViBSADwZFm2yu12DBWaiKhYbUL7yD3nHtKF9qnleJD8SNh3ekdpLZtBPMDZdtJIBIlFtWATgynqepV1IxuuCqIYY55Xor4e6u6jVhTtDcyjdqHDcNyfbmct1X4y6VpdwN3ikfoE5fqvxzdcCNFX4QPYmd/F+P5eT258vmceDvOqdU02lUnV3qn0zOO658b1oXo0Kl2HG7Pb6zjddrdVr7d+qtawnsAZTKnd5gFA7/b0nr/ABfw8xu68z5X5Ly6ix1LV6rXWltTc289xnsJU4RgqEMB3A9ZJfnyyHOME/4/tHqQG7K959DwfEmM6jyeXnyv2kjHB459/aTGdhwQM/NFuSoHdjMr+OXsIAIWddwuLnmfl0k9gCEqQceglXF13ZwmATg+wk0rbLFD65jF2uQoEIsIbyD1PvKyzmlYw1ua6y+QoA7kZJ/b0lmrT6nU0oNPWDxluOCJrdJ+GddrHqNnmZ2xwMhh/pPSfh/+H+oNKNq08OpW/wCGp5nFl8ucbXHDyunAdB+HbtRWGq09l9hJG1BwJ6B8NfAOqssQ9QAWschVE9E6V0jSaLS101qiYAPkHJz7zfQDCptVQPaeV8j8t5f4x2cXwu91g6Ho1GjrSumoJWvt3P7zZWtq1yiAEnOAORxLNorKjHpyZLTuGyxxk8Y+v/qePnz58l9u7Dixwc18d/C1PxL0c0vWp1IBNbH39BPnDrOl1nTOqvotdT4Nq8KAOCM98z64HdKscZJPPr6Tyv8Ajl8Ht1PRDq2gIUUrnaB5u87/AMd8rLHPVcvy+CZTceKnswbO5Rn7yFoaxdhZT9cQNJtDGu7IsAwcwmM5KP278T7HDKZ4yvAyx8boMGwHw05I9cRwr53uuD2xJ14rR3U5bMj4thfzcY5j1CRRSGJYhl9RnGInKOhCkKBzgjvCMUaggLudzndmDuCqgGcnGDxBodGZAGzuLDA+kUhg7OG27fWKEK17V17+OnTaksr6Tontc9naeadc/id8UdRLLZrjRW3atTxicYXbaQeFP0gTsFZBHOeJ8Jhh29zdqXUrrNc7Xah/EfvkyqaVVQx7RzalYIf17YgrGLEc4X6zT9cMQ2U54X94Gyy3Plfj2k7VrK8N+wgEVsE44+szs0URO5j5mklRvEGGyMSRFYGWMXiVqQ3biONIG6Nu5rzzJLWN/Plg2tZuN20jn9oCy9VOWck/SUa1lAe+Y4ZM7tuMcSk2pQ/KpgnstfAU4EzimmLFVdpEg9q+m2Zh8Vn5f07RCth3MeQXX1CL3IB9oF9aoGFTJgvCBGZBU5PbiSBX1rlcbYMXsw8ow3rERgZkcHuBiUDtZaOc8xt1rd3kwuV5iRQYAJkLNk+kdqhwYbIxtk9oVPeECsUAHaOoUCFOCuWAH2kFZSO0KEGAYSW0BQfaM+McRMfJJCW3PMYceuJNSBWJA7d3MrEJgj3zH3LIgLESglhJmXAkdy8RMRtGJHP0EgCoB4nn7SDAFgU7k4gwx8TvLOgHi6ulQOS3ImnFjvIsstY11PTlbS9KUN3cShqGwTj1l/qb+HX4I/SBiZlQZ9UiHkE5M+j45rF5fvJs6fNWhVieZQucM5U9+8t60+HWAp4EzrGHhk48xPBmtkxx2VnlUmYllrGck44nu/8ACX4HTRaSrrXUFzqXGa65wn8HfhNutdUXWalC2mobccjhj7T6JopSrT11KMbBhT7CeF875UvUd3x+HxuxUDkAkxmJB5kicDHaAZsvgmeFcrt6V7DvfmCZvLJXAH1gW4HHMjIAOMtJbeI6jLZMdnwcY4kRUV3Ix9ZWySTCPzZwY/ryICohS3AE0NBSwEBSAxAmppqyq5MvHFKFoKrgzK1b73+01dSw5+0xbB5yfrNMvQMRlhNDQU5bdKVYJcCa+kTwky3Y9pnh7AetOBkd+0oaShrdV5hxL9oOSW7ekJokGdxGJqFHqlOzPrXjBE8t+O/hUuLOpaFBkZLr/MJ6l1x9xIRsKO8rdO0Y1iEONyAc+06vi8948nPy4eUfNhR9I7MFBpJ85/lMI/h6mnBG4ehnpP8AEH4IavU2avQAGo8vUOxnmt2mem3dSxVR81bdxPq/j/Nx5cNV4vLxZYXpSWttKxDndW3b6S1W+5AFPA5Ak1em4HOMg9jIWaJwTbU/OOFPabST6ZSeSdR8xzJgK3AEq02+G+y1Tu/tLtQOCRtb3xKxGR8HgnsIVW2sCILhkJG4KDzmIuMgc4mvjMoxvva5XrLqrhbRYyOs6LpHxj1HTOBqKxYnvOWYghQDn6GGLE8bQvGOJzcn47Dljow+Vlx9x6X0/wCPOmNYFuL1n1xOk6b8R6HVDdTqEP3M8NKhV4AJ94Wu62mv8tmrP/KZ5HyfwWP09Dh/KWe30NTrlswVZf2lmnVKGOT3+k+ftD8QdW0uDXrHXH6T6zpOk/xF19Hl1NK2AeuO88nk/Bck7xehx/k5fb2VL1xJJeC2PSeaU/xK0WB4uldDLlf8ROjsBncp+xnBn+M58fcdk+bx2e3oZuAOAeIlvXPczh6/jzopXzX7T9QYf/8ATboi2YbWLgjjgzK/B5Z9Kx+Vx/12bXexg2u9zOOPxv0cjcdXXj7GAs+Pehg4/Eqf2MX/AI+W/Q/9eH9drbqAeYI6hcZzPP8AUfxH6OiuBvfHbAMyNT/E6nGKNC54JBb/ANy5+O5svUTfmcePt6dZqlGfNiV31tapw65+08l1v8RtcS1dWlrrzwDyT/mYGq+Ket3lm/FFBnss6uP8RzZe3Pl+T456eza/rel0wzfcg2+xnL9U+P8ApGn3BGstc9gJ5hqNZqr2Js1DnduyCfYSu9bsBsYfeejw/hJj7cvJ+T27PXfxA1toP4eha09z3nOdS63r9ec6jWvtPZAeJmKA+FcZzj+8TIyHbjj0H1nqcX4zHGuHP5lzPYVXBdQftHK7xlRgAZklqV05btJYHlUOR6/0nfOCYdOXPmtQRXrTxNx3Y3fvCbSOBuwvvK+o1AS9FBZixyo9MRhZc2SrE1kcZ759ZthhIx86sB8txtJHOIz2PcvlTw2HrB1UKrNaGI9vc+/95N3Vr/DVyTjIHt95WVs9DeN9g3UNYwe+zOJIkbQFcED9J/VJ6fSXXuyPkAdjOt+FPgnVdRdCKgQT8x9JzZ8snutcZ5dSOZ6V0vVa63FZdQeNiz0f4P8A4Z36rbZqK7KayfnJ5M7/AOE/hTR9GAV61ttI7kdp2WgrRGAb09J5fyfnzHqOvi+Ld7rG6N8MaTpWlWunThfQn3+s1KaNi+HjCy6zBHZUHzeki4LIqgDIOczx+Tm8+3oYcelKutmyG7Ayy7BVA3YktQNqBRjJlW/h+Qczk+2/0K7kjAOZBXUHyr5owYFf5T7yNS4fOTmAWNO7vu8X0OB9/SSs2aqk0lQ9TA5UweThkJ5Mgvk8oBBHIPtNMcvG7g8ZY8B/i98JW9G6uNdowz6a599uRwgnEo5VS6N5HOSJ9RfFHSK+rdLv0+oVXS2vYc+n1E+aviLp79J6nqNGykIGBXPtmfR/jvm7/wAa8X5fxe9qN7FxvHO7v+0dT4jE/wDLiO7B8tUF2ngftGrzUAXIxnnE97qzby7j3pBSmRj5lgbX1BDbWGc/2kl81z7Ox7ZhVr4xjJPrE0PaNrLkDBXzGKBJ8XzlgCpwViioZL3eXZiV7mLV4PlI7ST+UYPJ95Dy+EdxzzPjXteSuzblww5HYxPUxwWb9pKw1lcbgPrIXWhXVQd8R7Twm3NYO/1gbbWT5iMyDm1iQreHn0gyEztezcwk3EkLbGY88CJ99iBAwAHrLG8KvlQNK7FiGOMZ9JO7FTKhWZtA3HBXjiRFajjBMSgnOeISvcOwzDyrSXaTqoHAGYJTgndCPln4gmUgsScRQ9ocF8gwmSYPAY5D4x6SQbiOmkGVVwTzIIRk4BiBzIEsrjgYi0BHIxI7gEHMV3AH1gyOMe0YFVwQRmNU4GcmDT5sfSIjmICsfpiOH8pBOfaQsPA+0HuxCUDKcLycyOOJDfFvjvYI5xHIOBkRA5GYnbsJIExwADEy88SG/EW8HuTHAJjAkWxIbx7mPnMrYMTJZGO8gzDtiINkQ0D/AKszZ+GKRZ1BnK52DMxczpPgxcabUXN39J0/Fx3npjzXpZ6o/iWsVGW9oLoiHxHtcZxI6/dv3KecS308eDoySPM096ddOCTVR1bllP07yHT9PZrtZRo6tpNrAD94PUurB9xwFXkz1H+AHws2qubrepVfAr8tSsO7D1/vOb5fN4Y6jbgw3XrvwN0Grofwxp9FSi+IAHsYev0/vN0pwDHQbKw/8wxgekTP5Z8vlbcra9aSSBWE5Mq2N5pZZxzxKtzDMztOUNmzA53NjvJ54MapeczLJRz5Uz6wLvlc45hn7GVz8smCUIrh8yW0u3aOBmFqrz944LRtNSeOJqJWVpyTA6GkkAkyzedlZE6JOtltla1iKyZnMRjOZd1jblxKLL2Ey5MtAbTLmwTYCZrBJ4A4mbpU8wmvWRt2sO0nj9hVsrL857ekja/hU47Sw6hGLZ4xMrqF2VIE2OTbP1ljW3+GOMzpuhabwtKAoGMefM5rRVNbqg55AM62ptmnwvHHMeP+RWMbqWlF17itOD3Bnnvxl8EVa0jVaILVeo8wHZp6ilJ3lz6yrqKgCTtBE1w5suO9McuKZx8zdZ6PfotUw1KGmz9ORgETN8a2o4tzt9G9BPofrvQ9D1Gpq9RSpB/qJ5l8T/A+r6eWv0v+80DnZ6gT3fi/PmUkyeby/G8L040AWKN+DntGFT1pu07H6gyVmnagko7Jdnmth2jDUtSUD1nn5p7HHnhlOq48sbPYvjWKg8So4Pc44kxZTYFKkcxzqK7EwBjkYB9vWRt09dtpfOxCOAPQzbGz7c+Xs5RtzYOCDJpcVG1hyZUNd9ahN24A43e8KL08QUnKtjuRNZf4qZT+D1sy2ANyT2EZ7Cz4bcBI2lQwKHew9RGDbpUlvtnlRqgNxY4IHvCeKGbgEY9hK+4Lwe0XiIPlJhcSx2NnL5JJ+8kSCdxIH0AldbeMdzHDWKuMZ5iuGN9xcyy/o7PVt82SfYL3lfegc2HcR7Y7Rl3sc5AkkrJrObBMsuDjv0qZ5z7N4iMTtBI+0G9gQk4Gce0KqoqsAct6yNlZIySBgTOfH45fTScmX9DUvkeYJk8+WRb5zjLcH1hC4ZyNw4b/AEkbFVXU54I5jvHh9Q/K5fabMhcl0GM8EGAYOc4HGYS3aD5ecyVKtjkgD6xTGQaMy7h7f/fEjWfCVgxyc8f4kbXoXcQ5yuePtyIKvUq9ZKIdw7Zi8sfpMmxzU78KwAJKg/QdpFLGrJW305BP9IBzqbMGzyj2ElVSgYsbCPo0Vtt6PxkRsvDIccegaSWlnoDG3gc8RM9bNsxux7Qlfi2/khSin9WI7f6Og9SlVQDMxXdjax/TJ5UsFoO7efNj9M1emfDer1e6gV2WlgMErxz2noXRP4X3Ntt1dioG5K+onPyfIwx+14YXL6eYabp92rtXLFcfKB7zreg/BOu1lj2pUEJXzFx3+09Y6V8HdO0FagUKzD9RE6BdBVpagyBVB9BPL+V+Qsn+Lr4/ib7rhvhf4G0lCBtWniH7cTudDo9Po6hRTUiKPVYlIC7FH1jKCzZLYni5/Kz5Pt6fH8bHGb00dKtaHcoLH3MtBR4m7OBKekwKTyScw1tzBfNxOfd3ututaW1O052kyFrhQdp5PpB1Wk1ZB4kQVZwfWVvafRagWEKxBg3DtlvSWGBYZzkD0kCQycDGYgqIGazBHl+kMu522qNpHHMYrs7e8tVEJggZ3D+3/uANXp81G45JHcwQ3sGYEe0uIMKy7Tz3gvDQDzDaBzHOiVHDNVtYzyv+NvQKLun/AI/T1HxKsb8DuMz1i2wMdtYmN1vRjW6GzTalQVsrIm/DyeGW0cuPljp8u1msHCHKHkGRtOM5JK9szX+N+jjoXWWpIIqc5T2mID5bAORnIn1nxPkXlxkeBzcUwyEqOCLO4HAx6yVx22LcpZQP0/WMtirxt4xkfeSZywQ7c57j6z0ZNue3SFZGwvtHmPmHqIoQfqJXAij8E+TnGYbSG4+sovqE2soBPPfMd7vGGwEbfcRlrTO1AT75E+Ke9YEpBIZm4HpHt2G5WQkSx4agHCcj1g3U7O+D9oaJBsZLM2WHaCawEZNf3Msuatle707mDveveCDn2Ejva5pAWHHlGJEZJwfWK2zDbAOYJn5G84xxxHcTkgmNrNgDt6xjuUg8YMi5zwVJGOMCQGHIGCMe8nRUZCo5xzIPccnyA/tJ18DkQdpGeMj9pMWFaAQGwAftGCtjOeJJ24AwD+8i7kDAlU4gchsrGsJ45kqyB80g2CxiNMuGUbvSLj5veRK8R1+QA+kAbsdwiBOeYgRnEbBzFQk/JAkQmSR/SSHzDMmeMkd4oAdhzt9Y4VcSQOTkfNIL+8oH7KcHHMZvlyTzHKk1k5H9YE88CTRoYjKgxjgHEcHKgCOQM8xwG4PpHUYU5kgFEVpBxtgEO/eL7RsiSTGeYbCPO7E6r4e8nSc9ixOZy9Q3Wk+gnX0oKemVAccczu+BN57c/PZpTus3WY9c4mjYdtaAcDHMzNOos1mB75Muatzsyp4HE9fkurtxz2Wh0L9S1KaOsF2ttCkDuQZ9WfBXR6uidD0vTqgpFI8xx3M8X/gP8OnWdWbr93NWn8qKR3P/AIJ9A6RdtABXtxn3nz/zOe26el8fj67TtHPHbOYJ+B2hzwwJEFfYvacTaW7VWY5gLXBOJO0tuPtAMPNmY5em8nSIHpC1jA5MateYreOxkY9kHYTkgGBIPaT5Jj4HrCzRIBQDxLWmr3NkmAQHM0+noO5WPGboq7pqwqZ2k4+sDrWBU54EuHG3hsCZeubzEA7hNsuoTP1G0k7TkSsRzmGvK7vLwI1a7vtML2a1okJwZqbF8MbvaVtMoWsSVthC8+k1xkkCvrHVMqpx+8x9S2SRmWdbYHc4JlCwDeATyY9xUX+h0ln5950YqGznsO8zOg1BV3HtNgLuzgjBj402qzhSnlGBM7WFVXy5x95o6ojZgcATG1zgHAPEWfaJdVUVBdcBzxL9nT6dTWKzgHtxK+jTHnHvNvT7EQELhj2MXHufas8Zk4j4j+Cula8nxKERwPnTg/2nn3WfgDWaGp30ZOqTJwrDn+s9u1YQZYr5894E7Lgq2MCfcLO/g+dnx1y5/GmT5k6p0+2pxXrKLqLFPAA4gFS4Z2WhlA4GOZ9R6voHTtZpit9Fb5HqvM4/q/8ADHo+oBs0maLSe47T1+P8pL7cXL8PxvTw2m1wALKzkephVtq8XNgQ7hjgciejdW/hp1TSbmo1C6gei7ZynUOhdQ6e/wDvXTLcdiy1kz1OL8hx5TTky4Mp9Ofeigs/gOwz/wAxiWuxQMPjgcEfWFv0qF2atbKz7MhX/MFb+JCKFQ28+30nXhzy+mOXHf4Z7baw++kMoPBz6SCaqplOcp78R3tCjFqOCAMjEIh07oCNo9+JVtvaZOkatRUq4Rs/eTFzuNuVAg9TTQ43Arj6GQr01YXAJ2n1zFuqmhgCrjzgj7ydbIUKhlzn3lU6VFOdzGNVpq/EYgvj7RbqtL5ZagRgHPrmQusprZSx78HmUPwzM64sOT3BOMQ9VIRwCN2GycmZ3IeMNdqNKtp8JSc8/wCkhZqvEXFaHhT3ELsrCE+UHZj98wTXVgHzZ4IwBJuWzmomttjZQVhSD3Mi1VlpxYzD6jiQbUBmAqoscsfaFU6i4eGQ1Y/6ZPkuS30AaVANrkKTjI7/AHk0tDVhVr4HsMGaeg6LqbbQa9HqHznk1n9vSdd0f4B19yeJanhq2ME+n7THP5HHg0x4sv44BBqXx4dfA/mlmnp1moKOabSCPMVBnsfQ/wCHGgrIs1lzXHuABidp0/4e6ZodPXVp9OgGOSROTk/JYz02x+Lll7jxH4d+CtVr1Q00sA36mWekfDn8N9DpQluu87jnH/1O66fpUqcJhcAd1XE2qKK1O4Lub0nncv5LK9R0YfDk9szQdD0OnpQVUVcrg4QAy4tQz8gGB7TSNY8jHjA54xA3qFryuMn6zz8+bPN1Y8WOPpmWKu05HOf7QV2MBf0iH1ZG4YlS1gE57znu/VdGOg1RQXfucQOnBZicGFLjaeMZk9HXtrZmOZEx1WlvWlqgoqbQO8awe/aKgB+3pCuhasYxmXpnoPgL3x9JIXKoAUZMdlG3kc4gUPzeXt6xFVk2bVyowT7yDORtLMB7yu3iMcg8SFrNuwAT7GIlw2gHIIJ7CFUlmUsOAcymBwuRtPvC1uzEYbjGYBoh1KkZ25lO18NtAL/vHa7cfD29uMwLsA+0Hawi2AbDus2AFTK2obxTt5ACe8NYxVjYMEiVTwcgk5XHaGr7Obed/wAXugt1Hpfi6ZR49WMNjJAx7TxeglXavG4ocMTwQftPqjqGn09+lK2V7lYAMo4Pb3ngH8Seht0rqjtWpfS2NlQq4Kn6n1ns/jPk+PVef8zg8u45pgQQpwRnMIQ3ihs/tFWm6lShB+5wYVVCnJPI4xPq+H/L08PPo9ihsc4zFHKl3Vx2EU6tM64lgVOfDVR9JNLABuHMjVSTkvYR9MyVKKQ3mGAexnwsfQVLcxXOO8CxYnGYfVWKlChEYn6QN2DsKqoPrGSFte1Qe5MC9ZOFUHk5zLe7Iw2F+0Ezpg+dgfbMimhtTf5jyBBMiDzE9zHs4ORz94ANYzbSoxniEVFo4Ld9oxIVfPwFb7yDmwLyxkKdr8N3mU9qP4zHICYkCzkEEjEk9pxjECVZjx29YA2Qv1MiWyZPGwEAZzB7THFRMEDvIlgWESjnmPhdw4Em+zS9INyRz6SbGCuyQPaMJVsD25js5HpBrlWGOJJj5oqEwfMJMsBnMHkRxg5zFAiSQeIxYn5pIESORjtKUYkAYWMpAPMQjEiTVRMHPaTHy5kayuOwj5yeO0Cy9ED5o5jHAHsYjjHeCEfUyQ95BfmMnnB57ScstYqmKVPFwH8067VN/u6IeMKP8TmemVh+oJuG4exnTdSbLHgABR2nq/jsdY7cXPFfpYL2WPj5ZOyp9RaKKhlnYAfeS6WVGktcE8cn6zrP4TdGHWfihLbUJp03nYEcE+k6/lcv64x48fOva/4Y9I/2V8JaXSNXtvcBn45/85nZ7z4YHaUen91bHKjAPsJdswQDifO55efb1sb49I2uQvJEq2txmGvIAHAlO9vQGY2r0FYWJz6Rk83EcHIxJVqA2ZjlVpgYEFYcwlhyOILHPMMSDAxHk2xjiRr5PMeV+k0SpM4mvpK8ViZ2jVWtxk4mwijZ5TwJpxzosvSFhwMGYusJW0gHM2NWQF4OZi6oDeSOTHkWKs4JOTLGnAKgSqzNjB75l3TLjaTMp7aNBBhBKesuClhLRyqbixxMvX2KxPlHMs4qs4ZiYBl33piSbAORH0QL6gH0EjJToOmoyU8madC5rOMiUtApSrgBiZfTcK/McfSb4emNUtTgVsCZi6lfNwczW1xwcYyJmWbSW47TLP2Ilphxgj1mkLFFWPUTPqbFP1z3hWY+GCDzHGkD1Nu5sSekrNhC44HrIJX4jZxNHQptDIR2l4izSzp02L7jELtUoDj1kaxhAvvLgqB2gdptJ9srqgNQLSMVE49YU9O0bVP4mnWwkchlHEtU0ity2BzLSqu0nHcTbHPxTeKVw3VfgnofUEY26VUJ9hicH1/+GGmRz+F1bow5Cie2ahWCHAGJksps1WSufebT52eHpll8bGvnvqnwJ16hCw0otr9CByZy+t6JrqgyWdOvT0JCz668GkLh1AGOBMXXafTPawatWH1E6+L8tlrtzZ/Dm3yXqtBqErFdVd4x3ykkNHeVBzZ29p9R2dK6dYnm0qEn/lld/hXo9vnfQ1Z/6J1T8nKxvxNenzH+GuB4NmftCDp97DPi2An0xPpA/BnRsM/4GrI7eWJvhPo1Z3f7PqbPbyQ/+Tn9T/5q+a9RoL02brrAw9NsVWjssyX8cntws+ll+GOlAoW0FTH6pLn+wej1sCdDUv2WZ5flcYqfF2+aNP0bUk/laXUW59xNfp3wr1HVOCmhaoj+YT6G03T9JSzMlAUDscQLirxCcesyv5WX00nwXlHSf4fXW2q2pfwSPYd53HRfgrpekTdbQt59yJ0OnKixmVc5EuaYbs54nFy/ks76dOHxZFLT9O0tChaakUfVRLLVrtCqo+vEOc5XPJ9Y9it37icd5eTL3XVjxSIpWFrBOIXGUGIOvLkArxLD7UUBQJlbZe2lmhdMvlAxzNXSouBlsGZlDMADxmX62wVYMA3sJcyZZLdhOMAhvvKeoB/+hCXEtqRx5cdpC0DjAAj8ixZ94JbkSnYhzz2mnquwGMnMo2jL4JwJFu63npSfIcKnMvUouzBPPtK+zFuVlqtMncRjEQoyIqjJ4kG9ycQpwVy37Qb7mTJAz9I0+SAYtkGDzt3Se5QpPPEjuQqCfU8xArNyoGxwYFySwIIlh2Lrg8KO0Aqbt27gDsYhraTtlQCciPaQmNhxk/2x/wB4OwEWV9gBIXkO6j9oDxH07lgwc+Yesa1iFJ9R2jbO22BtsYWBSOBFChmXFe7OXb0gnc+uBEbD44YekC53KSe8qtYKXO04AZfUn0nI/H/Rx1jozoBttUErgTpqcN5LF2r7wlyLsyASe2Jpx5/ru2WeG4+YK67tLqbNNcvmRu57yyNlhNiEs27BnWfxf+H69Fra+oUjA1DYfYOUP1/pOS0parO4jcAM4n2P4r5Pni+b+XweOQrJhchh9RFGtUbmYDHAinsuVwoIFuCrQ+U248oJ94BFzbnfmEZac77DgifC4x71Rvc+GFVhkQDqz2Dcccd5O6yg8hsASN7HK+H5gRCzRI7F4BYsfTEi/GfLgjsTH86suF5kbTuYhm59pC5EbPMgyMfWQ4V1UHIHrHdyawp7ZgnXDqAePWK9KkEuJWzKsCDAeLh88SbEByFGRiQAyflmN3D0e1gwyBiJHbGOMesi3yxgcIRCdlCd9oOOYIkxZ2k5jkjAjvSv/wCJKpIySIj80f1BHtIs/MkTZNxyTIuwKiSIVh5pBtgXAk3Kxp4wxYHtIlvNHG08CQKHMeN3B4wQN95IPt7gnMjjAkSfePY8Yc2c9jFyTG3CSIxHs9JEZXiCIOZLcQDiMCxkWmImAJMEYgxHJ4jlKzZ254iIwJDPMJ3EVpeMRr7yT4AyYyjBiOCcGRl3iePppfDwNnVUXGcDM3eqLgnbnJ4xMn4RQnqlhH6Vmt1R/NkfPme38Hcwef8AIy70lSvh6AFl5wcges93/g50r/Z3wxXe9a+PcNzHHpntPGvhzSt1LqWh0jjm2wIR959J6DT/AIdKtNQuFrAGP2nL+R5bel/Dw+25oVxXkiHYDb3AkdKHWnzCRuKnsfSeZh1HoXGVV1L84lduYtQW3/SMnMyyUSKc4xCuu0dxmJQQR7RX43fWY05Qh3jN3jiJiDGrSJGfWNSCX29pEghhLNSgtxF7qbFjp9ZD5OJfsYhdq9jK+mGBJWO2eJ04M6hcwCEZmZeADnPeXLyDkesz7clsSM7pWMQZf1HBltAQqEHvKqcqR7S1XzWp9pmoSyw7NpMzNS2Wx7S3qGwJRc5JMflTgVgG04HMP0pCCWPMr2kgcS50zdvAix/yvanQdMT1AP7y1aQuc8wOicouMRypLMz9j2nT6nTPShr254MzmByfrLuvIDSm/eYZ+xpKsjZ9pOoO4zjywSjJ+Unj0hqiqoO4OY4culnRrkkgdppVVnGQO8raEDws+5mmAVqUgcTTFOWVqS05VcjH1lqgKGKkdvWQVmNYyIROFD+86MfTLSYbLY9IbfhRtwYHC/vJKIVQerLMmM4lSlSpzjP1l1xukAoUeTtFOwBcdwAPeZGrO1yOPvNm4KyNjvMPWkElR3Ey5Jr0vGS+y0xDsFB7TQUDGMdpn6KtgoZhtmlSoK5ByJGF2VklK1DtBA4lass2VI5Ev2MPBVR3lbYVOcd5pl1CBu4KnHJgbcM28ntLFhB7+glBbQxZT7zPytEnZ72JqbJIB9pm2HauBgy3q3YeQ9pStPtIyaXehtG/mwRNElNo2A7vaZulB3jHeaaKKyGHzmEOCVYYkkd5LaxIUYIj11kCWNOACQe8tO6DYnh1ny549IF2G0HBBPvL+oIC49TKNo3YB9IeMGxK3KkcA/WWxYvB/VM85RAw7HiFB2Lknk9otlY0BYfcEx3cZGSD9pQqsZeCe8IH2kZPMopBLjls5x95VsUtb5hge8m7s1g4yISxQcYO4+0i27PysCqrAHyk5MtBQlZBAz6RUnDKpELch3sJcK5XQNrZqAIH7Su25LBngH0MtvpyUB9JR1AG8tWSdvvFaU2lYylGAxmQUDwRuHHriM4e1N5wOPSOMHT7D6wjWRGwsa1/lPp7QJywwWAA7SbliGYfIwwIBnWxRgcDjMD0cb7WwwO0esIhROMYPuYEliMo2FEhc5C8cmBrF1wHKnmU3taxjyIhYSoBWKtdz52f0hotRAhwcZEcAbeRzJX4L4CGTRQF83eBgq5ZwjLgd4dAbULAbT8pP0g0RvEJcfaWdMCCVb5PX7Qy7PbmPjvpNfVehX6cIN2Mg/qyO0+e1Ful1d2muOGRyCx7Ez6p1dQFRNYy7Z2j/wA+k+fv4m9KbpfXH1CV7q7W5Hsc8z2vxPPeO6eX87imXbGts5QEDawxFAacootXxN5I4H8sU+xnJubeHcdVw+1mZyAP6xxt8M72wZKkKpZQCSfrBsM7krRmf2xPjPT26Fbs8LgE8+0V4JrQ44EKKrzR3UY7iCdWxhrf2kW7GklOMWV/3MHdYSMsAD9I42KuGyG+kEzqG4Uk+5kLgfiAHPP9I2/ccDvnMLYXNYKqvMAjbLcsMH2gcSLO1nPYCMSxsxIlmFhIORES7HIWRkaW0LFZgJx2PePt45xBtjkbuDM4UiJAIG2M521nEckKMCI4Kkekd7aTSIsAAY98Qdjsx3Y4EKyK2COQOJAqR9BJOaMz8DymNwTJEk8SLJ67u8jKLSGBFkSIB98yQUmKFs6lfaLK5OBH4A4OZHknkRwbRYZkgSODFzHQeXzGVs52iAPSPI7gDgSXGM5ioJRJMOI47AxzgiTegE/GDHdzxHs5EieccSsewfdHU85kQufpHC4B9TFrXVG5p0/wXUUrvtPrLerUm5QOw4MN8P0GnpQJ7uuZW1RItYKxJyCZ7/xpMOLdeRzbyz1HoX8HemprfiVL3U7dKm7P1E9x6ZWbrSVOB3nm38E9GaehanWFArW2YB9wMz1LoVZFRcjBzPC+ZyTPLUep8fHxxaQAWnbKGqbyZzzLdp2KWJ/aZOpuLNgdpz26jbZnYsscDgRAZUekmq9phjf6cSJwoEi480du8QOW54ipxFeDIt3jvkP9I3c4gtEctiWtOuDgd4GtcOPXMtaNPzixPb0hJdoyq4v/AA4iQEjsw2YErs2BidGPSPtX1HJlO3gy1ee8qOczPPtpNIoTmW1A2SumIYggd+JAsB1ABGJTsTGJYuOG7wVhBAMVEgFg8wmh0wbSDM8nLzU0Ayo9DHh1VNfSbu8M7HBzG0g8gz7SOpJzgTptiGfqeWMqPuCyxqGKnkQSsGXvMMxoBGfJb9pYowPuYNfmPtDaWlmfI5jxuxpq6JWFQX3mjXkYY+kqUIyqplukNjBAxNMYijV4ALN2Mmc7ht7RmKkKPaFU5xgYm+KUvbPeTC7iR9IxGcGOrbWJI7yrOgj8pkHD7vJ2hjzyOZFgc8HB9opAqWqSSZk6itlsLY7zavTCk559pTvrLsEPGfWZ8ktEy1VahNyBfeWtPtT8syuv5duG42f3j0ktb2+YzLHqnb2uHG1gvc9pXt4GP1QylULKxwfQypqwy+Y/1mmV6AVpCgk/N6yi7HfnHEM793Y95Usfe2AZlprIVzZEq+UvC2bgOBmCUgNnEnKVXQ2mUeMcTTqTcZR0uGckDE1dCoOSeMQxZ5HXNR3DvLSh9obHeCNTm0ZGFPrCZKEjeSB9Jr41OyZMkO3pzK/mNhJXyw9j5UkHsJVNzH1i3pUQtXHC/LIgHZkwjWF/KFEGcjgnn2k62ZDyeaSJ3sHXuYNwdgPqfSEKla18M5IHI9o9n0MSMqD3h6gq2BpVoC53vu5GOBDowDYGD9+IfaMvawKstx8x5k1XkqT5hH04Hhku2G9DIbnFykgY55z3mmukg32EPtzA2qHU49Y+pYWFmxgg9hBK+AMHOJnYvHQV7lVCj0g85AyeIrs5PPJOYC1ygz3A7wjQ7WNs2/pzBXOqEKvrGss3JhfWDxhhkZgFhSUXaRwYMg7uJI2YI3DjEGXFhYDK4hsItlX3SbOwHiL39RFUhvcKvcDnMcgCzYSQR3XENgy5tG4d4UAqmEXzQdpNZGwEH2/zC2WMtW5eGjBLUoKlzhj3hslfnYfX7+sFWRbXvs5YSDhsA2DHr39fWID53PuQblE4T+KfQ/8AaPRrralzbUC4XHtO7pYKNqN3/tIa7TjUUMXCsqgqV/mmvByeGcrDlx8sXyrVZ53oLFrEO3tjEU0/jXpWo6R8T2o6jwXcujgYJ+mIp9r8TnmXHK+d5+LKZPP0dvCyAA3qY9T+RmD7X+0Cw25y/lb0kqlFVZLHPtPme3q02CRu35OecmQsAXzFQfrItYHD4EYuqqOcn2grFEEs2QsZgzZAXBkmsY+UVhDBsG/U5kVSL7ggDNjmDAXxPNyMwrphFGM5iYBePaEECbAcnHGIyhzysJ8wIAzAozBthbEnIyUfzExiq7htzJv3kcc5z2mQOUBHeQLBRtxzJjjnMG43Nhe47xw4avO3jjmM2fUyW7iQc8GT9qns3rETmMeREvbEMmiaYA9Ii2I231jPwwkRNOO+cyfB9JFSp7d43IMZJHEgzEjEmAD3kYKxRVM8kxyuAY8RjOlnyiOScxKR7ROfaHX2EkAJwYnXEgoPeT3HGJN39BFfrC6Zd+qrXvlsQRBHftNL4Zo8fqQyOEG6acU8soy5L4R2YxXplrUYASZGrBN47ecgTXu9R6GZ1KC3rGkqAyHtUEf/ACnuZ/4cLzuP/PN9DfA+j/A/CXT6l+Zqw5/cCdzo0I0649pzvTqNl1FCfJWoQftOlBFdG0T5rK7zevh1FXWWso8xmcjB7uO0N1K3L7R2kdNWFXPrmLNeOI4XCx1MiSSMGIcTCKs0du8iOTECMxEjPEdKCHDJz3gQCDC9xIE+cCGK06QCwzLWn4ZpXrHnOZYBAE019psTZjiAZjmEYnHeAYnmK5FpC45BlUw7gHPvAlOe8zyyB0xt7cyVzMFHtEAFHPeBvsOCBCKgVjEtBOxi3HMazkGFNFSC4wZsaJfOo9JiUKd4+839CCGVZWIaqHavHtB3PgHIyT2khnEraizAJ9RNWcVbCWY7+fpK7t6EYhrWym/1gjhhk95nyNAyuPlJ5M1NEprrBPrKWmTedrDjM1dPtKbSOBFxFV2vJQeksV4VQCeYJVVyuG7CHwpA9SD3nVjixGCnZk4Ak0AgiSxAPYRy+XGB2l60VF3kORgwm5fpBtuJ3HtHAU+YDmaT0EznHlMiX8+8cxwcRgu3tJCB87kmAsXcC3YgyywJ7QdlTmKp+2bYANxbkmF0ajkgc4kr6wh7Zj0WKqdsczHLHXar6NY6j5hljKWvdnAx2EtWsOfrM7UORnBhl6Vir3Wh124IxKwHmwJJ7OT7yFRY25+khrCsyB3gEG55Zv7cbcwSgI4fHePWzXdDXmwYP3m3RUq1H1MzOmBAfMJqJ83lMnDHtnkdmZa1Q9x3g7GbsoyD3MKwza5JzmAu3CsBPlB5m1ZhWKBxk5MFshjh7FA4Ma1c1sqHB9ZjfasQd2OF7+8EzEMM95ItsXaO8EDubB7+8vFY7KQw5GJL8w7WTAB7wed6hMc5lhh4abJnfYE5yOQBiSqrVrfMuZB3CAZGeOJZ0RDrubgzTX2iiWMgTAVsj2EAWDYyTxFY35h8Owyvbbgkep7w39BF3NbkDBBgXavHlzGdgpOfWVtw3EB8wXjifcN27dn0grWxnHOYhtDEsJC21fQYkXLtZq8MTvBEjbxgqePrEzdju7yTVk1qcZEW9hFNzuBkGHVClhGBgxALXWGC4McsGXjvGEwoVw+QuB6QaqbHawHAEjXaCWUjJBkyzhOwVf8AMUCLEnzb8ken+YmyOGMVTEt5Apb3+3eIACzJbdt+b6y6E0ZfDKqOTwIzB3AZzgZ3f1idx/xVXavZR7SVZ8n5nPqIqEdPyWxxg8Qi7ymxeWbPf+0E3KKB33Y/f/1CjILEevaE/wBZUSbjzD+NfSV1HTU6ileL6DkYHp2P+Yp6B8RdLOv6ZbXZTlWXBinufF+V44aeX8nj/wA3xoibsF2DN+kDgRmDg+cYPt6SQqYLuLgqnYiRu8NKw3iE7z3mXtYVrIiMzKc44xGsUbC23BxxCWkBVGMgnBPtB+IQ1gA8RSOMScovFEAkDLZOO8GxKnsCIicjjj6Ruw5POZBiWNu25BGPaBsFhck9jFYzCwLnmO+/cBu/aADOAeCQfvBkruyeTCFGckk8CQxt5xkSKCNgMjY2UO2OV57REAKQeJmsMElMEySZxEV4GORJkDHEe9EicHvIMoPHMkxxIExXS5DcDiOMDn1kCGJ4EWG9pltYgY5xxGPmOTGU+8cd5N3tNhwgxGUYJk8gDkyHc8R76EiUieDFgxMRmTuqSUwpC7YFSDzmSLZ7SpsJqi4jMBniMrjHeM2cwuwkDiRJwcxgeY5ilsBrCSV9s8zpPg+lvCt1DgDnauPac2uGJX9h9523SaBp+m1Ip5YZInf8PDyrk+Tl0vPymYT4I0bar420CEAp424j7AwWCK+Rib/8KdOt3xtUzNgVozH6cGej8vc4nL8X/wCx7z0kbta5HOGOJqXOVQ5mf0FPDqLuee8fW6jcSufWfM7+3s/egbvNZD18AYlZMscw65Ak3LZ7ELE88ZjDcfaRGZNV+slU7SQe8exVxxEvEbktyOIDSSdpFlAszJZAOI5HIjMqyTZg9pOzh9ueJBR5iYnOefWaS9BN7BjuYNWyDwTGx9IwPscQ6AVzkN2gwd3vCW5J75kAD7YmWevotHIbvmAsIJ5hiPrA2HgjEU9GHgZkLeM4iBy2JFs7yDFkE9OvmGPedF08K7KfWYOmGXAnQ9OpIwy5M0wRaukBVMzNXyxmjqWwvEydQxBleiV3LdhiRw5bA7yQJPOIVMY3gZMV7VKJQCpAGM+s06EJXsJnUqWYGbWkrxXn2lY469JuSSEDAA5lmtQiZYcGBRMNubj2lqtSy4Pp6TowZmrOGyxwPrJAFLMgAiQIWxgDxj0hHXGADiaUC2HK/eNWSFIjdgATmSQcj2iBrMjGP3k1biLbkH+0kUwIBEDHPrHc+YD0iGScYjJ2O7vntIvsgLq+GYHIEqttI5QjiXXAO7B2n2lXUthMZGcRVUUtVYPBJIImXaWJJDDE0NU/kHZvcTL1Q82QCPpM8mmMgLDz95YpC47SqTjvxDUMT25krJqvNkCLK5FZHMOnfzDEi6A2B8Yx2jl0FvTABhnvNEAMv5ZIb6zMoBDBxyfaaIZfDD7tpjljDLYqgAZzkyCjcW3cCQBCH5sx2Jswqy6nQe0s2eAc8Yj31YTCN5vWLay2kNwB2MEdxJKtn3mdi8ekLQhr83ce0r1YfKgfvLRXCbTyTzK9TIAQp83YQVsRFsCLgDv7QtpHiFXB4PeLTk5KnuI9xLDkRaIRE8RlbIwIS8umNoH7QWnIx2PEjbbl8K+I90vs1p8u5OD6yuzcb2PMa68gFR3la1/IPN3iXIjqLd5wPSRUqTnGD9JHbjkcxElT8sra0mbPA7/WBzuOzA+phseJ5flHvGZUr9MgdzMrOwTLWQoCnI9Y95GAqt2iZiFyhBHqJHyuOPKPeV0DAsy7SwH1McDa3lP7ntAOSH27SyZ7iFBGRuOR7Q6AjDAJOPuJEs7KoGCM85ktvB3cD0EgGBYIDjEYEqKAkIMMJGtNr53D/wBx04c4EZcZJ7iASYkq6nkk8Y9I1BLgbiMrI1nNpKHgcGSqUKxDcFuBACoK38pPY8Ef5/0ltKCSCmQT7/WNp6q66CQVb3+3/uXcNZWtYwCeNw9zKw/jO3Xo4RrqhUvqPWKHqq8wRwQMHJEU6sLqMMsZld18AZUPu3Ha3pJo4U4rXJPHPpHVE8RVJG0dmjOXw6leM8GdfpzJUIGrZF7hskmB8J0tPmGDCVNYdNsbgA5g2UnzBi30kXLa8aViIBtJ594MIudv75kn3Cvcy/tBizjPp7RaG0jhlJYYPYGRZsFfoMRmtXw8EZ9hIFyxUHtjtEejg7cjPeQzztkXznjvHTvk95naNJKRuOYJ+d0dj5+RiJipUgcyNriO7CRlZjEUJXAjKGXuZOVVMUiCZHHMlvy2JEN3B7ybVw/aIAnn0jSSk4AxM+xo+0RZAiIwM5gzkmOejSPMbG2OokiMiLQRzFgGPtA7xAL6Q0WjEADiMITaCINlIPBmk9AhJ+kigHrJHvCwG9Y8YDmIydAXQUG/X1Vr23Amd7ai1Cuseizk/hGs2dTLYyFXM6u7LWAk5M9r8bh/Xmc97MzNjntOu/gyqv8AFV275vDM5KwgpidZ/BggfFlmRya5v8+/4UvjT/Pb3bRgLphzjiVbyu7tLLYFX7SiWy5ny2+ns6+x6RCkYEGhwmRJqcjmZ6oSPYR1Mj6SeBgQhyprzHPDRDAERxGoNj+YIWQ2gtmFIAXMoEvrI+sW72GI0AkrArAnGe8IAoB4gG5JMWXoJlRjOYN3IXtGBPoY245IY5EgIbyVzBWHiTZhngcSLYxwOZU7CGABn1gGbLn7w79pW2k3cNwZGV70Gh09S1oxOooPh1qoxnE5zpi7XBPmm0WG4ek1wRcS1lm4HnGJmu7cjEs6jhjk7pV3AsR7TTIHywTsJNFJUY7RlXcMGWdHXxgiZ4FVjSVNgMrYHqJo1IGAyhB95W0ylW2iaNal8cYI/vOnGM6Qr3kDPaGfKcM2FjP5SAqYMI5G5QV+800AyMLuRsiT7kZjO6l8BeBH47/2jAn0I4jBSCSDxGYvtDdx7RkbIJHH0gBEzmSDH1jVZ2894xODgx6CZPGRIeufeTVR+3tGG0pyMYMQBtIDmUryC/IyJbvGWlewsi49IsvRxl6vbzt7ynqgNo95d1hXdgcEyhqGGe+TOfJriqW4xjBzDUBlXdniDsLHGePpJVKWsC5wMZiUtIN0LsyIFWKDGP3hhZ2bdx6iFRkJSvOIfGRtzBoyttIGMybLsfO7MWqk9m7wcj5o+nuO3bjn3j/p5OYNCAxxwc9ppAMrsN27mCU4Yr7wr5VOVHMEAWJPGYsrsqE533KnIjiqpVXb3z3jVhhbkmFIUDCiSO0g2CPL39Y1wYblB7RWuyoBtBxAWW7yQw2n1MDnaVTsAQTK19wDcHmPuVCdr5MqWsHbgbT7w2qQrLGJksbqjmCU4V9/JHYwqMrEIecjtFVmpBC4HMJsAHmPMdStS4UYJMjapAYsc+0m3QRAszlCMR3axgUbGD3kFJ25Ax7xOM4IOY/KaCGShx3Ehc5yNv7yT5zwZEbQTuPMjYEUEuu04j+bDHeOGj1EBcjkxyMIeO5/+8xwI2MS/JzI58x8uSe0YbTggcyePUntNAdfy1yVy0VSeICduBGddy7l4P8A3k7AVTch49oBE7AcKNvvDVDykHkYgqFArcsOT2jadnXI5794thp0KK6wq8oT/bEs6et3CNWSADg595WUgBP1HH/gmhQLfOzJ5AO8vjm2WVaFKsfNxlh/9RSemCnDegGcRTTLe0TKR+edYWsqw3M/8p7R3dmbByDnOJHLeIuOI7rkMSSz+mPaehl6cdRLPlgO2O0Gp5z2MnWuVLEMCIgu8+0zVihYCTuLZz6SDnBClV5hrUCgDPaDcDbvPOIx9q7hfEGOZGw/nD7Q4eseVFznvA4zcfpFVmVTkk8yXAjKTg4OOZFmHqMzKgzgB85JkkKnJxiRXzx3AX7yF4mBwx9pE7jGLZ+bjEdXBk1oYLg5PeJVHJMk/bIg1bnEkJ4j5PbEUg5xJNPbxkSKkbuYy2HHEQAJyeIBMkHtJV4GcwKHaTt5khgnJPMAm/0g07yW4jsIxC+hgEmOCBGJPrIqOZNhhY9lT7TjMYgiPnyiJorkDAgGNtJeL1iUu1q4HfiXhNh1HwhUEps1GMZ4H3muCdwB7wHSahR0itccnvCac7nYexn0PxcfGR4/yMuxdRwuB3nY/wAFK/E+LmOOPCJnG6s4Inon8AtIPx2t1bnJrG0fviZfkLrjq/i3eT1rVOMDaeMSiud0s6sqLCAO0Ag9Z8rvp7f/AORxwuJNDmDXmGrHEZCAjEl6CRA4kvaASIMYyfpIGC56OhAPMdue0iveOxxKBbjwDFuHP0gwdzDMQAw3Mm3QSY57QZHEdjgSG7MWwXaDOSTHJ5kXbPaIIEFfaNvz3iJOMGRxxmPEGtIxxBAZcGO5j0/MCZnf9g0Om5R84zNOx97DEoadgoGBzLSjawYHM3wCDMQ5I5gW5sLAEe8OxySQuJGis2WYJyI97Qs0JuTIEt6VOeBFTWCoUS3TVtmkxKpBAHVx3EuKSAp7EwVCbjiWDtCke06cJ0zqRBC7mJjK2TuPMi7kqFI4kyu2utV5zmAMvlsJI7ye1cbhBhiHZW9I6k4JPaAS8QDgDg98xwo3jaR9RBBiWGRkQpwpBRSDADKMtgcfeQA3HmPVYWfDjAk9y+koEqnv7QNjY4b39JPe2TiAu3GTQe9lHIzK975p/eTYPtGYHUdwv0zFl6OM7VBVcN3PoJmapN1m4cGa+qTIz7Si6gmc+TXFQKncGY8wyEExXrhjBqeeIlLYsBXbgwqpyAoBGOZWr3L5mHEtI2HBxjIgnIcZYBQuAInQq2TzJVHKDnPMOoUDzQQABtTPeCNj7toUEH19o9hZTsXkRk+UgcnMoLAfFfJLcc5jAqq5A7yDklVH9ZFiEPJ4MVBEFfQftHBXHORFYQibhyZXa0FCTwYgJqLdpGG4ldyrvlm79oHVNuxgwY5Aye0FY4ndtt2wAn6xW7bBt7GQDP4mQMjElybOYqsBUKs2WJB7Q+nbdfkjAA4kb19o+nOCSPTvAEzbnbvjMd7Pl/vIuSVJA9ZF2EjIHa1ypUAbSZIYVDg8gcwSMDke3MljI78HiKAnyrAH1jsvYnEixz5hziPy7+YYA9YUCZXIXGPr6Qzong4D54xx/WCDAJ6MO0jWzBti4yZUBkrZeVx9cwnhttByOfrJBShxawz7RBi1qrt8qnOZYKnaa2I7r3/fvE3krzzvk7DssIROGgbXJ9IUGDswGRzmWVOGHbGPWAqYAeYesPX+daQvoJNKr+naqzbsPmXn9+00tOrbSASc9lMzdCg8M4Xke02dHVvQOCR6YM14vTLJZVVLISGXA5AHEUsVqTgHmKbSbZ62/OmvwVqa0MWb2McXqrK9agkjkRRTvjmM1zA5UZLdxK5O+zO4qfYGKKZZqxTbDc5OYMbmO3HAiikz0aNeGsYqAMe0CTuc445iihfRxLaB3g8qbMAxRTPH2o5wDgcQVxY9vSKKTTgfmKjIzJ1g+0UUxyaxNwdkgixRSp6AmOJAgYiigEQPaPzFFM77BKMdoxHMUUr6B447RRRA695M8qftFFBF9kcBAJFhxFFFUoDMJpkL6pFBPzRRS+H/AO2J5PT0G5RRpq1wO0Dpxh93vFFPqsP9Y8nk9p6wZM9U/gNRt6VrrPU3jn/4iKKeR+Qt8XX8T29B1JyxMHXFFPAv+r1foeuGU4iigaYPEdYooHBR2zIP3zFFHFHXtInMUUeQRA7xhxFFITTbhjmCdvaKKVBAxkx+0UUnJRjyJBu0UUeLP7CYCOvdcRRTP/8ASq0dOCGBAzxL9Sh1yeIopriRhWWBwTLejpUKSe8UUuJXaqz+mWKVKVndzn3iim2JVZq2mknsRiG2AeI3fGIoptiSIww5AEifKQoJ+kUUojWfNz+8nlQrD6RRRUBVAgZljd+Vk94ooqELD5n+q8SSkmnkYiihiDKSoGCTmO9h8HJAiihfYAJO3OTiBsyRkRRSaVVbcgHcOJSYeY7R3iimU9qxV9Sg2jJ83riVlVQ+ATnEUUi+20GrVvUkiWkfOBjtxFFKLIeoY/tCXMVdvbEUUGNAySWbnkjH9Y5Gy7b7nMUUjL2tEW7UUnnvIW4ZM5OfQGKKX9FfZmt8gD95V1DBay2Yool4gKSx5Jk9wwVwMiKKSs4Y7MD3kcnOYooqCZsEgn0g62IRsesUUiewlvYJ2kMjZFFNAdQNm7AiqIwdxOIopP2D4/khK1O0ljz7RRSqDupZQqqB9YkVUClhz7xRR4g7h7HLHgZ4hiHR9jdsZBEUUQSdgK8c5lZvKeecZ/xFFKoJGVxyJb0tD4LIcccxRRM8mx0tFWo54M2dOqhOOeIop08U6Z5LAO1VMUUU0KP/2Q==\" />？？？？</p>', '2020-09-22 17:13:34', '2020-09-22 18:05:53', 0);
INSERT INTO `edu_course_description` VALUES ('1310496349166264322', '<p>进阶高级版</p>', '2020-09-28 16:27:32', '2020-09-28 16:27:32', 0);
INSERT INTO `edu_course_description` VALUES ('1330384731350560769', '<p>高中二年级历史教学大纲</p>', '2020-11-22 13:36:52', '2020-11-22 13:36:52', 0);
INSERT INTO `edu_course_description` VALUES ('14', '', '2019-03-13 06:04:43', '2019-03-13 06:05:33', 0);
INSERT INTO `edu_course_description` VALUES ('15', '', '2019-03-13 06:03:33', '2019-03-13 06:04:22', 0);
INSERT INTO `edu_course_description` VALUES ('18', '<p>本套Java视频完全针对零基础学员，课堂实录，自发布以来，好评如潮！Java视频中注重与学生互动，讲授幽默诙谐、细致入微，覆盖Java基础所有核心知识点，同类Java视频中也是代码量大、案例多、实战性强的。同时，本Java视频教程注重技术原理剖析，深入JDK源码，辅以代码实战贯穿始终，用实践驱动理论，并辅以必要的代码练习。</p>\n<p>------------------------------------</p>\n<p>视频特点：</p>\n<p>通过学习本Java视频教程，大家能够真正将Java基础知识学以致用、活学活用，构架Java编程思想，牢牢掌握\"源码级\"的Javase核心技术，并为后续JavaWeb等技术的学习奠定扎实基础。<br /><br />1.通俗易懂，细致入微：每个知识点高屋建瓴，深入浅出，简洁明了的说明问题<br />2.具实战性：全程真正代码实战，涵盖上百个企业应用案例及练习<br />3.深入：源码分析，更有 Java 反射、动态代理的实际应用等<br />4.登录尚硅谷官网，技术讲师免费在线答疑</p>', '2019-03-06 18:06:36', '2019-10-30 19:58:36', 0);

-- ----------------------------
-- Table structure for edu_subject
-- ----------------------------
DROP TABLE IF EXISTS `edu_subject`;
CREATE TABLE `edu_subject`  (
  `id` char(19) CHARACTER SET utf8mb4 COLLATE utf8mb4_general_ci NOT NULL COMMENT '课程类别ID',
  `title` varchar(10) CHARACTER SET utf8mb4 COLLATE utf8mb4_general_ci NOT NULL COMMENT '类别名称',
  `parent_id` char(19) CHARACTER SET utf8mb4 COLLATE utf8mb4_general_ci NOT NULL DEFAULT '0' COMMENT '父ID',
  `sort` int(10) UNSIGNED NOT NULL DEFAULT 0 COMMENT '排序字段',
  `is_deleted` tinyint(1) UNSIGNED NOT NULL DEFAULT 0 COMMENT '逻辑删除 1（true）已删除， 0（false）未删除',
  `gmt_create` datetime(0) NOT NULL COMMENT '创建时间',
  `gmt_modified` datetime(0) NOT NULL COMMENT '更新时间',
  PRIMARY KEY (`id`) USING BTREE,
  INDEX `idx_parent_id`(`parent_id`) USING BTREE
) ENGINE = InnoDB CHARACTER SET = utf8mb4 COLLATE = utf8mb4_general_ci COMMENT = '课程科目' ROW_FORMAT = Compact;

-- ----------------------------
-- Records of edu_subject
-- ----------------------------
INSERT INTO `edu_subject` VALUES ('1178214681118568449', '后端开发', '0', 1, 0, '2019-09-29 15:47:25', '2019-09-29 15:47:25');
INSERT INTO `edu_subject` VALUES ('1178214681139539969', 'Java', '1178214681118568449', 1, 0, '2019-09-29 15:47:25', '2019-09-29 15:47:25');
INSERT INTO `edu_subject` VALUES ('1178214681181483010', '前端开发', '0', 3, 0, '2019-09-29 15:47:25', '2019-09-29 15:47:25');
INSERT INTO `edu_subject` VALUES ('1178214681210843137', 'JavaScript', '1178214681181483010', 4, 0, '2019-09-29 15:47:25', '2019-09-29 15:47:25');
INSERT INTO `edu_subject` VALUES ('1178214681231814658', '云计算', '0', 5, 0, '2019-09-29 15:47:25', '2019-09-29 15:47:25');
INSERT INTO `edu_subject` VALUES ('1178214681252786178', 'Docker', '1178214681231814658', 5, 0, '2019-09-29 15:47:25', '2019-09-29 15:47:25');
INSERT INTO `edu_subject` VALUES ('1178214681294729217', 'Linux', '1178214681231814658', 6, 0, '2019-09-29 15:47:25', '2019-09-29 15:47:25');
INSERT INTO `edu_subject` VALUES ('1178214681324089345', '系统/运维', '0', 7, 0, '2019-09-29 15:47:25', '2019-09-29 15:47:25');
INSERT INTO `edu_subject` VALUES ('1178214681353449473', 'Linux', '1178214681324089345', 7, 0, '2019-09-29 15:47:25', '2019-09-29 15:47:25');
INSERT INTO `edu_subject` VALUES ('1178214681382809602', 'Windows', '1178214681324089345', 8, 0, '2019-09-29 15:47:25', '2019-09-29 15:47:25');
INSERT INTO `edu_subject` VALUES ('1178214681399586817', '数据库', '0', 9, 0, '2019-09-29 15:47:25', '2019-09-29 15:47:25');
INSERT INTO `edu_subject` VALUES ('1178214681428946945', 'MySQL', '1178214681399586817', 9, 0, '2019-09-29 15:47:25', '2019-09-29 15:47:25');
INSERT INTO `edu_subject` VALUES ('1178214681454112770', 'MongoDB', '1178214681399586817', 10, 0, '2019-09-29 15:47:25', '2019-09-29 15:47:25');
INSERT INTO `edu_subject` VALUES ('1178214681483472898', '大数据', '0', 11, 0, '2019-09-29 15:47:25', '2019-09-29 15:47:25');
INSERT INTO `edu_subject` VALUES ('1178214681504444418', 'Hadoop', '1178214681483472898', 11, 0, '2019-09-29 15:47:25', '2019-09-29 15:47:25');
INSERT INTO `edu_subject` VALUES ('1178214681529610242', 'Spark', '1178214681483472898', 12, 0, '2019-09-29 15:47:25', '2019-09-29 15:47:25');
INSERT INTO `edu_subject` VALUES ('1178214681554776066', '人工智能', '0', 13, 0, '2019-09-29 15:47:25', '2019-09-29 15:47:25');
INSERT INTO `edu_subject` VALUES ('1178214681584136193', 'Python', '1178214681554776066', 13, 0, '2019-09-29 15:47:25', '2019-09-29 15:47:25');
INSERT INTO `edu_subject` VALUES ('1178214681613496321', '编程语言', '0', 14, 0, '2019-09-29 15:47:25', '2019-09-29 15:47:25');
INSERT INTO `edu_subject` VALUES ('1178214681626079234', 'Java', '1178214681613496321', 14, 0, '2019-09-29 15:47:25', '2019-09-29 15:47:25');
INSERT INTO `edu_subject` VALUES ('1178585108407984130', 'Python', '1178214681118568449', 2, 0, '2019-09-30 16:19:22', '2019-09-30 16:19:22');
INSERT INTO `edu_subject` VALUES ('1178585108454121473', 'HTML/CSS', '1178214681181483010', 3, 0, '2019-09-30 16:19:22', '2019-09-30 16:19:22');
INSERT INTO `edu_subject` VALUES ('1299225682349469698', '文学', '0', 0, 0, '2020-08-28 14:01:56', '2020-08-28 14:01:56');
INSERT INTO `edu_subject` VALUES ('1299225743426924546', '历史', '1299225682349469698', 0, 0, '2020-08-28 14:02:10', '2020-08-28 14:02:10');

-- ----------------------------
-- Table structure for edu_teacher
-- ----------------------------
DROP TABLE IF EXISTS `edu_teacher`;
CREATE TABLE `edu_teacher`  (
  `id` char(19) CHARACTER SET utf8mb4 COLLATE utf8mb4_general_ci NOT NULL COMMENT '讲师ID',
  `name` varchar(20) CHARACTER SET utf8mb4 COLLATE utf8mb4_general_ci NOT NULL COMMENT '讲师姓名',
  `intro` varchar(500) CHARACTER SET utf8mb4 COLLATE utf8mb4_general_ci NOT NULL DEFAULT '' COMMENT '讲师简介',
  `career` varchar(500) CHARACTER SET utf8mb4 COLLATE utf8mb4_general_ci NULL DEFAULT NULL COMMENT '讲师资历,一句话说明讲师',
  `level` int(10) UNSIGNED NOT NULL COMMENT '头衔 1高级讲师 2首席讲师',
  `avatar` varchar(255) CHARACTER SET utf8mb4 COLLATE utf8mb4_general_ci NULL DEFAULT NULL COMMENT '讲师头像',
  `sort` int(10) UNSIGNED NOT NULL DEFAULT 0 COMMENT '排序',
  `is_deleted` tinyint(1) UNSIGNED NOT NULL DEFAULT 0 COMMENT '逻辑删除 1（true）已删除， 0（false）未删除',
  `gmt_create` datetime(0) NOT NULL COMMENT '创建时间',
  `gmt_modified` datetime(0) NOT NULL COMMENT '更新时间',
  PRIMARY KEY (`id`) USING BTREE,
  UNIQUE INDEX `uk_name`(`name`) USING BTREE
) ENGINE = InnoDB CHARACTER SET = utf8mb4 COLLATE = utf8mb4_general_ci COMMENT = '讲师' ROW_FORMAT = Dynamic;

-- ----------------------------
-- Records of edu_teacher
-- ----------------------------
INSERT INTO `edu_teacher` VALUES ('1', '张三', '我也不知道你是什么水平的教学水平', '高级', 1, 'https://guli-file-190513.oss-cn-beijing.aliyuncs.com/avatar/default.jpg', 0, 0, '2019-10-30 14:18:46', '2020-11-21 14:33:18');
INSERT INTO `edu_teacher` VALUES ('1189389726308478977', '晴天', '高级讲师简介', '高级讲师资历', 2, 'https://online-teach-file.oss-cn-beijing.aliyuncs.com/teacher/2019/10/30/de47ee9b-7fec-43c5-8173-13c5f7f689b2.png', 1, 0, '2019-10-30 11:53:03', '2019-10-30 11:53:03');
INSERT INTO `edu_teacher` VALUES ('1189390295668469762', '李刚', '高级讲师简介', '高级讲师', 2, 'https://online-teach-file.oss-cn-beijing.aliyuncs.com/teacher/2019/10/30/b8aa36a2-db50-4eca-a6e3-cc6e608355e0.png', 2, 0, '2019-10-30 11:55:19', '2019-11-12 13:37:52');
INSERT INTO `edu_teacher` VALUES ('1189426437876985857', '王二', '高级讲师简介', '高级讲师', 1, 'https://online-teach-file.oss-cn-beijing.aliyuncs.com/teacher/2019/11/08/e44a2e92-2421-4ea3-bb49-46f2ec96ef88.png', 0, 0, '2019-10-30 14:18:56', '2019-11-12 13:37:35');
INSERT INTO `edu_teacher` VALUES ('1189426464967995393', '王五', '高级讲师简介', '高级讲师', 1, 'https://online-teach-file.oss-cn-beijing.aliyuncs.com/teacher/2019/10/30/65423f14-49a9-4092-baf5-6d0ef9686a85.png', 0, 0, '2019-10-30 14:19:02', '2019-11-12 13:37:18');
INSERT INTO `edu_teacher` VALUES ('1192249914833055746', '李四', '高级讲师简介', '高级讲师', 1, 'https://online-teach-file.oss-cn-beijing.aliyuncs.com/teacher/2019/11/07/91871e25-fd83-4af6-845f-ea8d471d825d.png', 0, 1, '2019-11-07 09:18:25', '2019-11-12 13:37:01');
INSERT INTO `edu_teacher` VALUES ('1192327476087115778', '1222-12-12', '1111', '11', 1, 'https://online-teach-file.oss-cn-beijing.aliyuncs.com/teacher/2019/11/08/5805c6cd-c8ad-4a77-aafd-d2e083bfd8a4.png', 0, 1, '2019-11-07 14:26:37', '2019-11-11 16:26:26');
INSERT INTO `edu_teacher` VALUES ('1195337453429129218', 'test', 'sdfsdf', 'sdfdf', 1, 'https://guli-file-190513.oss-cn-beijing.aliyuncs.com/avatar/default.jpg', 0, 1, '2019-11-15 21:47:12', '2019-11-15 21:47:27');
INSERT INTO `edu_teacher` VALUES ('1298821476777984001', '刘文田', '中国好嗓门导师必有我田哥一个位置', '高级讲师', 2, 'https://edu-online-chao.oss-cn-shenzhen.aliyuncs.com/2020/08/27/66d1a60d-f33f-4e83-8cf3-c71d5dd6b310_yun3.jpeg', 0, 0, '2020-08-27 11:15:46', '2020-09-28 15:05:56');

-- ----------------------------
-- Table structure for edu_video
-- ----------------------------
DROP TABLE IF EXISTS `edu_video`;
CREATE TABLE `edu_video`  (
  `id` char(19) CHARACTER SET utf8mb4 COLLATE utf8mb4_general_ci NOT NULL COMMENT '视频ID',
  `course_id` char(19) CHARACTER SET utf8mb4 COLLATE utf8mb4_general_ci NOT NULL COMMENT '课程ID',
  `chapter_id` char(19) CHARACTER SET utf8mb4 COLLATE utf8mb4_general_ci NOT NULL COMMENT '章节ID',
  `title` varchar(50) CHARACTER SET utf8mb4 COLLATE utf8mb4_general_ci NOT NULL COMMENT '节点名称',
  `video_source_id` varchar(100) CHARACTER SET utf8mb4 COLLATE utf8mb4_general_ci NULL DEFAULT NULL COMMENT '云端视频资源',
  `video_original_name` varchar(100) CHARACTER SET utf8mb4 COLLATE utf8mb4_general_ci NULL DEFAULT NULL COMMENT '原始文件名称',
  `sort` int(10) UNSIGNED NOT NULL DEFAULT 0 COMMENT '排序字段',
  `play_count` bigint(20) UNSIGNED NOT NULL DEFAULT 0 COMMENT '播放次数',
  `is_free` tinyint(1) UNSIGNED NOT NULL DEFAULT 0 COMMENT '是否可以试听：0收费 1免费',
  `duration` float NOT NULL DEFAULT 0 COMMENT '视频时长（秒）',
  `status` varchar(20) CHARACTER SET utf8mb4 COLLATE utf8mb4_general_ci NOT NULL DEFAULT 'Empty' COMMENT 'Empty未上传 Transcoding转码中  Normal正常',
  `size` bigint(20) UNSIGNED NOT NULL DEFAULT 0 COMMENT '视频源文件大小（字节）',
  `version` bigint(20) UNSIGNED NOT NULL DEFAULT 1 COMMENT '乐观锁',
  `gmt_create` datetime(0) NOT NULL COMMENT '创建时间',
  `gmt_modified` datetime(0) NOT NULL COMMENT '更新时间',
  PRIMARY KEY (`id`) USING BTREE,
  INDEX `idx_course_id`(`course_id`) USING BTREE,
  INDEX `idx_chapter_id`(`chapter_id`) USING BTREE
) ENGINE = InnoDB CHARACTER SET = utf8mb4 COLLATE = utf8mb4_general_ci COMMENT = '课程视频' ROW_FORMAT = Compact;

-- ----------------------------
-- Records of edu_video
-- ----------------------------
INSERT INTO `edu_video` VALUES ('1182499307429339137', '18', '32', '第一节', '', '', 0, 0, 0, 0, '', 0, 1, '2019-10-11 11:32:59', '2019-10-11 11:57:38');
INSERT INTO `edu_video` VALUES ('1185312444399071234', '14', '1', '12', '', '', 0, 0, 0, 0, 'Empty', 0, 1, '2019-10-19 05:51:23', '2019-10-19 05:51:33');
INSERT INTO `edu_video` VALUES ('1189434737808990210', '18', '44', '测试', '', '', 1, 0, 0, 0, 'Empty', 0, 1, '2019-10-30 14:51:55', '2019-10-30 14:51:55');
INSERT INTO `edu_video` VALUES ('1189471423678939138', '18', '1181729226915577857', 'test', '2b887dc9584d4dc68908780ec57cd3b9', '视频', 1, 0, 0, 0, 'Empty', 0, 1, '2019-10-30 17:17:41', '2019-10-30 17:17:41');
INSERT INTO `edu_video` VALUES ('1189476403626409986', '18', '1181729226915577857', '22', '5155c73dc112475cbbddccf4723f7cef', '视频.mp4', 0, 0, 0, 0, 'Empty', 0, 1, '2019-10-30 17:37:29', '2019-10-30 17:37:29');
INSERT INTO `edu_video` VALUES ('1192252824606289921', '1192252213659774977', '1192252428399751169', '第一课时', '756cf06db9cb4f30be85a9758b19c645', 'eae2b847ef8503b81f5d5593d769dde2.mp4', 0, 0, 0, 0, 'Empty', 0, 1, '2019-11-07 09:29:59', '2019-11-07 09:29:59');
INSERT INTO `edu_video` VALUES ('1192628092797730818', '1192252213659774977', '1192252428399751169', '第二课时', '2a02d726622f4c7089d44cb993c531e1', 'eae2b847ef8503b81f5d5593d769dde2.mp4', 0, 0, 1, 0, 'Empty', 0, 1, '2019-11-08 10:21:10', '2019-11-08 10:21:22');
INSERT INTO `edu_video` VALUES ('1192632495013380097', '1192252213659774977', '1192252428399751169', '第三课时', '4e560c892fdf4fa2b42e0671aa42fa9d', 'eae2b847ef8503b81f5d5593d769dde2.mp4', 0, 0, 1, 0, 'Empty', 0, 1, '2019-11-08 10:38:40', '2019-11-08 10:38:40');
INSERT INTO `edu_video` VALUES ('1194117638832111617', '1192252213659774977', '1192252428399751169', '第四课时', '4e560c892fdf4fa2b42e0671aa42fa9d', 'eae2b847ef8503b81f5d5593d769dde2.mp4', 0, 0, 0, 0, 'Empty', 0, 1, '2019-11-12 13:00:05', '2019-11-12 13:00:05');
INSERT INTO `edu_video` VALUES ('1196263770832023554', '1192252213659774977', '1192252428399751169', '第五课时', '27d21158b0834cb5a8d50710937de330', 'eae2b847ef8503b81f5d5593d769dde2.mp4', 5, 0, 0, 0, 'Empty', 0, 1, '2019-11-18 11:08:03', '2019-11-18 11:08:03');
INSERT INTO `edu_video` VALUES ('1330385042484031489', '1330384731350560769', '1330384994509582337', '辛亥革命', '', '', 0, 0, 0, 0, 'Empty', 0, 1, '2020-11-22 13:38:06', '2020-11-22 13:38:06');
INSERT INTO `edu_video` VALUES ('1330385175552520194', '1330384731350560769', '1330385122544906241', '血战台儿庄', '', '', 0, 0, 0, 0, 'Empty', 0, 1, '2020-11-22 13:38:38', '2020-11-22 13:38:38');
INSERT INTO `edu_video` VALUES ('17', '18', '15', '第一节：Java简介', '196116a6fee742e1ba9f6c18f65bd8c1', '1', 1, 1000, 1, 100, 'Draft', 0, 1, '2019-01-01 13:08:57', '2019-10-11 11:26:39');
INSERT INTO `edu_video` VALUES ('18', '18', '15', '第二节：表达式和赋值语句', '2d99b08ca0214909899910c9ba042d47', '7 - How Do I Find Time for My ', 2, 999, 1, 100, 'Draft', 0, 1, '2019-01-01 13:09:02', '2019-03-08 03:30:27');
INSERT INTO `edu_video` VALUES ('19', '18', '15', '第三节：String类', '51120d59ddfd424cb5ab08b44fc8b23a', 'eae2b847ef8503b81f5d5593d769dde2.mp4', 3, 888, 0, 100, 'Draft', 0, 1, '2019-01-01 13:09:05', '2019-11-12 12:50:45');
INSERT INTO `edu_video` VALUES ('20', '18', '15', '第四节：程序风格', '2a38988892d84df598752226c50f3fa3', '00-day10总结.avi', 4, 666, 0, 100, 'Draft', 0, 1, '2019-01-01 13:09:05', '2019-10-11 09:20:09');

-- ----------------------------
-- Table structure for statistics_daily
-- ----------------------------
DROP TABLE IF EXISTS `statistics_daily`;
CREATE TABLE `statistics_daily`  (
  `id` char(19) CHARACTER SET utf8 COLLATE utf8_general_ci NOT NULL COMMENT '主键',
  `date_calculated` varchar(20) CHARACTER SET utf8 COLLATE utf8_general_ci NOT NULL COMMENT '统计日期',
  `register_num` int(11) NOT NULL DEFAULT 0 COMMENT '注册人数',
  `login_num` int(11) NOT NULL DEFAULT 0 COMMENT '登录人数',
  `video_view_num` int(11) NOT NULL DEFAULT 0 COMMENT '每日播放视频数',
  `course_num` int(11) NOT NULL DEFAULT 0 COMMENT '每日新增课程数',
  `gmt_create` datetime(0) NOT NULL COMMENT '创建时间',
  `gmt_modified` datetime(0) NOT NULL COMMENT '更新时间',
  PRIMARY KEY (`id`) USING BTREE,
  INDEX `statistics_day`(`date_calculated`) USING BTREE
) ENGINE = InnoDB CHARACTER SET = utf8 COLLATE = utf8_general_ci COMMENT = '网站统计日数据' ROW_FORMAT = Dynamic;

-- ----------------------------
-- Records of statistics_daily
-- ----------------------------
INSERT INTO `statistics_daily` VALUES ('1078490017163833345', '2018-12-28', 0, 0, 154, 170, '2018-12-28 11:17:12', '2019-09-09 12:12:12');
INSERT INTO `statistics_daily` VALUES ('1087142127818768386', '2019-01-02', 2, 0, 167, 177, '2019-01-21 08:17:36', '2019-09-09 12:12:12');
INSERT INTO `statistics_daily` VALUES ('1087198321809457153', '2019-01-01', 1, 0, 130, 189, '2019-01-21 12:00:54', '2019-09-09 12:12:12');
INSERT INTO `statistics_daily` VALUES ('1087198383973236738', '2019-01-03', 0, 0, 114, 130, '2019-01-21 12:01:09', '2019-09-09 12:12:12');
INSERT INTO `statistics_daily` VALUES ('1087451681764982785', '2019-01-04', 0, 0, 118, 155, '2019-01-22 04:47:39', '2019-09-09 12:12:12');
INSERT INTO `statistics_daily` VALUES ('1087455336471785473', '2019-01-05', 0, 0, 184, 186, '2019-01-22 05:02:11', '2019-09-09 12:12:12');
INSERT INTO `statistics_daily` VALUES ('1105339962460491777', '2019-03-01', 0, 143, 168, 136, '2019-03-12 13:29:18', '2019-03-12 13:29:18');
INSERT INTO `statistics_daily` VALUES ('1105339977027309569', '2019-03-02', 0, 165, 171, 158, '2019-03-12 13:29:21', '2019-03-12 13:29:21');
INSERT INTO `statistics_daily` VALUES ('1105339990738489346', '2019-03-03', 0, 143, 147, 194, '2019-03-12 13:29:25', '2019-03-12 13:29:25');
INSERT INTO `statistics_daily` VALUES ('1105340000544772098', '2019-03-04', 0, 155, 106, 153, '2019-03-12 13:29:27', '2019-03-12 13:29:27');
INSERT INTO `statistics_daily` VALUES ('1105340011244441602', '2019-03-05', 0, 186, 102, 155, '2019-03-12 13:29:30', '2019-03-12 13:29:30');
INSERT INTO `statistics_daily` VALUES ('1105340020929089538', '2019-03-06', 0, 140, 192, 129, '2019-03-12 13:29:32', '2019-03-12 13:29:32');
INSERT INTO `statistics_daily` VALUES ('1105340029800042497', '2019-03-07', 0, 186, 139, 116, '2019-03-12 13:29:34', '2019-03-12 13:29:34');
INSERT INTO `statistics_daily` VALUES ('1105340038696161282', '2019-03-08', 0, 120, 166, 112, '2019-03-12 13:29:36', '2019-03-12 13:29:36');
INSERT INTO `statistics_daily` VALUES ('1105340049441968129', '2019-03-09', 0, 182, 147, 119, '2019-03-12 13:29:39', '2019-03-12 13:29:39');
INSERT INTO `statistics_daily` VALUES ('1105340059738984449', '2019-03-10', 0, 199, 141, 103, '2019-03-12 13:29:41', '2019-03-12 13:29:41');
INSERT INTO `statistics_daily` VALUES ('1105340070438653953', '2019-03-11', 0, 127, 137, 156, '2019-03-12 13:29:44', '2019-03-12 13:29:44');
INSERT INTO `statistics_daily` VALUES ('1105340080307851266', '2019-03-12', 0, 167, 123, 132, '2019-03-12 13:29:46', '2019-03-12 13:29:46');
INSERT INTO `statistics_daily` VALUES ('1105340090047025153', '2019-03-13', 0, 106, 132, 103, '2019-03-12 13:29:48', '2019-03-12 13:29:48');
INSERT INTO `statistics_daily` VALUES ('1105340100075606017', '2019-03-14', 0, 166, 180, 118, '2019-03-12 13:29:51', '2019-03-12 13:29:51');
INSERT INTO `statistics_daily` VALUES ('1105340110511034370', '2019-03-15', 0, 114, 151, 185, '2019-03-12 13:29:53', '2019-03-12 13:29:53');
INSERT INTO `statistics_daily` VALUES ('1105340121412030466', '2019-03-16', 0, 134, 105, 126, '2019-03-12 13:29:56', '2019-03-12 13:29:56');
INSERT INTO `statistics_daily` VALUES ('1105340132833120258', '2019-03-17', 0, 169, 106, 131, '2019-03-12 13:29:59', '2019-03-12 13:29:59');
INSERT INTO `statistics_daily` VALUES ('1105340145659301890', '2019-03-18', 0, 120, 106, 163, '2019-03-12 13:30:02', '2019-03-12 13:30:02');
INSERT INTO `statistics_daily` VALUES ('1105340153578147842', '2019-03-19', 0, 146, 155, 153, '2019-03-12 13:30:03', '2019-03-12 13:30:03');
INSERT INTO `statistics_daily` VALUES ('1105340162436517890', '2019-03-20', 0, 127, 181, 186, '2019-03-12 13:30:06', '2019-03-12 13:30:06');
INSERT INTO `statistics_daily` VALUES ('1105340171517186050', '2019-03-21', 0, 106, 134, 145, '2019-03-12 13:30:08', '2019-03-12 13:30:08');
INSERT INTO `statistics_daily` VALUES ('1105340181034061825', '2019-03-22', 0, 161, 182, 143, '2019-03-12 13:30:10', '2019-03-12 13:30:10');
INSERT INTO `statistics_daily` VALUES ('1105340190072786946', '2019-03-23', 0, 183, 101, 182, '2019-03-12 13:30:12', '2019-03-12 13:30:12');
INSERT INTO `statistics_daily` VALUES ('1105340199426084865', '2019-03-24', 0, 117, 100, 102, '2019-03-12 13:30:14', '2019-03-12 13:30:14');
INSERT INTO `statistics_daily` VALUES ('1105340209261727745', '2019-03-25', 0, 116, 103, 160, '2019-03-12 13:30:17', '2019-03-12 13:30:17');
INSERT INTO `statistics_daily` VALUES ('1105340217935548418', '2019-03-26', 0, 101, 119, 150, '2019-03-12 13:30:19', '2019-03-12 13:30:19');
INSERT INTO `statistics_daily` VALUES ('1105340225967640577', '2019-03-27', 0, 129, 141, 181, '2019-03-12 13:30:21', '2019-03-12 13:30:21');
INSERT INTO `statistics_daily` VALUES ('1105340234075230209', '2019-03-28', 0, 113, 179, 158, '2019-03-12 13:30:23', '2019-03-12 13:30:23');
INSERT INTO `statistics_daily` VALUES ('1105340242837131265', '2019-03-29', 0, 117, 131, 101, '2019-03-12 13:30:25', '2019-03-12 13:30:25');
INSERT INTO `statistics_daily` VALUES ('1105340252395950082', '2019-03-30', 0, 153, 187, 174, '2019-03-12 13:30:27', '2019-03-12 13:30:27');
INSERT INTO `statistics_daily` VALUES ('1105340261958963201', '2019-03-31', 0, 179, 135, 199, '2019-03-12 13:30:29', '2019-03-12 13:30:29');
INSERT INTO `statistics_daily` VALUES ('1105372743634898945', '2019-01-06', 0, 113, 143, 148, '2019-03-12 15:39:34', '2019-03-12 15:39:34');
INSERT INTO `statistics_daily` VALUES ('1105372754380705793', '2019-01-07', 0, 173, 158, 153, '2019-03-12 15:39:36', '2019-03-12 15:39:36');
INSERT INTO `statistics_daily` VALUES ('1105372762526044162', '2019-01-08', 0, 135, 199, 131, '2019-03-12 15:39:38', '2019-03-12 15:39:38');
INSERT INTO `statistics_daily` VALUES ('1105372771229224961', '2019-01-09', 0, 161, 107, 162, '2019-03-12 15:39:40', '2019-03-12 15:39:40');
INSERT INTO `statistics_daily` VALUES ('1105372780922261505', '2019-01-10', 0, 182, 196, 135, '2019-03-12 15:39:42', '2019-03-12 15:39:42');
INSERT INTO `statistics_daily` VALUES ('1105372790103592961', '2019-01-11', 0, 123, 194, 102, '2019-03-12 15:39:45', '2019-03-12 15:39:45');
INSERT INTO `statistics_daily` VALUES ('1105372798626418689', '2019-01-12', 0, 185, 106, 180, '2019-03-12 15:39:47', '2019-03-12 15:39:47');
INSERT INTO `statistics_daily` VALUES ('1165', '2018-01-01', 583, 26, 236, 14, '2018-01-25 06:38:19', '2019-09-09 12:12:12');
INSERT INTO `statistics_daily` VALUES ('1166', '2018-01-02', 583, 26, 236, 14, '2018-01-25 06:38:19', '2019-09-09 12:12:12');
INSERT INTO `statistics_daily` VALUES ('1167', '2018-01-03', 584, 26, 236, 14, '2018-01-25 06:38:19', '2019-09-09 12:12:12');
INSERT INTO `statistics_daily` VALUES ('1168', '2018-01-04', 584, 26, 237, 14, '2018-01-25 06:38:19', '2019-09-09 12:12:12');
INSERT INTO `statistics_daily` VALUES ('1169', '2018-01-05', 585, 26, 237, 14, '2018-01-25 06:38:19', '2019-09-09 12:12:12');
INSERT INTO `statistics_daily` VALUES ('1170', '2018-01-06', 585, 26, 237, 14, '2018-01-25 06:38:19', '2019-09-09 12:12:12');
INSERT INTO `statistics_daily` VALUES ('1171', '2018-01-07', 586, 26, 237, 14, '2018-01-25 06:38:19', '2019-09-09 12:12:12');
INSERT INTO `statistics_daily` VALUES ('1172', '2018-01-08', 586, 26, 237, 14, '2018-01-25 06:38:19', '2019-09-09 12:12:12');
INSERT INTO `statistics_daily` VALUES ('1173', '2018-01-09', 587, 26, 238, 14, '2018-01-25 06:38:19', '2019-09-09 12:12:12');
INSERT INTO `statistics_daily` VALUES ('1174', '2018-01-10', 587, 26, 238, 14, '2018-01-25 06:38:19', '2019-09-09 12:12:12');
INSERT INTO `statistics_daily` VALUES ('1175', '2018-01-11', 588, 27, 238, 14, '2018-01-25 06:38:19', '2019-09-09 12:12:12');
INSERT INTO `statistics_daily` VALUES ('1176', '2018-01-12', 588, 27, 238, 14, '2018-01-25 06:38:19', '2019-09-09 12:12:12');
INSERT INTO `statistics_daily` VALUES ('1177', '2018-01-13', 589, 27, 238, 14, '2018-01-25 06:38:19', '2019-09-09 12:12:12');
INSERT INTO `statistics_daily` VALUES ('1178', '2018-01-14', 589, 27, 239, 14, '2018-01-25 06:38:19', '2019-09-09 12:12:12');
INSERT INTO `statistics_daily` VALUES ('1179', '2018-01-15', 590, 27, 239, 14, '2018-01-25 06:38:19', '2019-09-09 12:12:12');
INSERT INTO `statistics_daily` VALUES ('1180', '2018-01-16', 590, 27, 239, 14, '2018-01-25 06:38:19', '2019-09-09 12:12:12');
INSERT INTO `statistics_daily` VALUES ('1181', '2018-01-17', 591, 27, 239, 14, '2018-01-25 06:38:19', '2019-09-09 12:12:12');
INSERT INTO `statistics_daily` VALUES ('1182', '2018-01-18', 591, 27, 239, 14, '2018-01-25 06:38:19', '2019-09-09 12:12:12');
INSERT INTO `statistics_daily` VALUES ('1183', '2018-01-19', 592, 27, 240, 14, '2018-01-25 06:38:19', '2019-09-09 12:12:12');
INSERT INTO `statistics_daily` VALUES ('1183991737299263490', '2019-10-01', 0, 145, 149, 153, '2019-10-15 14:23:22', '2019-10-15 14:23:22');
INSERT INTO `statistics_daily` VALUES ('1183999299272904705', '2019-10-03', 0, 125, 102, 153, '2019-10-15 14:53:25', '2019-10-15 14:53:25');
INSERT INTO `statistics_daily` VALUES ('1183999309477646338', '2019-10-04', 0, 103, 194, 161, '2019-10-15 14:53:28', '2019-10-15 14:53:28');
INSERT INTO `statistics_daily` VALUES ('1183999318919024642', '2019-10-05', 0, 173, 174, 147, '2019-10-15 14:53:30', '2019-10-15 14:53:30');
INSERT INTO `statistics_daily` VALUES ('1183999331409661954', '2019-10-06', 0, 129, 197, 173, '2019-10-15 14:53:33', '2019-10-15 14:53:33');
INSERT INTO `statistics_daily` VALUES ('1183999342897860610', '2019-10-07', 0, 184, 125, 169, '2019-10-15 14:53:36', '2019-10-15 14:53:36');
INSERT INTO `statistics_daily` VALUES ('1183999351588458498', '2019-10-08', 0, 173, 143, 138, '2019-10-15 14:53:38', '2019-10-15 14:53:38');
INSERT INTO `statistics_daily` VALUES ('1183999360316805122', '2019-10-09', 0, 161, 158, 117, '2019-10-15 14:53:40', '2019-10-15 14:53:40');
INSERT INTO `statistics_daily` VALUES ('1183999367480676353', '2019-10-10', 0, 190, 166, 135, '2019-10-15 14:53:42', '2019-10-15 14:53:42');
INSERT INTO `statistics_daily` VALUES ('1184', '2018-01-20', 592, 27, 240, 14, '2018-01-25 06:38:19', '2019-09-09 12:12:12');
INSERT INTO `statistics_daily` VALUES ('1184030117693284353', '2019-10-11', 0, 182, 199, 193, '2019-10-15 16:55:53', '2019-10-15 16:55:53');
INSERT INTO `statistics_daily` VALUES ('1185', '2018-01-21', 593, 27, 240, 14, '2018-01-25 06:38:19', '2019-09-09 12:12:12');
INSERT INTO `statistics_daily` VALUES ('1185373213064482818', '2019-01-19', 6, 135, 126, 167, '2019-10-19 09:52:52', '2019-10-19 09:52:52');
INSERT INTO `statistics_daily` VALUES ('1186', '2018-01-22', 593, 27, 240, 14, '2018-01-25 06:38:19', '2019-09-09 12:12:12');
INSERT INTO `statistics_daily` VALUES ('1186536619937435650', '2019-10-02', 0, 187, 183, 108, '2019-10-22 14:55:50', '2019-10-22 14:55:50');
INSERT INTO `statistics_daily` VALUES ('1187', '2018-01-23', 594, 27, 240, 14, '2018-01-25 06:38:19', '2019-09-09 12:12:12');
INSERT INTO `statistics_daily` VALUES ('1188', '2018-01-24', 594, 27, 241, 14, '2018-01-25 06:38:19', '2019-09-09 12:12:12');
INSERT INTO `statistics_daily` VALUES ('1189', '2018-01-25', 595, 27, 241, 14, '2018-01-25 06:38:19', '2019-09-09 12:12:12');
INSERT INTO `statistics_daily` VALUES ('1190', '2018-01-26', 595, 27, 241, 14, '2018-01-25 06:38:19', '2019-09-09 12:12:12');
INSERT INTO `statistics_daily` VALUES ('1191', '2018-01-27', 596, 27, 241, 14, '2018-01-25 06:38:19', '2019-09-09 12:12:12');
INSERT INTO `statistics_daily` VALUES ('1192', '2018-01-28', 596, 27, 241, 14, '2018-01-25 06:38:19', '2019-09-09 12:12:12');
INSERT INTO `statistics_daily` VALUES ('1192253597226455042', '2019-11-01', 0, 129, 122, 167, '2019-11-07 09:33:03', '2019-11-07 09:33:03');
INSERT INTO `statistics_daily` VALUES ('1192253902756335617', '2019-11-02', 0, 170, 192, 192, '2019-11-07 09:34:16', '2019-11-07 09:34:16');
INSERT INTO `statistics_daily` VALUES ('1193', '2018-01-29', 597, 27, 242, 14, '2018-01-25 06:38:19', '2019-09-09 12:12:12');
INSERT INTO `statistics_daily` VALUES ('1194', '2018-01-30', 597, 27, 242, 14, '2018-01-25 06:38:19', '2019-09-09 12:12:12');
INSERT INTO `statistics_daily` VALUES ('1194060032935493633', '2019-11-11', 0, 121, 121, 122, '2019-11-12 09:11:11', '2019-11-12 09:11:11');
INSERT INTO `statistics_daily` VALUES ('1194060301425475585', '2019-11-10', 0, 155, 187, 140, '2019-11-12 09:12:15', '2019-11-12 09:12:15');
INSERT INTO `statistics_daily` VALUES ('1195', '2018-01-31', 598, 27, 242, 14, '2018-01-25 06:38:19', '2019-09-09 12:12:12');
INSERT INTO `statistics_daily` VALUES ('1196', '2018-02-01', 598, 27, 242, 14, '2018-01-25 06:38:19', '2019-09-09 12:12:12');
INSERT INTO `statistics_daily` VALUES ('1197', '2018-02-02', 599, 27, 242, 14, '2018-01-25 06:38:19', '2019-09-09 12:12:12');
INSERT INTO `statistics_daily` VALUES ('1198', '2018-02-03', 599, 27, 243, 14, '2018-01-25 06:38:19', '2019-09-09 12:12:12');
INSERT INTO `statistics_daily` VALUES ('1199', '2018-02-04', 600, 27, 243, 14, '2018-01-25 06:38:19', '2019-09-09 12:12:12');
INSERT INTO `statistics_daily` VALUES ('1200', '2018-02-05', 600, 27, 243, 14, '2018-01-25 06:38:19', '2019-09-09 12:12:12');
INSERT INTO `statistics_daily` VALUES ('1201', '2018-02-06', 601, 27, 243, 14, '2018-01-25 06:38:19', '2019-09-09 12:12:12');
INSERT INTO `statistics_daily` VALUES ('1202', '2018-02-07', 601, 27, 243, 14, '2018-01-25 06:38:19', '2019-09-09 12:12:12');
INSERT INTO `statistics_daily` VALUES ('1203', '2018-02-08', 602, 27, 244, 14, '2018-01-25 06:38:19', '2019-09-09 12:12:12');
INSERT INTO `statistics_daily` VALUES ('1204', '2018-02-09', 602, 27, 244, 14, '2018-01-25 06:38:19', '2019-09-09 12:12:12');
INSERT INTO `statistics_daily` VALUES ('1205', '2018-02-10', 603, 27, 244, 14, '2018-01-25 06:38:19', '2019-09-09 12:12:12');
INSERT INTO `statistics_daily` VALUES ('1206', '2018-02-11', 603, 27, 244, 14, '2018-01-25 06:38:19', '2019-09-09 12:12:12');
INSERT INTO `statistics_daily` VALUES ('1207', '2018-02-12', 604, 27, 244, 14, '2018-01-25 06:38:19', '2019-09-09 12:12:12');
INSERT INTO `statistics_daily` VALUES ('1208', '2018-02-13', 604, 27, 245, 14, '2018-01-25 06:38:19', '2019-09-09 12:12:12');
INSERT INTO `statistics_daily` VALUES ('1209', '2018-02-14', 605, 27, 245, 14, '2018-01-25 06:38:19', '2019-09-09 12:12:12');
INSERT INTO `statistics_daily` VALUES ('1210', '2018-02-15', 605, 27, 245, 14, '2018-01-25 06:38:19', '2019-09-09 12:12:12');
INSERT INTO `statistics_daily` VALUES ('1211', '2018-02-16', 606, 27, 245, 14, '2018-01-25 06:38:19', '2019-09-09 12:12:12');
INSERT INTO `statistics_daily` VALUES ('1212', '2018-02-17', 606, 27, 245, 14, '2018-01-25 06:38:19', '2019-09-09 12:12:12');
INSERT INTO `statistics_daily` VALUES ('1213', '2018-02-18', 607, 27, 246, 14, '2018-01-25 06:38:19', '2019-09-09 12:12:12');
INSERT INTO `statistics_daily` VALUES ('1214', '2018-02-19', 607, 27, 246, 14, '2018-01-25 06:38:19', '2019-09-09 12:12:12');
INSERT INTO `statistics_daily` VALUES ('1215', '2018-02-20', 608, 27, 246, 14, '2018-01-25 06:38:19', '2019-09-09 12:12:12');
INSERT INTO `statistics_daily` VALUES ('1216', '2018-02-21', 608, 27, 246, 14, '2018-01-25 06:38:19', '2019-09-09 12:12:12');
INSERT INTO `statistics_daily` VALUES ('1217', '2018-02-22', 609, 27, 246, 14, '2018-01-25 06:38:19', '2019-09-09 12:12:12');
INSERT INTO `statistics_daily` VALUES ('1218', '2018-02-23', 609, 27, 247, 14, '2018-01-25 06:38:19', '2019-09-09 12:12:12');
INSERT INTO `statistics_daily` VALUES ('1219', '2018-02-24', 610, 27, 247, 14, '2018-01-25 06:38:19', '2019-09-09 12:12:12');
INSERT INTO `statistics_daily` VALUES ('1220', '2018-02-25', 610, 27, 247, 14, '2018-01-25 06:38:19', '2019-09-09 12:12:12');
INSERT INTO `statistics_daily` VALUES ('1221', '2018-02-26', 611, 27, 247, 14, '2018-01-25 06:38:19', '2019-09-09 12:12:12');
INSERT INTO `statistics_daily` VALUES ('1222', '2018-02-27', 611, 27, 247, 14, '2018-01-25 06:38:19', '2019-09-09 12:12:12');
INSERT INTO `statistics_daily` VALUES ('1223', '2018-02-28', 612, 27, 248, 14, '2018-01-25 06:38:19', '2019-09-09 12:12:12');
INSERT INTO `statistics_daily` VALUES ('1224', '2018-03-01', 612, 27, 248, 14, '2018-01-25 06:38:19', '2019-09-09 12:12:12');
INSERT INTO `statistics_daily` VALUES ('1225', '2018-03-02', 613, 28, 248, 14, '2018-01-25 06:38:19', '2019-09-09 12:12:12');
INSERT INTO `statistics_daily` VALUES ('1226', '2018-03-03', 613, 28, 248, 14, '2018-01-25 06:38:19', '2019-09-09 12:12:12');
INSERT INTO `statistics_daily` VALUES ('1227', '2018-03-04', 614, 28, 248, 14, '2018-01-25 06:38:19', '2019-09-09 12:12:12');
INSERT INTO `statistics_daily` VALUES ('1228', '2018-03-05', 614, 28, 249, 14, '2018-01-25 06:38:19', '2019-09-09 12:12:12');
INSERT INTO `statistics_daily` VALUES ('1229', '2018-03-06', 615, 28, 249, 14, '2018-01-25 06:38:19', '2019-09-09 12:12:12');
INSERT INTO `statistics_daily` VALUES ('1230', '2018-03-07', 615, 28, 249, 14, '2018-01-25 06:38:19', '2019-09-09 12:12:12');
INSERT INTO `statistics_daily` VALUES ('1231', '2018-03-08', 616, 28, 249, 14, '2018-01-25 06:38:19', '2019-09-09 12:12:12');
INSERT INTO `statistics_daily` VALUES ('1232', '2018-03-09', 616, 28, 249, 14, '2018-01-25 06:38:19', '2019-09-09 12:12:12');
INSERT INTO `statistics_daily` VALUES ('1233', '2018-03-10', 617, 28, 250, 14, '2018-01-25 06:38:19', '2019-09-09 12:12:12');
INSERT INTO `statistics_daily` VALUES ('1234', '2018-03-11', 617, 28, 250, 14, '2018-01-25 06:38:19', '2019-09-09 12:12:12');
INSERT INTO `statistics_daily` VALUES ('1235', '2018-03-12', 618, 28, 250, 14, '2018-01-25 06:38:19', '2019-09-09 12:12:12');
INSERT INTO `statistics_daily` VALUES ('1236', '2018-03-13', 618, 28, 250, 14, '2018-01-25 06:38:19', '2019-09-09 12:12:12');
INSERT INTO `statistics_daily` VALUES ('1237', '2018-03-14', 619, 28, 250, 14, '2018-01-25 06:38:19', '2019-09-09 12:12:12');
INSERT INTO `statistics_daily` VALUES ('1238', '2018-03-15', 619, 28, 251, 14, '2018-01-25 06:38:19', '2019-09-09 12:12:12');
INSERT INTO `statistics_daily` VALUES ('1239', '2018-03-16', 620, 28, 251, 14, '2018-01-25 06:38:19', '2019-09-09 12:12:12');
INSERT INTO `statistics_daily` VALUES ('1240', '2018-03-17', 620, 28, 251, 14, '2018-01-25 06:38:19', '2019-09-09 12:12:12');
INSERT INTO `statistics_daily` VALUES ('1241', '2018-03-18', 621, 28, 251, 14, '2018-01-25 06:38:19', '2019-09-09 12:12:12');
INSERT INTO `statistics_daily` VALUES ('1242', '2018-03-19', 621, 28, 251, 14, '2018-01-25 06:38:19', '2019-09-09 12:12:12');
INSERT INTO `statistics_daily` VALUES ('1243', '2018-03-20', 622, 28, 252, 14, '2018-01-25 06:38:19', '2019-09-09 12:12:12');
INSERT INTO `statistics_daily` VALUES ('1244', '2018-03-21', 622, 28, 252, 14, '2018-01-25 06:38:19', '2019-09-09 12:12:12');
INSERT INTO `statistics_daily` VALUES ('1245', '2018-03-22', 623, 28, 252, 14, '2018-01-25 06:38:19', '2019-09-09 12:12:12');
INSERT INTO `statistics_daily` VALUES ('1246', '2018-03-23', 623, 28, 252, 14, '2018-01-25 06:38:19', '2019-09-09 12:12:12');
INSERT INTO `statistics_daily` VALUES ('1247', '2018-03-24', 624, 28, 252, 14, '2018-01-25 06:38:19', '2019-09-09 12:12:12');
INSERT INTO `statistics_daily` VALUES ('1248', '2018-03-25', 624, 28, 253, 14, '2018-01-25 06:38:19', '2019-09-09 12:12:12');
INSERT INTO `statistics_daily` VALUES ('1249', '2018-03-26', 625, 28, 253, 14, '2018-01-25 06:38:19', '2019-09-09 12:12:12');
INSERT INTO `statistics_daily` VALUES ('1250', '2018-03-27', 625, 28, 253, 14, '2018-01-25 06:38:19', '2019-09-09 12:12:12');
INSERT INTO `statistics_daily` VALUES ('1251', '2018-03-28', 626, 28, 253, 14, '2018-01-25 06:38:19', '2019-09-09 12:12:12');
INSERT INTO `statistics_daily` VALUES ('1252', '2018-03-29', 626, 28, 253, 14, '2018-01-25 06:38:19', '2019-09-09 12:12:12');
INSERT INTO `statistics_daily` VALUES ('1253', '2018-03-30', 627, 28, 254, 14, '2018-01-25 06:38:19', '2019-09-09 12:12:12');
INSERT INTO `statistics_daily` VALUES ('1254', '2018-03-31', 627, 28, 254, 14, '2018-01-25 06:38:19', '2019-09-09 12:12:12');
INSERT INTO `statistics_daily` VALUES ('1255', '2018-04-01', 628, 28, 254, 14, '2018-01-25 06:38:19', '2019-09-09 12:12:12');
INSERT INTO `statistics_daily` VALUES ('1256', '2018-04-02', 628, 28, 254, 14, '2018-01-25 06:38:19', '2019-09-09 12:12:12');
INSERT INTO `statistics_daily` VALUES ('1257', '2018-04-03', 629, 28, 254, 14, '2018-01-25 06:38:19', '2019-09-09 12:12:12');
INSERT INTO `statistics_daily` VALUES ('1258', '2018-04-04', 629, 28, 255, 14, '2018-01-25 06:38:19', '2019-09-09 12:12:12');
INSERT INTO `statistics_daily` VALUES ('1259', '2018-04-05', 630, 28, 255, 14, '2018-01-25 06:38:19', '2019-09-09 12:12:12');
INSERT INTO `statistics_daily` VALUES ('1260', '2018-04-06', 630, 28, 255, 14, '2018-01-25 06:38:19', '2019-09-09 12:12:12');
INSERT INTO `statistics_daily` VALUES ('1261', '2018-04-07', 631, 28, 255, 14, '2018-01-25 06:38:19', '2019-09-09 12:12:12');
INSERT INTO `statistics_daily` VALUES ('1262', '2018-04-08', 631, 28, 255, 14, '2018-01-25 06:38:19', '2019-09-09 12:12:12');
INSERT INTO `statistics_daily` VALUES ('1263', '2018-04-09', 632, 28, 256, 14, '2018-01-25 06:38:19', '2019-09-09 12:12:12');
INSERT INTO `statistics_daily` VALUES ('1264', '2018-04-10', 632, 28, 256, 14, '2018-01-25 06:38:19', '2019-09-09 12:12:12');
INSERT INTO `statistics_daily` VALUES ('1265', '2018-04-11', 633, 28, 256, 14, '2018-01-25 06:38:19', '2019-09-09 12:12:12');
INSERT INTO `statistics_daily` VALUES ('1266', '2018-04-12', 633, 28, 256, 14, '2018-01-25 06:38:19', '2019-09-09 12:12:12');
INSERT INTO `statistics_daily` VALUES ('1267', '2018-04-13', 634, 28, 256, 14, '2018-01-25 06:38:19', '2019-09-09 12:12:12');
INSERT INTO `statistics_daily` VALUES ('1268', '2018-04-14', 634, 28, 257, 14, '2018-01-25 06:38:19', '2019-09-09 12:12:12');
INSERT INTO `statistics_daily` VALUES ('1269', '2018-04-15', 635, 28, 257, 14, '2018-01-25 06:38:19', '2019-09-09 12:12:12');
INSERT INTO `statistics_daily` VALUES ('1270', '2018-04-16', 635, 28, 257, 14, '2018-01-25 06:38:19', '2019-09-09 12:12:12');
INSERT INTO `statistics_daily` VALUES ('1271', '2018-04-17', 636, 28, 257, 14, '2018-01-25 06:38:19', '2019-09-09 12:12:12');
INSERT INTO `statistics_daily` VALUES ('1272', '2018-04-18', 636, 28, 257, 14, '2018-01-25 06:38:19', '2019-09-09 12:12:12');
INSERT INTO `statistics_daily` VALUES ('1273', '2018-04-19', 637, 28, 258, 14, '2018-01-25 06:38:19', '2019-09-09 12:12:12');
INSERT INTO `statistics_daily` VALUES ('1274', '2018-04-20', 637, 28, 258, 14, '2018-01-25 06:38:19', '2019-09-09 12:12:12');
INSERT INTO `statistics_daily` VALUES ('1275', '2018-04-21', 638, 29, 258, 14, '2018-01-25 06:38:19', '2019-09-09 12:12:12');
INSERT INTO `statistics_daily` VALUES ('1276', '2018-04-22', 638, 29, 258, 14, '2018-01-25 06:38:19', '2019-09-09 12:12:12');
INSERT INTO `statistics_daily` VALUES ('1277', '2018-04-23', 639, 29, 258, 14, '2018-01-25 06:38:19', '2019-09-09 12:12:12');
INSERT INTO `statistics_daily` VALUES ('1278', '2018-04-24', 639, 29, 259, 14, '2018-01-25 06:38:19', '2019-09-09 12:12:12');
INSERT INTO `statistics_daily` VALUES ('1279', '2018-04-25', 640, 29, 259, 14, '2018-01-25 06:38:19', '2019-09-09 12:12:12');
INSERT INTO `statistics_daily` VALUES ('1280', '2018-04-26', 640, 29, 259, 14, '2018-01-25 06:38:19', '2019-09-09 12:12:12');
INSERT INTO `statistics_daily` VALUES ('1281', '2018-04-27', 641, 29, 259, 14, '2018-01-25 06:38:19', '2019-09-09 12:12:12');
INSERT INTO `statistics_daily` VALUES ('1282', '2018-04-28', 641, 29, 259, 14, '2018-01-25 06:38:19', '2019-09-09 12:12:12');
INSERT INTO `statistics_daily` VALUES ('1283', '2018-04-29', 642, 29, 260, 14, '2018-01-25 06:38:19', '2019-09-09 12:12:12');
INSERT INTO `statistics_daily` VALUES ('1284', '2018-04-30', 642, 29, 260, 14, '2018-01-25 06:38:19', '2019-09-09 12:12:12');
INSERT INTO `statistics_daily` VALUES ('1285', '2018-05-01', 643, 29, 260, 14, '2018-01-25 06:38:19', '2019-09-09 12:12:12');
INSERT INTO `statistics_daily` VALUES ('1286', '2018-05-02', 643, 29, 260, 14, '2018-01-25 06:38:19', '2019-09-09 12:12:12');
INSERT INTO `statistics_daily` VALUES ('1287', '2018-05-03', 644, 29, 260, 14, '2018-01-25 06:38:19', '2019-09-09 12:12:12');
INSERT INTO `statistics_daily` VALUES ('1288', '2018-05-04', 644, 29, 261, 14, '2018-01-25 06:38:19', '2019-09-09 12:12:12');
INSERT INTO `statistics_daily` VALUES ('1289', '2018-05-05', 645, 29, 261, 14, '2018-01-25 06:38:19', '2019-09-09 12:12:12');
INSERT INTO `statistics_daily` VALUES ('1290', '2018-05-06', 645, 29, 261, 14, '2018-01-25 06:38:19', '2019-09-09 12:12:12');
INSERT INTO `statistics_daily` VALUES ('1291', '2018-05-07', 646, 29, 261, 14, '2018-01-25 06:38:19', '2019-09-09 12:12:12');
INSERT INTO `statistics_daily` VALUES ('1292', '2018-05-08', 646, 29, 261, 14, '2018-01-25 06:38:19', '2019-09-09 12:12:12');
INSERT INTO `statistics_daily` VALUES ('1293', '2018-05-09', 647, 29, 262, 14, '2018-01-25 06:38:19', '2019-09-09 12:12:12');
INSERT INTO `statistics_daily` VALUES ('1294', '2018-05-10', 647, 29, 262, 14, '2018-01-25 06:38:19', '2019-09-09 12:12:12');
INSERT INTO `statistics_daily` VALUES ('1295', '2018-05-11', 648, 29, 262, 14, '2018-01-25 06:38:19', '2019-09-09 12:12:12');
INSERT INTO `statistics_daily` VALUES ('1296', '2018-05-12', 648, 29, 262, 14, '2018-01-25 06:38:19', '2019-09-09 12:12:12');
INSERT INTO `statistics_daily` VALUES ('1297', '2018-05-13', 649, 29, 262, 14, '2018-01-25 06:38:19', '2019-09-09 12:12:12');
INSERT INTO `statistics_daily` VALUES ('1298', '2018-05-14', 649, 29, 263, 14, '2018-01-25 06:38:19', '2019-09-09 12:12:12');
INSERT INTO `statistics_daily` VALUES ('1299', '2018-05-15', 5, 29, 263, 14, '2018-01-25 06:38:19', '2019-09-09 12:12:12');
INSERT INTO `statistics_daily` VALUES ('1300', '2018-05-16', 650, 29, 263, 14, '2018-01-25 06:38:19', '2019-09-09 12:12:12');
INSERT INTO `statistics_daily` VALUES ('1301', '2018-05-17', 651, 29, 263, 14, '2018-01-25 06:38:19', '2019-09-09 12:12:12');
INSERT INTO `statistics_daily` VALUES ('1302', '2018-05-18', 651, 29, 263, 14, '2018-01-25 06:38:19', '2019-09-09 12:12:12');
INSERT INTO `statistics_daily` VALUES ('1303', '2018-05-19', 652, 29, 264, 14, '2018-01-25 06:38:19', '2019-09-09 12:12:12');
INSERT INTO `statistics_daily` VALUES ('1304', '2018-05-20', 652, 29, 264, 14, '2018-01-25 06:38:19', '2019-09-09 12:12:12');
INSERT INTO `statistics_daily` VALUES ('1305', '2018-05-21', 653, 29, 264, 14, '2018-01-25 06:38:19', '2019-09-09 12:12:12');
INSERT INTO `statistics_daily` VALUES ('1306', '2018-05-22', 1, 29, 264, 14, '2018-01-25 06:38:19', '2019-09-09 12:12:12');
INSERT INTO `statistics_daily` VALUES ('1307', '2018-05-23', 654, 29, 264, 14, '2018-01-25 06:38:19', '2019-09-09 12:12:12');
INSERT INTO `statistics_daily` VALUES ('1308', '2018-05-24', 654, 29, 265, 14, '2018-01-25 06:38:19', '2019-09-09 12:12:12');
INSERT INTO `statistics_daily` VALUES ('1309', '2018-05-25', 1, 29, 265, 14, '2018-01-25 06:38:19', '2019-09-09 12:12:12');
INSERT INTO `statistics_daily` VALUES ('1310', '2018-05-26', 655, 29, 265, 14, '2018-01-25 06:38:19', '2019-09-09 12:12:12');
INSERT INTO `statistics_daily` VALUES ('1311', '2018-05-27', 656, 29, 265, 14, '2018-01-25 06:38:19', '2019-09-09 12:12:12');
INSERT INTO `statistics_daily` VALUES ('1312', '2018-05-28', 656, 29, 265, 14, '2018-01-25 06:38:19', '2019-09-09 12:12:12');
INSERT INTO `statistics_daily` VALUES ('1313', '2018-05-29', 657, 29, 266, 14, '2018-01-25 06:38:19', '2019-09-09 12:12:12');
INSERT INTO `statistics_daily` VALUES ('1314', '2018-05-30', 657, 29, 266, 14, '2018-01-25 06:38:19', '2019-09-09 12:12:12');
INSERT INTO `statistics_daily` VALUES ('1315', '2018-05-31', 658, 29, 266, 14, '2018-01-25 06:38:19', '2019-09-09 12:12:12');
INSERT INTO `statistics_daily` VALUES ('1316', '2018-06-01', 658, 29, 266, 14, '2018-01-25 06:38:19', '2019-09-09 12:12:12');
INSERT INTO `statistics_daily` VALUES ('1317', '2018-06-02', 659, 29, 266, 14, '2018-01-25 06:38:19', '2019-09-09 12:12:12');
INSERT INTO `statistics_daily` VALUES ('1318', '2018-06-03', 659, 29, 267, 14, '2018-01-25 06:38:19', '2019-09-09 12:12:12');
INSERT INTO `statistics_daily` VALUES ('1319', '2018-06-04', 660, 29, 267, 14, '2018-01-25 06:38:19', '2019-09-09 12:12:12');
INSERT INTO `statistics_daily` VALUES ('1320', '2018-06-05', 660, 29, 267, 14, '2018-01-25 06:38:19', '2019-09-09 12:12:12');
INSERT INTO `statistics_daily` VALUES ('1321', '2018-06-06', 661, 29, 267, 14, '2018-01-25 06:38:19', '2019-09-09 12:12:12');
INSERT INTO `statistics_daily` VALUES ('1322', '2018-06-07', 661, 29, 267, 14, '2018-01-25 06:38:19', '2019-09-09 12:12:12');
INSERT INTO `statistics_daily` VALUES ('1323', '2018-06-08', 662, 29, 268, 14, '2018-01-25 06:38:19', '2019-09-09 12:12:12');
INSERT INTO `statistics_daily` VALUES ('1324', '2018-06-09', 662, 29, 268, 14, '2018-01-25 06:38:19', '2019-09-09 12:12:12');
INSERT INTO `statistics_daily` VALUES ('1325', '2018-06-10', 663, 30, 268, 14, '2018-01-25 06:38:19', '2019-09-09 12:12:12');
INSERT INTO `statistics_daily` VALUES ('1326', '2018-06-11', 663, 30, 268, 14, '2018-01-25 06:38:19', '2019-09-09 12:12:12');
INSERT INTO `statistics_daily` VALUES ('1327', '2018-06-12', 664, 30, 268, 14, '2018-01-25 06:38:19', '2019-09-09 12:12:12');
INSERT INTO `statistics_daily` VALUES ('1328', '2018-06-13', 664, 30, 269, 14, '2018-01-25 06:38:19', '2019-09-09 12:12:12');
INSERT INTO `statistics_daily` VALUES ('1329', '2018-06-14', 665, 30, 269, 14, '2018-01-25 06:38:19', '2019-09-09 12:12:12');
INSERT INTO `statistics_daily` VALUES ('1330', '2018-06-15', 665, 30, 269, 14, '2018-01-25 06:38:19', '2019-09-09 12:12:12');
INSERT INTO `statistics_daily` VALUES ('1331', '2018-06-16', 666, 30, 269, 14, '2018-01-25 06:38:19', '2019-09-09 12:12:12');
INSERT INTO `statistics_daily` VALUES ('1332', '2018-06-17', 666, 30, 269, 14, '2018-01-25 06:38:19', '2019-09-09 12:12:12');
INSERT INTO `statistics_daily` VALUES ('1333', '2018-06-18', 667, 30, 270, 14, '2018-01-25 06:38:19', '2019-09-09 12:12:12');
INSERT INTO `statistics_daily` VALUES ('1334', '2018-06-19', 667, 30, 270, 14, '2018-01-25 06:38:19', '2019-09-09 12:12:12');
INSERT INTO `statistics_daily` VALUES ('1335', '2018-06-20', 668, 30, 270, 14, '2018-01-25 06:38:19', '2019-09-09 12:12:12');
INSERT INTO `statistics_daily` VALUES ('1336', '2018-06-21', 668, 30, 270, 14, '2018-01-25 06:38:19', '2019-09-09 12:12:12');
INSERT INTO `statistics_daily` VALUES ('1337', '2018-06-22', 669, 30, 270, 14, '2018-01-25 06:38:19', '2019-09-09 12:12:12');
INSERT INTO `statistics_daily` VALUES ('1338', '2018-06-23', 669, 30, 271, 14, '2018-01-25 06:38:19', '2019-09-09 12:12:12');
INSERT INTO `statistics_daily` VALUES ('1339', '2018-06-24', 670, 30, 271, 14, '2018-01-25 06:38:19', '2019-09-09 12:12:12');
INSERT INTO `statistics_daily` VALUES ('1340', '2018-06-25', 670, 30, 271, 14, '2018-01-25 06:38:19', '2019-09-09 12:12:12');
INSERT INTO `statistics_daily` VALUES ('1341', '2018-06-26', 671, 30, 271, 14, '2018-01-25 06:38:19', '2019-09-09 12:12:12');
INSERT INTO `statistics_daily` VALUES ('1342', '2018-06-27', 671, 30, 271, 14, '2018-01-25 06:38:19', '2019-09-09 12:12:12');
INSERT INTO `statistics_daily` VALUES ('1343', '2018-06-28', 672, 30, 272, 14, '2018-01-25 06:38:19', '2019-09-09 12:12:12');
INSERT INTO `statistics_daily` VALUES ('1344', '2018-06-29', 672, 30, 272, 14, '2018-01-25 06:38:19', '2019-09-09 12:12:12');
INSERT INTO `statistics_daily` VALUES ('1345', '2018-06-30', 673, 30, 272, 14, '2018-01-25 06:38:20', '2019-09-09 12:12:12');
INSERT INTO `statistics_daily` VALUES ('1346', '2018-07-01', 673, 30, 272, 14, '2018-01-25 06:38:20', '2019-09-09 12:12:12');
INSERT INTO `statistics_daily` VALUES ('1347', '2018-07-02', 674, 30, 272, 14, '2018-01-25 06:38:20', '2019-09-09 12:12:12');
INSERT INTO `statistics_daily` VALUES ('1348', '2018-07-03', 674, 30, 273, 14, '2018-01-25 06:38:20', '2019-09-09 12:12:12');
INSERT INTO `statistics_daily` VALUES ('1349', '2018-07-04', 675, 30, 273, 14, '2018-01-25 06:38:20', '2019-09-09 12:12:12');
INSERT INTO `statistics_daily` VALUES ('1350', '2018-07-05', 675, 30, 273, 14, '2018-01-25 06:38:20', '2019-09-09 12:12:12');
INSERT INTO `statistics_daily` VALUES ('1351', '2018-07-06', 676, 30, 273, 14, '2018-01-25 06:38:20', '2019-09-09 12:12:12');
INSERT INTO `statistics_daily` VALUES ('1352', '2018-07-07', 676, 30, 273, 14, '2018-01-25 06:38:20', '2019-09-09 12:12:12');
INSERT INTO `statistics_daily` VALUES ('1353', '2018-07-08', 677, 30, 274, 14, '2018-01-25 06:38:20', '2019-09-09 12:12:12');
INSERT INTO `statistics_daily` VALUES ('1354', '2018-07-09', 677, 30, 274, 14, '2018-01-25 06:38:20', '2019-09-09 12:12:12');
INSERT INTO `statistics_daily` VALUES ('1355', '2018-07-10', 678, 30, 274, 14, '2018-01-25 06:38:20', '2019-09-09 12:12:12');
INSERT INTO `statistics_daily` VALUES ('1356', '2018-07-11', 678, 30, 274, 14, '2018-01-25 06:38:20', '2019-09-09 12:12:12');
INSERT INTO `statistics_daily` VALUES ('1357', '2018-07-12', 679, 30, 274, 14, '2018-01-25 06:38:20', '2019-09-09 12:12:12');
INSERT INTO `statistics_daily` VALUES ('1358', '2018-07-13', 679, 30, 275, 14, '2018-01-25 06:38:20', '2019-09-09 12:12:12');
INSERT INTO `statistics_daily` VALUES ('1359', '2018-07-14', 680, 30, 275, 14, '2018-01-25 06:38:20', '2019-09-09 12:12:12');
INSERT INTO `statistics_daily` VALUES ('1360', '2018-07-15', 680, 30, 275, 14, '2018-01-25 06:38:20', '2019-09-09 12:12:12');
INSERT INTO `statistics_daily` VALUES ('1361', '2018-07-16', 681, 30, 275, 14, '2018-01-25 06:38:20', '2019-09-09 12:12:12');
INSERT INTO `statistics_daily` VALUES ('1362', '2018-07-17', 681, 30, 275, 14, '2018-01-25 06:38:20', '2019-09-09 12:12:12');
INSERT INTO `statistics_daily` VALUES ('1363', '2018-07-18', 682, 30, 276, 14, '2018-01-25 06:38:20', '2019-09-09 12:12:12');
INSERT INTO `statistics_daily` VALUES ('1364', '2018-07-19', 682, 30, 276, 14, '2018-01-25 06:38:20', '2019-09-09 12:12:12');
INSERT INTO `statistics_daily` VALUES ('1365', '2018-07-20', 683, 30, 276, 14, '2018-01-25 06:38:20', '2019-09-09 12:12:12');
INSERT INTO `statistics_daily` VALUES ('1366', '2018-07-21', 683, 30, 276, 14, '2018-01-25 06:38:20', '2019-09-09 12:12:12');
INSERT INTO `statistics_daily` VALUES ('1367', '2018-07-22', 684, 30, 276, 14, '2018-01-25 06:38:20', '2019-09-09 12:12:12');
INSERT INTO `statistics_daily` VALUES ('1368', '2018-07-23', 684, 30, 277, 14, '2018-01-25 06:38:20', '2019-09-09 12:12:12');
INSERT INTO `statistics_daily` VALUES ('1369', '2018-07-24', 685, 30, 277, 14, '2018-01-25 06:38:20', '2019-09-09 12:12:12');
INSERT INTO `statistics_daily` VALUES ('1370', '2018-07-25', 685, 30, 277, 14, '2018-01-25 06:38:20', '2019-09-09 12:12:12');
INSERT INTO `statistics_daily` VALUES ('1371', '2018-07-26', 686, 30, 277, 14, '2018-01-25 06:38:20', '2019-09-09 12:12:12');
INSERT INTO `statistics_daily` VALUES ('1372', '2018-07-27', 686, 30, 277, 14, '2018-01-25 06:38:20', '2019-09-09 12:12:12');
INSERT INTO `statistics_daily` VALUES ('1373', '2018-07-28', 687, 30, 278, 14, '2018-01-25 06:38:20', '2019-09-09 12:12:12');
INSERT INTO `statistics_daily` VALUES ('1374', '2018-07-29', 687, 30, 278, 14, '2018-01-25 06:38:20', '2019-09-09 12:12:12');
INSERT INTO `statistics_daily` VALUES ('1375', '2018-07-30', 688, 31, 278, 14, '2018-01-25 06:38:20', '2019-09-09 12:12:12');
INSERT INTO `statistics_daily` VALUES ('1376', '2018-07-31', 688, 31, 278, 14, '2018-01-25 06:38:20', '2019-09-09 12:12:12');
INSERT INTO `statistics_daily` VALUES ('1377', '2018-08-01', 689, 31, 278, 14, '2018-01-25 06:38:20', '2019-09-09 12:12:12');
INSERT INTO `statistics_daily` VALUES ('1378', '2018-08-02', 689, 31, 279, 14, '2018-01-25 06:38:20', '2019-09-09 12:12:12');
INSERT INTO `statistics_daily` VALUES ('1379', '2018-08-03', 690, 31, 279, 14, '2018-01-25 06:38:20', '2019-09-09 12:12:12');
INSERT INTO `statistics_daily` VALUES ('1380', '2018-08-04', 690, 31, 279, 14, '2018-01-25 06:38:20', '2019-09-09 12:12:12');
INSERT INTO `statistics_daily` VALUES ('1381', '2018-08-05', 691, 31, 279, 14, '2018-01-25 06:38:20', '2019-09-09 12:12:12');
INSERT INTO `statistics_daily` VALUES ('1382', '2018-08-06', 691, 31, 279, 14, '2018-01-25 06:38:20', '2019-09-09 12:12:12');
INSERT INTO `statistics_daily` VALUES ('1383', '2018-08-07', 692, 31, 280, 14, '2018-01-25 06:38:20', '2019-09-09 12:12:12');
INSERT INTO `statistics_daily` VALUES ('1384', '2018-08-08', 692, 31, 280, 14, '2018-01-25 06:38:20', '2019-09-09 12:12:12');
INSERT INTO `statistics_daily` VALUES ('1385', '2018-08-09', 1, 31, 280, 14, '2018-01-25 06:38:20', '2019-09-09 12:12:12');
INSERT INTO `statistics_daily` VALUES ('1386', '2018-08-10', 693, 31, 280, 14, '2018-01-25 06:38:20', '2019-09-09 12:12:12');
INSERT INTO `statistics_daily` VALUES ('1387', '2018-08-11', 694, 31, 280, 14, '2018-01-25 06:38:20', '2019-09-09 12:12:12');
INSERT INTO `statistics_daily` VALUES ('1388', '2018-08-12', 694, 31, 281, 14, '2018-01-25 06:38:20', '2019-09-09 12:12:12');
INSERT INTO `statistics_daily` VALUES ('1389', '2018-08-13', 695, 31, 281, 14, '2018-01-25 06:38:20', '2019-09-09 12:12:12');
INSERT INTO `statistics_daily` VALUES ('1390', '2018-08-14', 695, 31, 281, 14, '2018-01-25 06:38:20', '2019-09-09 12:12:12');
INSERT INTO `statistics_daily` VALUES ('1391', '2018-08-15', 696, 31, 281, 14, '2018-01-25 06:38:20', '2019-09-09 12:12:12');
INSERT INTO `statistics_daily` VALUES ('1392', '2018-08-16', 696, 31, 281, 14, '2018-01-25 06:38:20', '2019-09-09 12:12:12');
INSERT INTO `statistics_daily` VALUES ('1393', '2018-08-17', 697, 31, 282, 14, '2018-01-25 06:38:20', '2019-09-09 12:12:12');
INSERT INTO `statistics_daily` VALUES ('1394', '2018-08-18', 697, 31, 282, 14, '2018-01-25 06:38:20', '2019-09-09 12:12:12');
INSERT INTO `statistics_daily` VALUES ('1395', '2018-08-19', 698, 31, 282, 14, '2018-01-25 06:38:20', '2019-09-09 12:12:12');
INSERT INTO `statistics_daily` VALUES ('1396', '2018-08-20', 698, 31, 282, 14, '2018-01-25 06:38:20', '2019-09-09 12:12:12');
INSERT INTO `statistics_daily` VALUES ('1397', '2018-08-21', 699, 31, 282, 14, '2018-01-25 06:38:20', '2019-09-09 12:12:12');
INSERT INTO `statistics_daily` VALUES ('1398', '2018-08-22', 699, 31, 283, 14, '2018-01-25 06:38:20', '2019-09-09 12:12:12');
INSERT INTO `statistics_daily` VALUES ('1399', '2018-08-23', 700, 31, 283, 14, '2018-01-25 06:38:20', '2019-09-09 12:12:12');
INSERT INTO `statistics_daily` VALUES ('1400', '2018-08-24', 700, 31, 283, 14, '2018-01-25 06:38:20', '2019-09-09 12:12:12');
INSERT INTO `statistics_daily` VALUES ('1401', '2018-08-25', 701, 31, 283, 14, '2018-01-25 06:38:20', '2019-09-09 12:12:12');
INSERT INTO `statistics_daily` VALUES ('1402', '2018-08-26', 701, 31, 283, 14, '2018-01-25 06:38:20', '2019-09-09 12:12:12');
INSERT INTO `statistics_daily` VALUES ('1403', '2018-08-27', 702, 31, 284, 14, '2018-01-25 06:38:20', '2019-09-09 12:12:12');
INSERT INTO `statistics_daily` VALUES ('1404', '2018-08-28', 702, 31, 284, 14, '2018-01-25 06:38:20', '2019-09-09 12:12:12');
INSERT INTO `statistics_daily` VALUES ('1405', '2018-08-29', 703, 31, 284, 14, '2018-01-25 06:38:20', '2019-09-09 12:12:12');
INSERT INTO `statistics_daily` VALUES ('1406', '2018-08-30', 703, 31, 284, 14, '2018-01-25 06:38:20', '2019-09-09 12:12:12');
INSERT INTO `statistics_daily` VALUES ('1407', '2018-08-31', 704, 31, 284, 14, '2018-01-25 06:38:20', '2019-09-09 12:12:12');
INSERT INTO `statistics_daily` VALUES ('1408', '2018-09-01', 1, 31, 285, 14, '2018-01-25 06:38:20', '2019-09-09 12:12:12');
INSERT INTO `statistics_daily` VALUES ('1409', '2018-09-02', 705, 31, 285, 14, '2018-01-25 06:38:20', '2019-09-09 12:12:12');
INSERT INTO `statistics_daily` VALUES ('1410', '2018-09-03', 705, 31, 285, 14, '2018-01-25 06:38:20', '2019-09-09 12:12:12');
INSERT INTO `statistics_daily` VALUES ('1411', '2018-09-04', 706, 31, 285, 14, '2018-01-25 06:38:20', '2019-09-09 12:12:12');
INSERT INTO `statistics_daily` VALUES ('1412', '2018-09-05', 706, 31, 285, 14, '2018-01-25 06:38:20', '2019-09-09 12:12:12');
INSERT INTO `statistics_daily` VALUES ('1413', '2018-09-06', 707, 31, 286, 14, '2018-01-25 06:38:20', '2019-09-09 12:12:12');
INSERT INTO `statistics_daily` VALUES ('1414', '2018-09-07', 707, 31, 1, 14, '2018-01-25 06:38:20', '2019-09-09 12:12:12');
INSERT INTO `statistics_daily` VALUES ('1415', '2018-09-08', 708, 31, 1, 14, '2018-01-25 06:38:20', '2019-09-09 12:12:12');
INSERT INTO `statistics_daily` VALUES ('1416', '2018-09-09', 1, 31, 1, 14, '2018-01-25 06:38:20', '2019-09-09 12:12:12');
INSERT INTO `statistics_daily` VALUES ('1417', '2018-09-10', 1, 31, 2, 14, '2018-01-25 06:38:20', '2019-09-09 12:12:12');
INSERT INTO `statistics_daily` VALUES ('1418', '2018-09-11', 709, 31, 287, 14, '2018-01-25 06:38:20', '2019-09-09 12:12:12');
INSERT INTO `statistics_daily` VALUES ('1419', '2018-09-12', 710, 31, 287, 14, '2018-01-25 06:38:20', '2019-09-09 12:12:12');
INSERT INTO `statistics_daily` VALUES ('1420', '2018-09-13', 710, 31, 287, 14, '2018-01-25 06:38:20', '2019-09-09 12:12:12');
INSERT INTO `statistics_daily` VALUES ('1421', '2018-09-14', 711, 31, 287, 14, '2018-01-25 06:38:20', '2019-09-09 12:12:12');
INSERT INTO `statistics_daily` VALUES ('1422', '2018-09-15', 711, 31, 287, 14, '2018-01-25 06:38:20', '2019-09-09 12:12:12');
INSERT INTO `statistics_daily` VALUES ('1423', '2018-09-16', 712, 31, 288, 14, '2018-01-25 06:38:20', '2019-09-09 12:12:12');
INSERT INTO `statistics_daily` VALUES ('1424', '2018-09-17', 712, 31, 288, 14, '2018-01-25 06:38:20', '2019-09-09 12:12:12');
INSERT INTO `statistics_daily` VALUES ('1425', '2018-09-18', 713, 32, 288, 14, '2018-01-25 06:38:20', '2019-09-09 12:12:12');
INSERT INTO `statistics_daily` VALUES ('1426', '2018-09-19', 713, 32, 288, 14, '2018-01-25 06:38:20', '2019-09-09 12:12:12');
INSERT INTO `statistics_daily` VALUES ('1427', '2018-09-20', 714, 32, 288, 14, '2018-01-25 06:38:20', '2019-09-09 12:12:12');
INSERT INTO `statistics_daily` VALUES ('1428', '2018-09-21', 714, 32, 289, 14, '2018-01-25 06:38:20', '2019-09-09 12:12:12');
INSERT INTO `statistics_daily` VALUES ('1429', '2018-09-22', 715, 32, 289, 14, '2018-01-25 06:38:20', '2019-09-09 12:12:12');
INSERT INTO `statistics_daily` VALUES ('1430', '2018-09-23', 715, 32, 289, 14, '2018-01-25 06:38:20', '2019-09-09 12:12:12');
INSERT INTO `statistics_daily` VALUES ('1431', '2018-09-24', 716, 32, 1, 14, '2018-01-25 06:38:20', '2019-09-09 12:12:12');
INSERT INTO `statistics_daily` VALUES ('1432', '2018-09-25', 716, 32, 289, 14, '2018-01-25 06:38:20', '2019-09-09 12:12:12');
INSERT INTO `statistics_daily` VALUES ('1433', '2018-09-26', 717, 32, 290, 14, '2018-01-25 06:38:20', '2019-09-09 12:12:12');
INSERT INTO `statistics_daily` VALUES ('1434', '2018-09-27', 717, 32, 290, 14, '2018-01-25 06:38:20', '2019-09-09 12:12:12');
INSERT INTO `statistics_daily` VALUES ('1435', '2018-09-28', 718, 32, 290, 14, '2018-01-25 06:38:20', '2019-09-09 12:12:12');
INSERT INTO `statistics_daily` VALUES ('1436', '2018-09-29', 718, 32, 1, 14, '2018-01-25 06:38:20', '2019-09-09 12:12:12');
INSERT INTO `statistics_daily` VALUES ('1437', '2018-09-30', 719, 32, 290, 14, '2018-01-25 06:38:20', '2019-09-09 12:12:12');
INSERT INTO `statistics_daily` VALUES ('1438', '2018-10-01', 719, 32, 291, 14, '2018-01-25 06:38:20', '2019-09-09 12:12:12');
INSERT INTO `statistics_daily` VALUES ('1439', '2018-10-02', 720, 32, 291, 14, '2018-01-25 06:38:20', '2019-09-09 12:12:12');
INSERT INTO `statistics_daily` VALUES ('1440', '2018-10-03', 720, 32, 291, 14, '2018-01-25 06:38:20', '2019-09-09 12:12:12');
INSERT INTO `statistics_daily` VALUES ('1441', '2018-10-04', 721, 32, 291, 14, '2018-01-25 06:38:20', '2019-09-09 12:12:12');
INSERT INTO `statistics_daily` VALUES ('1442', '2018-10-05', 721, 32, 291, 14, '2018-01-25 06:38:20', '2019-09-09 12:12:12');
INSERT INTO `statistics_daily` VALUES ('1443', '2018-10-06', 722, 32, 292, 14, '2018-01-25 06:38:20', '2019-09-09 12:12:12');
INSERT INTO `statistics_daily` VALUES ('1444', '2018-10-07', 722, 32, 292, 14, '2018-01-25 06:38:20', '2019-09-09 12:12:12');
INSERT INTO `statistics_daily` VALUES ('1445', '2018-10-08', 1, 32, 292, 14, '2018-01-25 06:38:20', '2019-09-09 12:12:12');
INSERT INTO `statistics_daily` VALUES ('1446', '2018-10-09', 723, 32, 292, 14, '2018-01-25 06:38:20', '2019-09-09 12:12:12');
INSERT INTO `statistics_daily` VALUES ('1447', '2018-10-10', 724, 32, 292, 14, '2018-01-25 06:38:20', '2019-09-09 12:12:12');
INSERT INTO `statistics_daily` VALUES ('1448', '2018-10-11', 724, 32, 293, 14, '2018-01-25 06:38:20', '2019-09-09 12:12:12');
INSERT INTO `statistics_daily` VALUES ('1449', '2018-10-12', 725, 32, 293, 14, '2018-01-25 06:38:20', '2019-09-09 12:12:12');
INSERT INTO `statistics_daily` VALUES ('1450', '2018-10-13', 725, 32, 293, 14, '2018-01-25 06:38:20', '2019-09-09 12:12:12');
INSERT INTO `statistics_daily` VALUES ('1451', '2018-10-14', 726, 32, 4, 14, '2018-01-25 06:38:20', '2019-09-09 12:12:12');
INSERT INTO `statistics_daily` VALUES ('1452', '2018-10-15', 726, 32, 293, 14, '2018-01-25 06:38:20', '2019-09-09 12:12:12');
INSERT INTO `statistics_daily` VALUES ('1453', '2018-10-16', 727, 32, 294, 14, '2018-01-25 06:38:20', '2019-09-09 12:12:12');
INSERT INTO `statistics_daily` VALUES ('1454', '2018-10-17', 727, 32, 294, 14, '2018-01-25 06:38:20', '2019-09-09 12:12:12');
INSERT INTO `statistics_daily` VALUES ('1455', '2018-10-18', 728, 32, 294, 14, '2018-01-25 06:38:20', '2019-09-09 12:12:12');
INSERT INTO `statistics_daily` VALUES ('1456', '2018-10-19', 728, 32, 294, 14, '2018-01-25 06:38:20', '2019-09-09 12:12:12');
INSERT INTO `statistics_daily` VALUES ('1457', '2018-10-20', 729, 32, 294, 14, '2018-01-25 06:38:20', '2019-09-09 12:12:12');
INSERT INTO `statistics_daily` VALUES ('1458', '2018-10-21', 729, 32, 295, 14, '2018-01-25 06:38:20', '2019-09-09 12:12:12');
INSERT INTO `statistics_daily` VALUES ('1459', '2018-10-22', 730, 32, 1, 14, '2018-01-25 06:38:20', '2019-09-09 12:12:12');
INSERT INTO `statistics_daily` VALUES ('1460', '2018-10-23', 730, 32, 295, 14, '2018-01-25 06:38:20', '2019-09-09 12:12:12');
INSERT INTO `statistics_daily` VALUES ('1461', '2018-10-24', 731, 32, 295, 14, '2018-01-25 06:38:20', '2019-09-09 12:12:12');
INSERT INTO `statistics_daily` VALUES ('1462', '2018-10-25', 731, 32, 295, 14, '2018-01-25 06:38:20', '2019-09-09 12:12:12');
INSERT INTO `statistics_daily` VALUES ('1463', '2018-10-26', 732, 32, 296, 14, '2018-01-25 06:38:20', '2019-09-09 12:12:12');
INSERT INTO `statistics_daily` VALUES ('1464', '2018-10-27', 732, 32, 296, 14, '2018-01-25 06:38:20', '2019-09-09 12:12:12');
INSERT INTO `statistics_daily` VALUES ('1465', '2018-10-28', 733, 32, 296, 14, '2018-01-25 06:38:20', '2019-09-09 12:12:12');
INSERT INTO `statistics_daily` VALUES ('1466', '2018-10-29', 2, 32, 3, 14, '2018-01-25 06:38:20', '2019-09-09 12:12:12');
INSERT INTO `statistics_daily` VALUES ('1467', '2018-10-30', 734, 32, 296, 14, '2018-01-25 06:38:20', '2019-09-09 12:12:12');
INSERT INTO `statistics_daily` VALUES ('1468', '2018-10-31', 734, 32, 297, 14, '2018-01-25 06:38:20', '2019-09-09 12:12:12');
INSERT INTO `statistics_daily` VALUES ('1469', '2018-11-01', 735, 32, 297, 14, '2018-01-25 06:38:20', '2019-09-09 12:12:12');
INSERT INTO `statistics_daily` VALUES ('1470', '2018-11-02', 735, 32, 297, 14, '2018-01-25 06:38:20', '2019-09-09 12:12:12');
INSERT INTO `statistics_daily` VALUES ('1471', '2018-11-03', 1, 32, 297, 14, '2018-01-25 06:38:20', '2019-09-09 12:12:12');
INSERT INTO `statistics_daily` VALUES ('1472', '2018-11-04', 736, 32, 1, 14, '2018-01-25 06:38:20', '2019-09-09 12:12:12');
INSERT INTO `statistics_daily` VALUES ('1473', '2018-11-05', 737, 32, 298, 14, '2018-01-25 06:38:20', '2019-09-09 12:12:12');
INSERT INTO `statistics_daily` VALUES ('1474', '2018-11-06', 737, 32, 298, 14, '2018-01-25 06:38:20', '2019-09-09 12:12:12');
INSERT INTO `statistics_daily` VALUES ('1475', '2018-11-07', 738, 33, 298, 14, '2018-01-25 06:38:20', '2019-09-09 12:12:12');
INSERT INTO `statistics_daily` VALUES ('1476', '2018-11-08', 738, 33, 169, 14, '2018-01-25 06:38:20', '2019-09-09 12:12:12');
INSERT INTO `statistics_daily` VALUES ('1477', '2018-11-09', 1, 33, 298, 14, '2018-01-25 06:38:20', '2019-09-09 12:12:12');
INSERT INTO `statistics_daily` VALUES ('1478', '2018-11-10', 739, 33, 78, 14, '2018-01-25 06:38:20', '2019-09-09 12:12:12');
INSERT INTO `statistics_daily` VALUES ('1479', '2018-11-11', 740, 33, 299, 14, '2018-01-25 06:38:20', '2019-09-09 12:12:12');
INSERT INTO `statistics_daily` VALUES ('1480', '2018-11-12', 740, 33, 299, 14, '2018-01-25 06:38:20', '2019-09-09 12:12:12');
INSERT INTO `statistics_daily` VALUES ('1481', '2018-11-13', 741, 33, 299, 14, '2018-01-25 06:38:20', '2019-09-09 12:12:12');
INSERT INTO `statistics_daily` VALUES ('1482', '2018-11-14', 741, 33, 299, 14, '2018-01-25 06:38:20', '2019-09-09 12:12:12');
INSERT INTO `statistics_daily` VALUES ('1483', '2018-11-15', 742, 33, 300, 14, '2018-01-25 06:38:20', '2019-09-09 12:12:12');
INSERT INTO `statistics_daily` VALUES ('1484', '2018-11-16', 742, 33, 35, 14, '2018-01-25 06:38:20', '2019-09-09 12:12:12');
INSERT INTO `statistics_daily` VALUES ('1485', '2018-11-17', 743, 33, 300, 14, '2018-01-25 06:38:20', '2019-09-09 12:12:12');
INSERT INTO `statistics_daily` VALUES ('1486', '2018-11-18', 743, 33, 300, 14, '2018-01-25 06:38:20', '2019-09-09 12:12:12');
INSERT INTO `statistics_daily` VALUES ('1487', '2018-11-19', 744, 33, 300, 14, '2018-01-25 06:38:20', '2019-09-09 12:12:12');
INSERT INTO `statistics_daily` VALUES ('1488', '2018-11-20', 744, 33, 301, 14, '2018-01-25 06:38:20', '2019-09-09 12:12:12');
INSERT INTO `statistics_daily` VALUES ('1489', '2018-11-21', 745, 33, 234, 14, '2018-01-25 06:38:20', '2019-09-09 12:12:12');
INSERT INTO `statistics_daily` VALUES ('1490', '2018-11-22', 456, 33, 301, 14, '2018-01-25 06:38:20', '2019-09-09 12:12:12');
INSERT INTO `statistics_daily` VALUES ('1491', '2018-11-23', 746, 33, 301, 14, '2018-01-25 06:38:20', '2019-09-09 12:12:12');
INSERT INTO `statistics_daily` VALUES ('1492', '2018-11-24', 746, 33, 301, 14, '2018-01-25 06:38:20', '2019-09-09 12:12:12');
INSERT INTO `statistics_daily` VALUES ('1493', '2018-11-25', 747, 33, 302, 14, '2018-01-25 06:38:20', '2019-09-09 12:12:12');
INSERT INTO `statistics_daily` VALUES ('1494', '2018-11-26', 747, 4, 302, 14, '2018-01-25 06:38:20', '2019-09-09 12:12:12');
INSERT INTO `statistics_daily` VALUES ('1495', '2018-11-27', 748, 33, 302, 14, '2018-01-25 06:38:20', '2019-09-09 12:12:12');
INSERT INTO `statistics_daily` VALUES ('1496', '2018-11-28', 748, 33, 36, 14, '2018-01-25 06:38:20', '2019-09-09 12:12:12');
INSERT INTO `statistics_daily` VALUES ('1497', '2018-11-29', 749, 33, 302, 2, '2018-01-25 06:38:20', '2019-09-09 12:12:12');
INSERT INTO `statistics_daily` VALUES ('1498', '2018-11-30', 749, 3, 303, 14, '2018-01-25 06:38:20', '2019-09-09 12:12:12');
INSERT INTO `statistics_daily` VALUES ('1499', '2018-12-01', 750, 33, 303, 14, '2018-01-25 06:38:20', '2019-09-09 12:12:12');
INSERT INTO `statistics_daily` VALUES ('1500', '2018-12-02', 234, 33, 303, 14, '2018-01-25 06:38:20', '2019-09-09 12:12:12');
INSERT INTO `statistics_daily` VALUES ('1501', '2018-12-03', 751, 33, 303, 14, '2018-01-25 06:38:20', '2019-09-09 12:12:12');
INSERT INTO `statistics_daily` VALUES ('1502', '2018-12-04', 751, 33, 303, 14, '2018-01-25 06:38:20', '2019-09-09 12:12:12');
INSERT INTO `statistics_daily` VALUES ('1503', '2018-12-05', 752, 6, 304, 33, '2018-01-25 06:38:20', '2019-09-09 12:12:12');
INSERT INTO `statistics_daily` VALUES ('1505', '2018-12-07', 753, 33, 55, 14, '2018-01-25 06:38:20', '2019-09-09 12:12:12');
INSERT INTO `statistics_daily` VALUES ('1506', '2018-12-08', 753, 33, 304, 14, '2018-01-25 06:38:20', '2019-09-09 12:12:12');
INSERT INTO `statistics_daily` VALUES ('1507', '2018-12-09', 754, 33, 304, 14, '2018-01-25 06:38:20', '2019-09-09 12:12:12');
INSERT INTO `statistics_daily` VALUES ('1508', '2018-12-10', 754, 1, 305, 14, '2018-01-25 06:38:20', '2019-09-09 12:12:12');
INSERT INTO `statistics_daily` VALUES ('1509', '2018-12-11', 755, 33, 305, 14, '2018-01-25 06:38:20', '2019-09-09 12:12:12');
INSERT INTO `statistics_daily` VALUES ('1510', '2018-12-12', 755, 33, 305, 14, '2018-01-25 06:38:20', '2019-09-09 12:12:12');
INSERT INTO `statistics_daily` VALUES ('1511', '2018-12-13', 756, 33, 305, 14, '2018-01-25 06:38:20', '2019-09-09 12:12:12');
INSERT INTO `statistics_daily` VALUES ('1512', '2018-12-14', 366, 33, 305, 14, '2018-01-25 06:38:20', '2019-09-09 12:12:12');
INSERT INTO `statistics_daily` VALUES ('1513', '2018-12-15', 757, 33, 66, 14, '2018-01-25 06:38:20', '2019-09-09 12:12:12');
INSERT INTO `statistics_daily` VALUES ('1514', '2018-12-16', 757, 33, 306, 14, '2018-01-25 06:38:20', '2019-09-09 12:12:12');
INSERT INTO `statistics_daily` VALUES ('1515', '2018-12-17', 758, 33, 306, 14, '2018-01-25 06:38:20', '2019-09-09 12:12:12');
INSERT INTO `statistics_daily` VALUES ('1516', '2018-12-18', 758, 2, 306, 14, '2018-01-25 06:38:20', '2019-09-09 12:12:12');
INSERT INTO `statistics_daily` VALUES ('1517', '2018-12-19', 759, 33, 306, 14, '2018-01-25 06:38:20', '2019-09-09 12:12:12');
INSERT INTO `statistics_daily` VALUES ('1518', '2018-12-20', 564, 33, 307, 14, '2018-01-25 06:38:20', '2019-09-09 12:12:12');
INSERT INTO `statistics_daily` VALUES ('1519', '2018-12-21', 760, 33, 307, 14, '2018-01-25 06:38:20', '2019-09-09 12:12:12');
INSERT INTO `statistics_daily` VALUES ('1520', '2018-12-22', 760, 33, 307, 14, '2018-01-25 06:38:20', '2019-09-09 12:12:12');
INSERT INTO `statistics_daily` VALUES ('1521', '2018-12-23', 761, 33, 307, 14, '2018-01-25 06:38:20', '2019-09-09 12:12:12');
INSERT INTO `statistics_daily` VALUES ('1522', '2018-12-24', 761, 33, 307, 14, '2018-01-25 06:38:20', '2019-09-09 12:12:12');
INSERT INTO `statistics_daily` VALUES ('1527', '2018-12-29', 764, 34, 308, 14, '2018-01-25 06:38:20', '2019-09-09 12:12:12');
INSERT INTO `statistics_daily` VALUES ('1528', '2018-12-30', 764, 34, 309, 14, '2018-01-25 06:38:20', '2019-09-09 12:12:12');
INSERT INTO `statistics_daily` VALUES ('1529', '2018-12-31', 765, 34, 309, 14, '2018-01-25 06:38:20', '2019-09-09 12:12:12');
INSERT INTO `statistics_daily` VALUES ('1554', '2018-01-01', 333, 34, 314, 14, '2018-02-02 08:58:31', '2019-09-09 12:12:12');
INSERT INTO `statistics_daily` VALUES ('1555', '2018-01-02', 778, 34, 314, 14, '2018-02-02 08:58:31', '2019-09-09 12:12:12');
INSERT INTO `statistics_daily` VALUES ('1556', '2018-01-03', 778, 34, 314, 14, '2018-02-02 08:58:31', '2019-09-09 12:12:12');
INSERT INTO `statistics_daily` VALUES ('1557', '2018-01-04', 779, 34, 314, 14, '2018-02-02 08:58:31', '2019-09-09 12:12:12');
INSERT INTO `statistics_daily` VALUES ('1558', '2018-01-05', 779, 34, 315, 14, '2018-02-02 08:58:31', '2019-09-09 12:12:12');
INSERT INTO `statistics_daily` VALUES ('1559', '2018-01-06', 780, 34, 315, 14, '2018-02-02 08:58:31', '2019-09-09 12:12:12');
INSERT INTO `statistics_daily` VALUES ('1560', '2018-01-07', 780, 34, 315, 14, '2018-02-02 08:58:31', '2019-09-09 12:12:12');
INSERT INTO `statistics_daily` VALUES ('1561', '2018-01-08', 781, 34, 315, 14, '2018-02-02 08:58:31', '2019-09-09 12:12:12');
INSERT INTO `statistics_daily` VALUES ('1562', '2018-01-09', 781, 34, 315, 14, '2018-02-02 08:58:31', '2019-09-09 12:12:12');
INSERT INTO `statistics_daily` VALUES ('1563', '2018-01-10', 782, 34, 316, 14, '2018-02-02 08:58:31', '2019-09-09 12:12:12');
INSERT INTO `statistics_daily` VALUES ('1564', '2018-01-11', 782, 34, 316, 14, '2018-02-02 08:58:31', '2019-09-09 12:12:12');
INSERT INTO `statistics_daily` VALUES ('1565', '2018-01-12', 783, 34, 316, 14, '2018-02-02 08:58:31', '2019-09-09 12:12:12');
INSERT INTO `statistics_daily` VALUES ('1566', '2018-01-13', 783, 34, 316, 14, '2018-02-02 08:58:31', '2019-09-09 12:12:12');
INSERT INTO `statistics_daily` VALUES ('1567', '2018-01-14', 784, 34, 316, 14, '2018-02-02 08:58:31', '2019-09-09 12:12:12');
INSERT INTO `statistics_daily` VALUES ('1568', '2018-01-15', 784, 34, 317, 14, '2018-02-02 08:58:31', '2019-09-09 12:12:12');
INSERT INTO `statistics_daily` VALUES ('1569', '2018-01-16', 23, 34, 317, 14, '2018-02-02 08:58:31', '2019-09-09 12:12:12');
INSERT INTO `statistics_daily` VALUES ('1570', '2018-01-17', 785, 34, 317, 14, '2018-02-02 08:58:31', '2019-09-09 12:12:12');
INSERT INTO `statistics_daily` VALUES ('1571', '2018-01-18', 786, 34, 317, 14, '2018-02-02 08:58:31', '2019-09-09 12:12:12');
INSERT INTO `statistics_daily` VALUES ('1572', '2018-01-19', 786, 34, 317, 14, '2018-02-02 08:58:31', '2019-09-09 12:12:12');
INSERT INTO `statistics_daily` VALUES ('1573', '2018-01-20', 787, 2, 318, 14, '2018-02-02 08:58:31', '2019-09-09 12:12:12');
INSERT INTO `statistics_daily` VALUES ('1574', '2018-01-21', 787, 2, 318, 14, '2018-02-02 08:58:31', '2019-09-09 12:12:12');
INSERT INTO `statistics_daily` VALUES ('1575', '2018-01-22', 788, 1, 318, 14, '2018-02-02 08:58:31', '2019-09-09 12:12:12');
INSERT INTO `statistics_daily` VALUES ('1576', '2018-01-23', 788, 35, 318, 14, '2018-02-02 08:58:31', '2019-09-09 12:12:12');
INSERT INTO `statistics_daily` VALUES ('1577', '2018-01-24', 789, 35, 318, 14, '2018-02-02 08:58:31', '2019-09-09 12:12:12');
INSERT INTO `statistics_daily` VALUES ('1578', '2018-01-25', 789, 1, 319, 14, '2018-02-02 08:58:31', '2019-09-09 12:12:12');
INSERT INTO `statistics_daily` VALUES ('1579', '2018-01-26', 790, 1, 319, 14, '2018-02-02 08:58:31', '2019-09-09 12:12:12');
INSERT INTO `statistics_daily` VALUES ('1580', '2018-01-27', 531, 2, 319, 14, '2018-02-02 08:58:31', '2019-09-09 12:12:12');
INSERT INTO `statistics_daily` VALUES ('1581', '2018-01-28', 791, 2, 319, 14, '2018-02-02 08:58:31', '2019-09-09 12:12:12');
INSERT INTO `statistics_daily` VALUES ('1582', '2018-01-29', 791, 2, 319, 14, '2018-02-02 08:58:31', '2019-09-09 12:12:12');
INSERT INTO `statistics_daily` VALUES ('1583', '2018-01-30', 2, 4, 2, 14, '2018-02-02 08:58:31', '2019-09-09 12:12:12');
INSERT INTO `statistics_daily` VALUES ('1584', '2018-01-31', 792, 35, 320, 14, '2018-02-02 08:58:31', '2019-09-09 12:12:12');
INSERT INTO `statistics_daily` VALUES ('1586', '2018-02-01', 793, 4, 3, 14, '2018-02-25 10:54:34', '2019-09-09 12:12:12');
INSERT INTO `statistics_daily` VALUES ('1587', '2018-02-02', 794, 2, 1, 14, '2018-02-25 10:54:34', '2019-09-09 12:12:12');
INSERT INTO `statistics_daily` VALUES ('1588', '2018-02-03', 794, 1, 4, 14, '2018-02-25 10:54:34', '2019-09-09 12:12:12');
INSERT INTO `statistics_daily` VALUES ('1589', '2018-02-04', 795, 35, 321, 14, '2018-02-25 10:54:34', '2019-09-09 12:12:12');
INSERT INTO `statistics_daily` VALUES ('1590', '2018-02-05', 795, 35, 321, 14, '2018-02-25 10:54:34', '2019-09-09 12:12:12');
INSERT INTO `statistics_daily` VALUES ('1591', '2018-02-06', 796, 35, 321, 14, '2018-02-25 10:54:34', '2019-09-09 12:12:12');
INSERT INTO `statistics_daily` VALUES ('1592', '2018-02-07', 796, 35, 321, 14, '2018-02-25 10:54:34', '2019-09-09 12:12:12');
INSERT INTO `statistics_daily` VALUES ('1593', '2018-02-08', 797, 35, 322, 14, '2018-02-25 10:54:34', '2019-09-09 12:12:12');
INSERT INTO `statistics_daily` VALUES ('1594', '2018-02-09', 797, 35, 322, 14, '2018-02-25 10:54:34', '2019-09-09 12:12:12');
INSERT INTO `statistics_daily` VALUES ('1595', '2018-02-10', 99, 35, 322, 14, '2018-02-25 10:54:34', '2019-09-09 12:12:12');
INSERT INTO `statistics_daily` VALUES ('1596', '2018-02-11', 798, 35, 322, 14, '2018-02-25 10:54:34', '2019-09-09 12:12:12');
INSERT INTO `statistics_daily` VALUES ('1597', '2018-02-12', 799, 35, 322, 14, '2018-02-25 10:54:34', '2019-09-09 12:12:12');
INSERT INTO `statistics_daily` VALUES ('1598', '2018-02-13', 799, 35, 323, 14, '2018-02-25 10:54:34', '2019-09-09 12:12:12');
INSERT INTO `statistics_daily` VALUES ('1599', '2018-02-14', 800, 35, 323, 14, '2018-02-25 10:54:34', '2019-09-09 12:12:12');
INSERT INTO `statistics_daily` VALUES ('1600', '2018-02-15', 800, 35, 323, 14, '2018-02-25 10:54:34', '2019-09-09 12:12:12');
INSERT INTO `statistics_daily` VALUES ('1601', '2018-02-16', 89, 35, 90, 14, '2018-02-25 10:54:34', '2019-09-09 12:12:12');
INSERT INTO `statistics_daily` VALUES ('1602', '2018-02-17', 801, 35, 323, 14, '2018-02-25 10:54:34', '2019-09-09 12:12:12');
INSERT INTO `statistics_daily` VALUES ('1603', '2018-02-18', 802, 23, 324, 14, '2018-02-25 10:54:34', '2019-09-09 12:12:12');
INSERT INTO `statistics_daily` VALUES ('1604', '2018-02-19', 802, 2, 324, 14, '2018-02-25 10:54:34', '2019-09-09 12:12:12');
INSERT INTO `statistics_daily` VALUES ('1605', '2018-02-20', 803, 56, 324, 14, '2018-02-25 10:54:34', '2019-09-09 12:12:12');
INSERT INTO `statistics_daily` VALUES ('1606', '2018-02-21', 45, 35, 89, 14, '2018-02-25 10:54:34', '2019-09-09 12:12:12');
INSERT INTO `statistics_daily` VALUES ('1607', '2018-02-22', 804, 35, 324, 14, '2018-02-25 10:54:34', '2019-09-09 12:12:12');
INSERT INTO `statistics_daily` VALUES ('1608', '2018-02-23', 804, 35, 325, 14, '2018-02-25 10:54:34', '2019-09-09 12:12:12');
INSERT INTO `statistics_daily` VALUES ('1609', '2018-02-24', 805, 1, 3, 14, '2018-02-25 10:54:34', '2019-09-09 12:12:12');
INSERT INTO `statistics_daily` VALUES ('1610', '2018-05-15', 0, 0, 0, 7, '2018-05-16 00:25:27', '2019-09-09 12:12:12');
INSERT INTO `statistics_daily` VALUES ('1611', '2018-10-01', 0, 0, 0, 7, '2018-10-24 16:17:15', '2019-09-09 12:12:12');
INSERT INTO `statistics_daily` VALUES ('1612', '2018-10-02', 0, 0, 0, 7, '2018-10-24 16:17:15', '2019-09-09 12:12:12');
INSERT INTO `statistics_daily` VALUES ('1613', '2018-10-03', 0, 0, 0, 7, '2018-10-24 16:17:15', '2019-09-09 12:12:12');
INSERT INTO `statistics_daily` VALUES ('1614', '2018-10-04', 0, 0, 0, 7, '2018-10-24 16:17:15', '2019-09-09 12:12:12');
INSERT INTO `statistics_daily` VALUES ('1615', '2018-10-05', 0, 0, 0, 7, '2018-10-24 16:17:15', '2019-09-09 12:12:12');

-- ----------------------------
-- Table structure for t_order
-- ----------------------------
DROP TABLE IF EXISTS `t_order`;
CREATE TABLE `t_order`  (
  `id` char(19) CHARACTER SET utf8mb4 COLLATE utf8mb4_general_ci NOT NULL DEFAULT '',
  `order_no` varchar(20) CHARACTER SET utf8mb4 COLLATE utf8mb4_general_ci NOT NULL DEFAULT '' COMMENT '订单号',
  `course_id` varchar(19) CHARACTER SET utf8mb4 COLLATE utf8mb4_general_ci NOT NULL DEFAULT '' COMMENT '课程id',
  `course_title` varchar(100) CHARACTER SET utf8mb4 COLLATE utf8mb4_general_ci NULL DEFAULT NULL COMMENT '课程名称',
  `course_cover` varchar(255) CHARACTER SET utf8mb4 COLLATE utf8mb4_general_ci NULL DEFAULT NULL COMMENT '课程封面',
  `teacher_name` varchar(20) CHARACTER SET utf8mb4 COLLATE utf8mb4_general_ci NULL DEFAULT NULL COMMENT '讲师名称',
  `member_id` varchar(19) CHARACTER SET utf8mb4 COLLATE utf8mb4_general_ci NOT NULL DEFAULT '' COMMENT '会员id',
  `nickname` varchar(50) CHARACTER SET utf8mb4 COLLATE utf8mb4_general_ci NULL DEFAULT NULL COMMENT '会员昵称',
  `mobile` varchar(11) CHARACTER SET utf8mb4 COLLATE utf8mb4_general_ci NULL DEFAULT NULL COMMENT '会员手机',
  `total_fee` decimal(10, 2) NULL DEFAULT 0.01 COMMENT '订单金额（分）',
  `pay_type` tinyint(3) NULL DEFAULT NULL COMMENT '支付类型（1：微信 2：支付宝）',
  `status` tinyint(3) NULL DEFAULT NULL COMMENT '订单状态（0：未支付 1：已支付）',
  `is_deleted` tinyint(1) UNSIGNED NOT NULL DEFAULT 0 COMMENT '逻辑删除 1（true）已删除， 0（false）未删除',
  `gmt_create` datetime(0) NOT NULL COMMENT '创建时间',
  `gmt_modified` datetime(0) NOT NULL COMMENT '更新时间',
  PRIMARY KEY (`id`) USING BTREE,
  UNIQUE INDEX `ux_order_no`(`order_no`) USING BTREE,
  INDEX `idx_course_id`(`course_id`) USING BTREE,
  INDEX `idx_member_id`(`member_id`) USING BTREE
) ENGINE = InnoDB CHARACTER SET = utf8mb4 COLLATE = utf8mb4_general_ci COMMENT = '订单' ROW_FORMAT = Dynamic;

-- ----------------------------
-- Records of t_order
-- ----------------------------
INSERT INTO `t_order` VALUES ('1195693605513891841', '1195693605555834880', '18', 'Java精品课程', 'http://guli-file.oss-cn-beijing.aliyuncs.com/cover/2019/03/06/866e9aca-b530-4f71-a690-72d4a4bfd1e7.jpg', '晴天', '1', '小三1231', '13700000001', 1.00, NULL, 0, 0, '2019-11-16 21:22:25', '2019-11-16 21:22:25');
INSERT INTO `t_order` VALUES ('1195694200178118657', '1195694200186507264', '18', 'Java精品课程', 'http://guli-file.oss-cn-beijing.aliyuncs.com/cover/2019/03/06/866e9aca-b530-4f71-a690-72d4a4bfd1e7.jpg', '晴天', '1', '小三1231', '13700000001', 1.00, NULL, 0, 0, '2019-11-16 21:24:47', '2019-11-16 21:24:47');
INSERT INTO `t_order` VALUES ('1196264007411744769', '1196264005255872512', '1192252213659774977', 'java基础课程：test', 'https://guli-file-190513.oss-cn-beijing.aliyuncs.com/cover/default.gif', '晴天', '1303581050760429570', '文田哥', '13700000001', 1.00, NULL, 1, 0, '2019-11-18 11:09:00', '2019-11-18 11:10:14');
INSERT INTO `t_order` VALUES ('1196265495278174209', '1196265495273979904', '18', 'Java精品课程', 'http://guli-file.oss-cn-beijing.aliyuncs.com/cover/2019/03/06/866e9aca-b530-4f71-a690-72d4a4bfd1e7.jpg', '晴天', '1', '小三1231', '13700000001', 1.00, NULL, 0, 0, '2019-11-18 11:14:54', '2019-11-18 11:14:54');
INSERT INTO `t_order` VALUES ('1300371704903753730', '20200831175548546', '1192252213659774977', 'java基础课程：test', 'https://guli-file-190513.oss-cn-beijing.aliyuncs.com/cover/default.gif', '晴天', '1300371080648597505', '别问', '', 0.01, 1, 0, 0, '2020-08-31 17:55:49', '2020-08-31 17:55:49');
INSERT INTO `t_order` VALUES ('1303581574306062338', '20200909143040396', '1192252213659774977', 'java基础课程：test', 'https://guli-file-190513.oss-cn-beijing.aliyuncs.com/cover/default.gif', '晴天', '1303581050760429570', '文田哥', '17681102178', 0.01, 1, 0, 0, '2020-09-09 14:30:41', '2020-09-09 14:30:41');
INSERT INTO `t_order` VALUES ('1309318417534255106', '20200925102649839', '1192252213659774977', 'java基础课程：test', 'https://guli-file-190513.oss-cn-beijing.aliyuncs.com/cover/default.gif', '晴天', '1303581050760429570', '文田哥', '17681102178', 0.01, 1, 0, 0, '2020-09-25 10:26:51', '2020-09-25 10:26:51');

-- ----------------------------
-- Table structure for t_pay_log
-- ----------------------------
DROP TABLE IF EXISTS `t_pay_log`;
CREATE TABLE `t_pay_log`  (
  `id` char(19) CHARACTER SET utf8mb4 COLLATE utf8mb4_general_ci NOT NULL DEFAULT '',
  `order_no` varchar(20) CHARACTER SET utf8mb4 COLLATE utf8mb4_general_ci NOT NULL DEFAULT '' COMMENT '订单号',
  `pay_time` datetime(0) NULL DEFAULT NULL COMMENT '支付完成时间',
  `total_fee` decimal(10, 2) NULL DEFAULT 0.01 COMMENT '支付金额（分）',
  `transaction_id` varchar(30) CHARACTER SET utf8mb4 COLLATE utf8mb4_general_ci NULL DEFAULT NULL COMMENT '交易流水号',
  `trade_state` char(20) CHARACTER SET utf8mb4 COLLATE utf8mb4_general_ci NULL DEFAULT NULL COMMENT '交易状态',
  `pay_type` tinyint(3) NOT NULL DEFAULT 0 COMMENT '支付类型（1：微信 2：支付宝）',
  `attr` text CHARACTER SET utf8mb4 COLLATE utf8mb4_general_ci NULL COMMENT '其他属性',
  `is_deleted` tinyint(1) UNSIGNED NOT NULL DEFAULT 0 COMMENT '逻辑删除 1（true）已删除， 0（false）未删除',
  `gmt_create` datetime(0) NOT NULL COMMENT '创建时间',
  `gmt_modified` datetime(0) NOT NULL COMMENT '更新时间',
  PRIMARY KEY (`id`) USING BTREE,
  UNIQUE INDEX `uk_order_no`(`order_no`) USING BTREE
) ENGINE = InnoDB CHARACTER SET = utf8mb4 COLLATE = utf8mb4_general_ci COMMENT = '支付日志表' ROW_FORMAT = Dynamic;

-- ----------------------------
-- Records of t_pay_log
-- ----------------------------
INSERT INTO `t_pay_log` VALUES ('1194498446013001730', '1194498300579704832', '2019-11-13 14:13:17', 1.00, '4200000469201911130676624386', 'SUCCESS', 1, '{\"transaction_id\":\"4200000469201911130676624386\",\"nonce_str\":\"2Lc23ILl231It53M\",\"trade_state\":\"SUCCESS\",\"bank_type\":\"CFT\",\"openid\":\"oNpSGwR-QGG5DaZtDkh2UZlsFDQE\",\"sign\":\"5404850AA3ED0E844DE104651477F07A\",\"return_msg\":\"OK\",\"fee_type\":\"CNY\",\"mch_id\":\"1473426802\",\"cash_fee\":\"1\",\"out_trade_no\":\"1194498300579704832\",\"cash_fee_type\":\"CNY\",\"appid\":\"wx8397f8696b538317\",\"total_fee\":\"1\",\"trade_state_desc\":\"支付成功\",\"trade_type\":\"NATIVE\",\"result_code\":\"SUCCESS\",\"attach\":\"\",\"time_end\":\"20191113141314\",\"is_subscribe\":\"N\",\"return_code\":\"SUCCESS\"}', 0, '2019-11-13 14:13:17', '2019-11-13 14:13:17');
INSERT INTO `t_pay_log` VALUES ('1195253787449430017', '1195253049260314624', '2019-11-15 16:14:44', 1.00, '4200000454201911150981874895', 'SUCCESS', 1, '{\"transaction_id\":\"4200000454201911150981874895\",\"nonce_str\":\"MAM5UM4Xhv1lItvO\",\"trade_state\":\"SUCCESS\",\"bank_type\":\"CFT\",\"openid\":\"oNpSGwR-QGG5DaZtDkh2UZlsFDQE\",\"sign\":\"7DBDCAF4A078B30BB3EF073E6A238C20\",\"return_msg\":\"OK\",\"fee_type\":\"CNY\",\"mch_id\":\"1473426802\",\"cash_fee\":\"1\",\"out_trade_no\":\"1195253049260314624\",\"cash_fee_type\":\"CNY\",\"appid\":\"wx8397f8696b538317\",\"total_fee\":\"1\",\"trade_state_desc\":\"支付成功\",\"trade_type\":\"NATIVE\",\"result_code\":\"SUCCESS\",\"attach\":\"\",\"time_end\":\"20191115161440\",\"is_subscribe\":\"N\",\"return_code\":\"SUCCESS\"}', 0, '2019-11-15 16:14:44', '2019-11-15 16:14:44');
INSERT INTO `t_pay_log` VALUES ('1196264321397342210', '1196264005255872512', '2019-11-18 11:10:14', 1.00, '4200000453201911184025781554', 'SUCCESS', 1, '{\"transaction_id\":\"4200000453201911184025781554\",\"nonce_str\":\"D1dHexCLIFIxAAg2\",\"trade_state\":\"SUCCESS\",\"bank_type\":\"CFT\",\"openid\":\"oNpSGwR-QGG5DaZtDkh2UZlsFDQE\",\"sign\":\"C9F5CA1EE49EA7891736D73BEB423962\",\"return_msg\":\"OK\",\"fee_type\":\"CNY\",\"mch_id\":\"1473426802\",\"cash_fee\":\"1\",\"out_trade_no\":\"1196264005255872512\",\"cash_fee_type\":\"CNY\",\"appid\":\"wx8397f8696b538317\",\"total_fee\":\"1\",\"trade_state_desc\":\"支付成功\",\"trade_type\":\"NATIVE\",\"result_code\":\"SUCCESS\",\"attach\":\"\",\"time_end\":\"20191118111011\",\"is_subscribe\":\"N\",\"return_code\":\"SUCCESS\"}', 0, '2019-11-18 11:10:14', '2019-11-18 11:10:14');

-- ----------------------------
-- Table structure for ucenter_member
-- ----------------------------
DROP TABLE IF EXISTS `ucenter_member`;
CREATE TABLE `ucenter_member`  (
  `id` char(19) CHARACTER SET utf8mb4 COLLATE utf8mb4_general_ci NOT NULL COMMENT '会员id',
  `openid` varchar(128) CHARACTER SET utf8mb4 COLLATE utf8mb4_general_ci NULL DEFAULT NULL COMMENT '微信openid',
  `mobile` varchar(11) CHARACTER SET utf8mb4 COLLATE utf8mb4_general_ci NULL DEFAULT '' COMMENT '手机号',
  `password` varchar(255) CHARACTER SET utf8mb4 COLLATE utf8mb4_general_ci NULL DEFAULT NULL COMMENT '密码',
  `nickname` varchar(50) CHARACTER SET utf8mb4 COLLATE utf8mb4_general_ci NULL DEFAULT NULL COMMENT '昵称',
  `sex` tinyint(2) UNSIGNED NULL DEFAULT NULL COMMENT '性别 1 女，2 男',
  `age` tinyint(3) UNSIGNED NULL DEFAULT NULL COMMENT '年龄',
  `avatar` varchar(255) CHARACTER SET utf8mb4 COLLATE utf8mb4_general_ci NULL DEFAULT NULL COMMENT '用户头像',
  `sign` varchar(100) CHARACTER SET utf8mb4 COLLATE utf8mb4_general_ci NULL DEFAULT NULL COMMENT '用户签名',
  `is_disabled` tinyint(1) NOT NULL DEFAULT 0 COMMENT '是否禁用 1（true）已禁用，  0（false）未禁用',
  `is_deleted` tinyint(1) NOT NULL DEFAULT 0 COMMENT '逻辑删除 1（true）已删除， 0（false）未删除',
  `gmt_create` datetime(0) NOT NULL COMMENT '创建时间',
  `gmt_modified` datetime(0) NOT NULL COMMENT '更新时间',
  PRIMARY KEY (`id`) USING BTREE
) ENGINE = InnoDB CHARACTER SET = utf8mb4 COLLATE = utf8mb4_general_ci COMMENT = '会员表' ROW_FORMAT = Dynamic;

-- ----------------------------
-- Records of ucenter_member
-- ----------------------------
INSERT INTO `ucenter_member` VALUES ('1300371080648597505', 'o3_SC561i9gPU_LkJ7gI6gHh082Y', '', '', '别问', NULL, NULL, 'https://thirdwx.qlogo.cn/mmopen/vi_32/Q3auHgzwzM7Hu0MAFhDk1apyOfVfYo8G0Mrc234jdfDO5nddN1kWSicj3a0Hg1PnLQ2ia5yK5VHJvb5iavUKS8fbA/132', NULL, 0, 0, '2020-08-31 17:53:20', '2020-08-31 17:53:20');
INSERT INTO `ucenter_member` VALUES ('1303581050760429570', NULL, '17681102178', '$2a$10$nS4wZHPOmpugDoyelFAKv.Ww4GSkVhstTmXUNO0GOmDhFR53Y7UHW', '文田哥', NULL, NULL, 'https://ss1.bdstatic.com/70cFuXSh_Q1YnxGkpoWK1HF6hhy/it/u=1657400335,471730042&fm=26&gp=0.jpg', NULL, 0, 0, '2020-09-09 14:28:37', '2020-09-09 14:28:37');

SET FOREIGN_KEY_CHECKS = 1;
